nid,catalog_name,imported_libraries,imported_modules,images,symbol_kinds,relocation_referenced,relocation_count,acelogic_registered,acelogic_registration_count,acelogic_gen5_compatible,acelogic_export_name,acelogic_export_library,acelogic_target,acelogic_handler_type,acelogic_handler_method,acelogic_library_matches_import,source_file,source_line,source_method,source_classification,source_body_sha256
+4DegjBqV1g,sceNpGetAccountAge,libSceNpManager,libSceNpManager,eboot.bin,function,True,1,False,0,False,,,,,,False,,,,,
+6Xo+7GdUGM,_ZNK3sce2Np9CppWebApi30CommunicationRestrictionStatus2V338CommunicationRestrictionStatusResponse13getRestrictedEv,libSceNpCppWebApi,libSceNpCppWebApi,eboot.bin,function,True,1,False,0,False,,,,,,False,,,,,
+BzXYkqYeLE,scePthreadSetspecific,libkernel,libkernel,sce_module/libc.prx,function,True,1,True,1,True,scePthreadSetspecific,libKernel,"Gen4, Gen5",SharpEmu.Libs.Kernel.KernelPthreadExtendedCompatExports,OrbisPthreadSetspecific,True,src/SharpEmu.Libs/Kernel/KernelPthreadExtendedCompatExports.cs,1680,OrbisPthreadSetspecific,nontrivial_source_handler,1d99fcc5e3c3e34137462a97414826b49415fe3a5c83a300655ce6fda2ffb204
+DSNphhYdd4,_ZN3sce2Np9CppWebApi6Common12IntrusivePtrINS1_14SessionManager2V115LocalizedStringEEC1ERS7_,libSceNpCppWebApi,libSceNpCppWebApi,eboot.bin,function,True,1,False,0,False,,,,,,False,,,,,
+HWmt-AJocg,_ZN3sce2Np9CppWebApi11UserProfile2V110FriendsApi21ParameterToGetFriends9setfilterENS5_6FilterE,libSceNpCppWebApi,libSceNpCppWebApi,eboot.bin,function,True,1,False,0,False,,,,,,False,,,,,
+KDWny9Y-6k,sceContentExportTerm,libSceContentExport,libSceContentExport,eboot.bin,function,True,1,False,0,False,,,,,,False,,,,,
+P6FRGH4LfA,memmove,libc,libc,eboot.bin,function,True,1,True,1,True,memmove,libc,"Gen4, Gen5",SharpEmu.Libs.Kernel.KernelMemoryCompatExports,Memmove,True,src/SharpEmu.Libs/Kernel/KernelMemoryCompatExports.cs,1384,Memmove,nontrivial_source_handler,db5ec00bd0842db4b89c08167d9642e0b02a9ab1094222f415aaa0253e476397
+T8Xo6LtFJI,sceAgcDriverAgrSubmitMultiDcbs,libSceAgcDriver,libSceAgcDriver,eboot.bin;sce_module/libSceJobManager.prx,function,True,2,False,0,False,,,,,,False,,,,,
+TN0oRTBxJQ,sceAgcDriverIsTraceInProgress,libSceAgcDriver,libSceAgcDriver,eboot.bin;sce_module/libSceJobManager.prx,function,True,2,False,0,False,,,,,,False,,,,,
+W7fL6PWOhw,_ZN3sce2Np9CppWebApi14SessionManager2V149PostPlayerSessionsSessionIdInvitationsRequestBody14setInvitationsERKNS1_6Common6VectorINS5_12IntrusivePtrINS3_30RequestPlayerSessionInvitationEEEEE,libSceNpCppWebApi,libSceNpCppWebApi,eboot.bin,function,True,1,False,0,False,,,,,,False,,,,,
+cHQSR34crs,_ZN3sce2Np9CppWebApi6Common11TransactionINS2_12IntrusivePtrINS1_14SessionManager2V129GetPlayerSessionsResponseBodyEEENS4_INS2_18ResponseHeaderBaseEEEEC1Ev,libSceNpCppWebApi,libSceNpCppWebApi,eboot.bin,function,True,1,False,0,False,,,,,,False,,,,,
+htBBgi85YA,_ZNK3sce2Np9CppWebApi6Common12IntrusivePtrINS1_14SessionManager2V120RequestPlayerSessionEEptEv,libSceNpCppWebApi,libSceNpCppWebApi,eboot.bin,function,True,1,False,0,False,,,,,,False,,,,,
+k91hoTuoA8,sceAudioOut2SpeakerArrayCreate,libSceAudioOut2,libSceAudioOut,eboot.bin,function,True,1,False,0,False,,,,,,False,,,,,
+kSrjIVxKFE,sceAgcDcbPushMarker,libSceAgc,libSceAgc,eboot.bin,function,True,1,True,1,True,sceAgcDcbPushMarker,libSceAgc,Gen5,SharpEmu.Libs.Agc.AgcExports,DcbPushMarker,True,src/SharpEmu.Libs/Agc/AgcExports.cs,2821,DcbPushMarker,nontrivial_source_handler,4abd7f7834074ed1c146a2c4f8f0611aa7667228eef01aaaeeb2c5aa220cbef0
+ljJoKsr054,_ZNK3sce2Np9CppWebApi6Common6VectorINS2_12IntrusivePtrINS1_14SessionManager2V120PlayerSessionForReadEEEE4sizeEv,libSceNpCppWebApi,libSceNpCppWebApi,eboot.bin,function,True,1,False,0,False,,,,,,False,,,,,
+o9816YQhqQ,sceNpWebApi2Initialize,libSceNpWebApi2,libSceNpWebApi2,eboot.bin,function,True,1,True,1,True,sceNpWebApi2Initialize,libSceNpWebApi2,"Gen4, Gen5",SharpEmu.Libs.Np.NpWebApi2Exports,NpWebApi2Initialize,True,src/SharpEmu.Libs/Np/NpWebApi2Exports.cs,20,NpWebApi2Initialize,nontrivial_source_handler,6ce0c726412ca5f9298560a074a43270082cef20c1b9605c3095aafd7a00c5c0
+oqyRiwxW18,_ZN3sce2Np9CppWebApi14SessionManager2V120RequestPlayerSession16setMaxSpectatorsERKi,libSceNpCppWebApi,libSceNpCppWebApi,eboot.bin,function,True,1,False,0,False,,,,,,False,,,,,
+qitMEbkSWk,vsprintf_s,libc,libc,eboot.bin,function,True,1,False,0,False,,,,,,False,,,,,
+r3rMFwItV4,sceKernelPread,libkernel,libkernel,eboot.bin,function,True,1,True,1,True,sceKernelPread,libKernel,"Gen4, Gen5",SharpEmu.Libs.Kernel.KernelMemoryCompatExports,KernelPread,True,src/SharpEmu.Libs/Kernel/KernelFileExtendedExports.cs,57,KernelPread,nontrivial_source_handler,ff1b1a29aa5b649204650fc9808a2390f4e17c8f2ed34e14a6a0c6abdf895d46
+rWjmNf5G5E,_ZN3sce2Np9CppWebApi6Common11TransactionINS2_12IntrusivePtrINS1_11UserProfile2V124GetBlockingUsersResponseEEENS4_INS2_18ResponseHeaderBaseEEEED1Ev,libSceNpCppWebApi,libSceNpCppWebApi,eboot.bin,function,True,1,False,0,False,,,,,,False,,,,,
+u6dKSLWM2o,sceAgcDcbStallCommandBufferParserGetSize,libSceAgc,libSceAgc,eboot.bin,function,True,1,True,1,True,sceAgcDcbStallCommandBufferParserGetSize,libSceAgc,Gen5,SharpEmu.Libs.Agc.AgcExports,DcbStallCommandBufferParserGetSize,True,src/SharpEmu.Libs/Agc/AgcExports.cs,2650,DcbStallCommandBufferParserGetSize,nontrivial_source_handler,2a7e7e0e500a508f83d3c75830ef10b196439a97d2f9b0242ecef912a2d2c000
+yqjab2fUJA,sceNpRegisterPremiumEventCallback,libSceNpManager,libSceNpManager,eboot.bin,function,True,1,False,0,False,,,,,,False,,,,,
-0Vv7HKZaBM,_ZN3sce2Np9CppWebApi14SessionManager2V139RequestPlayerSessionMemberPlayerFactory6createEPNS1_6Common10LibContextERKNS5_6VectorINS5_12IntrusivePtrINS3_32RequestCreatePlayerSessionPlayerEEEEEPNS9_INS3_32RequestPlayerSessionMemberPlayerEEE,libSceNpCppWebApi,libSceNpCppWebApi,eboot.bin,function,True,1,False,0,False,,,,,,False,,,,,
-2IRUCO--PM,sceKernelReadTsc,libkernel,libkernel,eboot.bin;sce_module/libSceJobManager.prx,function,True,2,True,1,True,sceKernelReadTsc,libKernel,"Gen4, Gen5",SharpEmu.Libs.Kernel.KernelRuntimeCompatExports,KernelReadTsc,True,src/SharpEmu.Libs/Kernel/KernelRuntimeCompatExports.cs,951,KernelReadTsc,nontrivial_source_handler,26a6aa820d46485ab862cc4c4a346f7fd4fda0e13d1b994d43746290e13dc4ad
-4GCfYdNF1s,sceImeUpdate,libSceIme,libSceIme,eboot.bin,function,True,1,True,1,True,sceImeUpdate,libSceIme,"Gen4, Gen5",SharpEmu.Libs.Ime.ImeExports,ImeUpdate,True,src/SharpEmu.Libs/Ime/ImeExports.cs,19,ImeUpdate,nontrivial_source_handler,a1b106b7d44c92594a6688e1250170a8248fd74067c07b9302de7a59927ae693
-4qn5SHAuoQ,_ZN3sce2Np9CppWebApi6Common6VectorINS2_12IntrusivePtrINS1_14SessionManager2V136UsersPlayerSessionsInvitationForReadEEEE3endEv,libSceNpCppWebApi,libSceNpCppWebApi,eboot.bin,function,True,1,False,0,False,,,,,,False,,,,,
-EL6-8BIXf4,_ZN3sce2Np9CppWebApi7Matches2V18MatchApi21ParameterToLeaveMatchC1Ev,libSceNpCppWebApi,libSceNpCppWebApi,eboot.bin,function,True,1,False,0,False,,,,,,False,,,,,
-HOOCn0JY48,sceAgcDcbSetShRegistersIndirect,libSceAgc,libSceAgc,eboot.bin,function,True,1,True,1,True,sceAgcDcbSetShRegistersIndirect,libSceAgc,Gen5,SharpEmu.Libs.Agc.AgcExports,DcbSetShRegistersIndirect,True,src/SharpEmu.Libs/Agc/AgcExports.cs,2073,DcbSetShRegistersIndirect,nontrivial_source_handler,5aeedbc4f60d6107979623fdcf824a03d62b60ec4aa4c0497d61bffe8db0d17c
-HdxnFZtWew,_ZN3sce2Np9CppWebApi14SessionManager2V16Friend17getPlayerSessionsEv,libSceNpCppWebApi,libSceNpCppWebApi,eboot.bin,function,True,1,False,0,False,,,,,,False,,,,,
-IW9PK24IDc,_ZN3sce2Np9CppWebApi14SessionManager2V117PlayerSessionsApi35ParameterToGetFriendsPlayerSessionsD1Ev,libSceNpCppWebApi,libSceNpCppWebApi,eboot.bin,function,True,1,False,0,False,,,,,,False,,,,,
-KRzWekV120,,libSceAgc,libSceAgc,eboot.bin,function,True,1,True,1,True,sceAgcDriverUnknown_KRzWekV120,libSceAgc,Gen5,SharpEmu.Libs.Agc.AgcExports,DriverUnknownKRzWekV120,True,src/SharpEmu.Libs/Agc/AgcExports.cs,3670,DriverUnknownKRzWekV120,nontrivial_source_handler,90dd15d2fd019f8c59e86b4007eb0d12621dab60aa6fa9e04cc51019d2d7137d
-LKfBC57JRM,_ZNK3sce2Np9CppWebApi6Common6VectorINS2_12IntrusivePtrINS1_14SessionManager2V113PlayerSessionEEEE4sizeEv,libSceNpCppWebApi,libSceNpCppWebApi,eboot.bin,function,True,1,False,0,False,,,,,,False,,,,,
-NxEk7XLkDY,_ZN3sce4Json5Value11referObjectEv,libSceJson2,libSceJson,sce_module/libSceNpCppWebApi.prx,function,True,1,False,0,False,,,,,,False,,,,,
-P6FNMzk2Kc,cosf,libc,libc,eboot.bin,function,True,1,False,0,False,,,,,,False,,,,,
-PXuTfPzcT4,_ZN3sce2Np9CppWebApi7Matches2V113RemovedPlayer9setReasonERKNS3_11LeaveReasonE,libSceNpCppWebApi,libSceNpCppWebApi,eboot.bin,function,True,1,False,0,False,,,,,,False,,,,,
-Rjp3-YViXc,sceNpUnregisterPremiumEventCallback,libSceNpManager,libSceNpManager,eboot.bin,function,True,1,False,0,False,,,,,,False,,,,,
-RnpfpxIhec,sceAgcAcbDmaData,libSceAgc,libSceAgc,eboot.bin;sce_module/libSceJobManager.prx,function,True,2,True,1,True,sceAgcAcbDmaData,libSceAgc,Gen5,SharpEmu.Libs.Agc.AgcExports,AcbDmaData,True,src/SharpEmu.Libs/Agc/AgcExports.cs,2732,AcbDmaData,nontrivial_source_handler,b76f23610946fff8a54b685fe24e6d65d020fe64dbfdc9309b5c4ba5650e626d
-Wreprtu0Qs,scePthreadAttrSetdetachstate,libkernel,libkernel,eboot.bin,function,True,1,True,1,True,scePthreadAttrSetdetachstate,libKernel,"Gen4, Gen5",SharpEmu.Libs.Kernel.KernelPthreadExtendedCompatExports,PthreadAttrSetdetachstate,True,src/SharpEmu.Libs/Kernel/KernelPthreadExtendedCompatExports.cs,1117,PthreadAttrSetdetachstate,nontrivial_source_handler,2be8a034aaa31206b795c1372af3655da61939e7dc6db5cf4d19157f8c6b79ff
-YTW+qXc3CQ,sceKernelInternalMemoryGetModuleSegmentInfo,libkernel,libkernel,sce_module/libc.prx,function,True,1,False,0,False,,,,,,False,,,,,
-YbpaF0XS-I,sceContentSearchCloseMetadata,libSceContentSearch,libSceContentSearch,eboot.bin,function,True,1,False,0,False,,,,,,False,,,,,
-hJRce8wn1U,_ZN3sce4Json12MemAllocatorC2Ev,libSceJson2,libSceJson,eboot.bin,function,True,1,True,1,True,_ZN3sce4Json12MemAllocatorC2Ev,libSceJson,"Gen4, Gen5",SharpEmu.Libs.Json.JsonExports,MemAllocatorConstructor,False,src/SharpEmu.Libs/Json/JsonExports.cs,70,MemAllocatorConstructor,nontrivial_source_handler,1c47fa524242ce8a8558f33cf1c63f67e6b1e5300fe7b224380bd3c2958cd4ac
-haXZfTh0pg,_ZN3sce2Np9CppWebApi7Matches2V18MatchApi21ParameterToLeaveMatchD1Ev,libSceNpCppWebApi,libSceNpCppWebApi,eboot.bin,function,True,1,False,0,False,,,,,,False,,,,,
-hn1tcVHq5Q,sceLibcMspaceCreate,libSceLibcInternal,libSceLibcInternal,sce_module/libSceNpCppWebApi.prx,function,True,1,True,1,True,sceLibcMspaceCreate,libSceLibcInternal,Gen5,SharpEmu.Libs.Kernel.KernelMemoryCompatExports,LibcMspaceCreate,True,src/SharpEmu.Libs/Kernel/KernelMemoryCompatExports.cs,1476,LibcMspaceCreate,nontrivial_source_handler,4edf1b629f21117a281694bc29073732d0cde4dec172af0ab88bbafefaa76790
-kU6bB4M-+k,strspn,libc,libc,eboot.bin,function,True,1,False,0,False,,,,,,False,,,,,
-o5uEDpN+oY,sceKernelConvertUtcToLocaltime,libkernel,libkernel,sce_module/libc.prx,function,True,1,True,1,True,sceKernelConvertUtcToLocaltime,libKernel,"Gen4, Gen5",SharpEmu.Libs.Kernel.KernelRuntimeCompatExports,KernelConvertUtcToLocaltime,True,src/SharpEmu.Libs/Kernel/KernelRuntimeCompatExports.cs,2645,KernelConvertUtcToLocaltime,nontrivial_source_handler,00f060ce16e7e96722072da9c22c1f3a88161030d6eee9d717b7121b3dde3fb7
-qLsfDAywIY,sceAjmBatchWait,libSceAjm,libSceAjm,eboot.bin,function,True,1,False,0,False,,,,,,False,,,,,
-sD02mFDBh4,sceUserServiceGetGamePresets,libSceUserService,libSceUserService,eboot.bin,function,True,1,True,1,True,sceUserServiceGetGamePresets,libSceUserService,Gen5,SharpEmu.Libs.UserService.UserServiceExports,UserServiceGetGamePresets,True,src/SharpEmu.Libs/UserService/UserServiceExports.cs,188,UserServiceGetGamePresets,nontrivial_source_handler,30b6fcdaa5bdce90ea51fba6e9961600a46508fbb41c922e6fae8bbc369ab705
-t8eK4WxVIo,_ZN3sce2Np9CppWebApi6Common8IteratorINS2_12IntrusivePtrINS1_11UserProfile2V113BasicPresenceEEEEppEv,libSceNpCppWebApi,libSceNpCppWebApi,eboot.bin,function,True,1,False,0,False,,,,,,False,,,,,
-vnlTPPXPrw,sceAgcDcbAcquireMemGetSize,libSceAgc,libSceAgc,eboot.bin,function,True,1,False,0,False,,,,,,False,,,,,
03RZmELWWzw,sceAgcCbSetUcRegistersDirect,libSceAgc,libSceAgc,eboot.bin;sce_module/libSceJobManager.prx,function,True,2,False,0,False,,,,,,False,,,,,
03VdHjMkVLc,_ZNK3sce2Np9CppWebApi14SessionManager2V125FriendJoinedPlayerSession25playerJoinableStatusIsSetEv,libSceNpCppWebApi,libSceNpCppWebApi,eboot.bin,function,True,1,False,0,False,,,,,,False,,,,,
05E7yxe+58U,_ZN3sce2Np9CppWebApi6Common12IntrusivePtrINS1_7Matches2V118RequestMatchPlayerEED1Ev,libSceNpCppWebApi,libSceNpCppWebApi,eboot.bin,function,True,1,False,0,False,,,,,,False,,,,,
0ALNeQjaTJ0,_ZNK3sce2Np9CppWebApi6Common12IntrusivePtrINS1_14SessionManager2V125FriendJoinedPlayerSessionEEptEv,libSceNpCppWebApi,libSceNpCppWebApi,eboot.bin,function,True,1,False,0,False,,,,,,False,,,,,
0BMj1hgG+kE,sceAmprMeasureCommandSizeWaitOnAddress_04_00,libSceAmpr,libSceAmpr,eboot.bin,function,True,1,False,0,False,,,,,,False,,,,,
0BortfYmQRk,_ZN3sce2Np9CppWebApi14SessionManager2V117PlayerSessionsApi28sendPlayerSessionInvitationsEiRKNS4_39ParameterToSendPlayerSessionInvitationsERNS1_6Common11TransactionINS8_12IntrusivePtrINS3_50PostPlayerSessionsSessionIdInvitationsResponseBodyEEENSA_INS8_18ResponseHeaderBaseEEEEE,libSceNpCppWebApi,libSceNpCppWebApi,eboot.bin,function,True,1,False,0,False,,,,,,False,,,,,
0Cq8ipKr9n0,sceKernelUtimes,libkernel,libkernel,sce_module/libc.prx,function,True,1,False,0,False,,,,,,False,,,,,
0GnN4QCgIfs,sceContentExportInit2,libSceContentExport,libSceContentExport,eboot.bin,function,True,1,True,1,True,sceContentExportInit2,libSceContentExport,Gen5,SharpEmu.Libs.ContentExport.ContentExportExports,ContentExportInit2,True,src/SharpEmu.Libs/ContentExport/ContentExportExports.cs,17,ContentExportInit2,nontrivial_source_handler,7320acac31b4cade8cc970072bdd5ff62e80aad91231393b0abf5e0e37034ca6
0HBYxYAjmf0,sceNpGameIntentTerminate,libSceNpGameIntent,libSceNpGameIntent,eboot.bin,function,True,1,False,0,False,,,,,,False,,,,,
0IL1keINExQ,sceShareTerminate,libSceShare,libSceShare,eboot.bin,function,True,1,True,1,True,sceShareTerminate,libSceShare,Gen5,SharpEmu.Libs.Share.ShareExports,ShareTerminate,True,src/SharpEmu.Libs/Share/ShareExports.cs,54,ShareTerminate,nontrivial_source_handler,ee12e949ae5b6186c69d99dbd2ebc84c20412a39a4c3200322e0110ac0d5f89e
0K1yQ6Lv-Yc,sceSslTerm,libSceSsl,libSceSsl,eboot.bin,function,True,1,True,1,True,sceSslTerm,libSceSsl,"Gen4, Gen5",SharpEmu.Libs.Network.SslExports,SslTerm,True,src/SharpEmu.Libs/Network/SslExports.cs,45,SslTerm,nontrivial_source_handler,2c2466da4bf872bd972a9951a774fe01ba8ee8c22953ad161b7dc35db25aa57e
0NTHN1NKONI,sceKernelConvertLocaltimeToUtc,libkernel,libkernel,sce_module/libc.prx,function,True,1,True,1,True,sceKernelConvertLocaltimeToUtc,libKernel,"Gen4, Gen5",SharpEmu.Libs.Kernel.KernelRuntimeCompatExports,KernelConvertLocaltimeToUtc,True,src/SharpEmu.Libs/Kernel/KernelRuntimeCompatExports.cs,2701,KernelConvertLocaltimeToUtc,nontrivial_source_handler,4f8623ce509ca6e17f4af638de2b869117202f1989963e22bb5f4c3c4120c40f
0PT319lwTJ8,_ZN3sce2Np9CppWebApi14SessionManager2V117PlayerSessionsApi17getPlayerSessionsEiRKNS4_28ParameterToGetPlayerSessionsERNS1_6Common11TransactionINS8_12IntrusivePtrINS3_29GetPlayerSessionsResponseBodyEEENSA_INS8_18ResponseHeaderBaseEEEEE,libSceNpCppWebApi,libSceNpCppWebApi,eboot.bin,function,True,1,False,0,False,,,,,,False,,,,,
0PWWUoAJ5AQ,_ZN3sce2Np9CppWebApi7Matches2V126RequestInGameRosterFactory6createEPNS1_6Common10LibContextEPNS5_12IntrusivePtrINS3_19RequestInGameRosterEEE,libSceNpCppWebApi,libSceNpCppWebApi,eboot.bin,function,True,1,False,0,False,,,,,,False,,,,,
0RdLmAh7WVo,sceAmprMeasureCommandSizePushMarker,libSceAmpr,libSceAmpr,eboot.bin,function,True,1,False,0,False,,,,,,False,,,,,
0ZOG0jc9nRg,sceAgcAcbRewindGetSize,libSceAgc,libSceAgc,eboot.bin;sce_module/libSceJobManager.prx,function,True,2,False,0,False,,,,,,False,,,,,
0aR2aWmQal4,sceNpCommerceDialogInitialize,libSceNpCommerce,libSceNpCommerce,eboot.bin,function,True,1,False,0,False,,,,,,False,,,,,
0cBgduPRR+M,sceNetCtlGetResult,libSceNetCtl,libSceNetCtl,eboot.bin,function,True,1,False,0,False,,,,,,False,,,,,
0fWWK5uG9rQ,sceAgcQueueEndOfPipeActionPatchAddress,libSceAgc,libSceAgc,eboot.bin,function,True,1,True,1,True,sceAgcQueueEndOfPipeActionPatchAddress,libSceAgc,Gen5,SharpEmu.Libs.Agc.AgcExports,QueueEndOfPipeActionPatchAddress,True,src/SharpEmu.Libs/Agc/AgcExports.cs,3136,QueueEndOfPipeActionPatchAddress,nontrivial_source_handler,74a4407a11ae8914e37ca7c2c3ffa68f4ebcb43d1da00301b933d341d3797b1b
0hlfW1O4Aa4,localeconv,libc,libc,eboot.bin,function,True,1,False,0,False,,,,,,False,,,,,
0juFlJ9R6ss,_ZN3sce2Np9CppWebApi11UserProfile2V19BlocksApi16getBlockingUsersEiRKNS4_27ParameterToGetBlockingUsersERNS1_6Common11TransactionINS8_12IntrusivePtrINS3_24GetBlockingUsersResponseEEENSA_INS8_18ResponseHeaderBaseEEEEE,libSceNpCppWebApi,libSceNpCppWebApi,eboot.bin,function,True,1,False,0,False,,,,,,False,,,,,
0lLK8+kDqmE,_ZN3sce4Json5ValueC1El,libSceJson2,libSceJson,sce_module/libSceNpCppWebApi.prx,function,True,1,True,1,True,_ZN3sce4Json5ValueC1El,libSceJson,"Gen4, Gen5",SharpEmu.Libs.Json.JsonValueExports,ValueIntegerConstructor,False,src/SharpEmu.Libs/Json/JsonValueExports.cs,64,ValueIntegerConstructor,nontrivial_source_handler,edfdb6f7d6f3458f0d483758ae1d0d927a5f7909c766764818f3bb13f4c7899e
0nV21JjYCH8,wcsncpy,libc,libc,eboot.bin,function,True,1,True,1,True,wcsncpy,libc,"Gen4, Gen5",SharpEmu.Libs.Kernel.KernelMemoryCompatExports,Wcsncpy,True,src/SharpEmu.Libs/Kernel/KernelMemoryCompatExports.cs,817,Wcsncpy,nontrivial_source_handler,968a6f83450b84e7412cf7f00efb7f4fae6f0be8a200b72fffaed417051e8a5b
0o3VDdtA6nM,sceAgcDcbSetIndexIndirectArgs,libSceAgc,libSceAgc,eboot.bin,function,True,1,False,0,False,,,,,,False,,,,,
0pwb8fOBwpQ,_ZNK3sce2Np9CppWebApi14SessionManager2V110FromMember11getOnlineIdEv,libSceNpCppWebApi,libSceNpCppWebApi,eboot.bin,function,True,1,False,0,False,,,,,,False,,,,,
0x6o1VVAYSY,sceAudioOut2ContextCreate,libSceAudioOut2,libSceAudioOut,eboot.bin,function,True,1,True,1,True,sceAudioOut2ContextCreate,libSceAudioOut2,Gen5,SharpEmu.Libs.Audio.AudioOut2Exports,AudioOut2ContextCreate,True,src/SharpEmu.Libs/Audio/AudioOut2Exports.cs,138,AudioOut2ContextCreate,nontrivial_source_handler,195e06d0a0905d4f43fc26678e88931d4fd4180c5351e077ea7acfa6ec3b3df4
0zZqWJ1vWtY,_ZN3sce2Np9CppWebApi7Matches2V18MatchApi17updateMatchStatusEiRKNS4_28ParameterToUpdateMatchStatusERNS1_6Common11TransactionINS8_15DefaultResponseENS8_12IntrusivePtrINS8_18ResponseHeaderBaseEEEEE,libSceNpCppWebApi,libSceNpCppWebApi,eboot.bin,function,True,1,False,0,False,,,,,,False,,,,,
1-LFLmRFxxM,sceKernelMkdir,libkernel,libkernel,eboot.bin;sce_module/libc.prx,function,True,2,True,1,True,sceKernelMkdir,libKernel,"Gen4, Gen5",SharpEmu.Libs.Kernel.KernelMemoryCompatExports,KernelMkdir,True,src/SharpEmu.Libs/Kernel/KernelMemoryCompatExports.cs,3044,KernelMkdir,nontrivial_source_handler,1cf894580bd9d4b9940ada5e00c8540ec8ce8935c44c5381b0642f57abc680f4
1-gUn1PI4Sw,sceAgcDcbAtomicMem,libSceAgc,libSceAgc,eboot.bin,function,True,1,False,0,False,,,,,,False,,,,,
12wOHk8ywb0,sceKernelPollSema,libkernel,libkernel,eboot.bin,function,True,1,True,1,True,sceKernelPollSema,libKernel,"Gen4, Gen5",SharpEmu.Generated.SysAbiExportRegistry+<>c,<CreateExports>b__0_0,True,,,<CreateExports>b__0_0,source_not_located,
14bOACANTBo,scePthreadOnce,libkernel,libkernel,sce_module/libc.prx,function,True,1,True,1,True,scePthreadOnce,libKernel,"Gen4, Gen5",SharpEmu.Libs.Kernel.KernelPthreadCompatExports,PthreadOnce,True,src/SharpEmu.Libs/Kernel/KernelPthreadCompatExports.cs,585,PthreadOnce,nontrivial_source_handler,8af5c91df9a896d6f2a8fa69e80fdee20e4ae105ca6737b6d06e524039eceab8
188x57JYp0g,sceKernelCreateSema,libkernel,libkernel,eboot.bin;sce_module/libSceJobManager.prx,function,True,2,True,1,True,sceKernelCreateSema,libKernel,"Gen4, Gen5",SharpEmu.Libs.Kernel.KernelSemaphoreCompatExports,KernelCreateSema,True,src/SharpEmu.Libs/Kernel/KernelSemaphoreCompatExports.cs,33,KernelCreateSema,nontrivial_source_handler,088ea1814522fab480e2894ffc5fc2a2a62eb1ebc3c4568bc8e20ee27e069594
18B2NS1y9UU,sceRtcGetCurrentTick,libSceRtc,libSceRtc,eboot.bin,function,True,1,True,1,True,sceRtcGetCurrentTick,libSceRtc,"Gen4, Gen5",SharpEmu.Libs.Rtc.RtcExports,RtcGetCurrentTick,True,src/SharpEmu.Libs/Rtc/RtcExports.cs,168,RtcGetCurrentTick,nontrivial_source_handler,3ce7d40386c55645ea31cf6930adc6b8a92c5ab9be76c54f710f60aed0748574
1D0H2KNjshE,powf,libc,libc,eboot.bin,function,True,1,False,0,False,,,,,,False,,,,,
1DeUNpRIDDA,sceAgcDcbSetCxRegisterDirectGetSize,libSceAgc,libSceAgc,eboot.bin,function,True,1,False,0,False,,,,,,False,,,,,
1ECw9RP03o4,_ZNK3sce2Np9CppWebApi14SessionManager2V120PlayerSessionForRead14getSessionNameEv,libSceNpCppWebApi,libSceNpCppWebApi,eboot.bin,function,True,1,False,0,False,,,,,,False,,,,,
1FITx-pXXA0,_ZN3sce2Np9CppWebApi6Common12IntrusivePtrINS1_11UserProfile2V125GetBasicPresencesResponseEED1Ev,libSceNpCppWebApi,libSceNpCppWebApi,eboot.bin,function,True,1,False,0,False,,,,,,False,,,,,
1G3lF1Gg1k8,sceKernelOpen,libkernel,libkernel,eboot.bin;sce_module/libc.prx,function,True,2,True,1,True,sceKernelOpen,libKernel,"Gen4, Gen5",SharpEmu.Libs.Kernel.KernelExports,KernelOpen,True,src/SharpEmu.Libs/Kernel/KernelExports.cs,468,KernelOpen,nontrivial_source_handler,6d944ba88618a7d70f9bf85e8130d24397e2e36ec16fb20744c7c8e25c9de0bd
1Pk0qZQGeWo,sscanf,libc,libc,eboot.bin,function,True,1,True,1,True,sscanf,libc,"Gen4, Gen5",SharpEmu.Libs.Kernel.KernelMemoryCompatExports,Sscanf,True,src/SharpEmu.Libs/Kernel/KernelMemoryCompatExports.cs,1986,Sscanf,nontrivial_source_handler,496337cbd81cc9306afebd14378352deb04bfeb77075228722cfd9b00fabebcf
1bf+c7ebx0A,_ZNK3sce2Np9CppWebApi11UserProfile2V113BasicPresence12getInContextEv,libSceNpCppWebApi,libSceNpCppWebApi,eboot.bin,function,True,1,False,0,False,,,,,,False,,,,,
1fyEy3F+G+g,_ZNK3sce2Np9CppWebApi6Common12IntrusivePtrINS2_6VectorImEEEdeEv,libSceNpCppWebApi,libSceNpCppWebApi,eboot.bin,function,True,1,False,0,False,,,,,,False,,,,,
1j3S3n-tTW4,sceKernelGetTscFrequency,libkernel,libkernel,eboot.bin;sce_module/libSceJobManager.prx,function,True,2,True,1,True,sceKernelGetTscFrequency,libKernel,"Gen4, Gen5",SharpEmu.Libs.Kernel.KernelRuntimeCompatExports,KernelGetTscFrequency,True,src/SharpEmu.Libs/Kernel/KernelRuntimeCompatExports.cs,969,KernelGetTscFrequency,nontrivial_source_handler,d470d012f24a7c5bac4941f57672a5886c8a433dbda45c9e18de4c148bef219f
1jf1Yan1IyI,_ZNK3sce2Np9CppWebApi6Common12IntrusivePtrINS1_14SessionManager2V16FriendEEcvbEv,libSceNpCppWebApi,libSceNpCppWebApi,eboot.bin,function,True,1,False,0,False,,,,,,False,,,,,
1jfXLRVzisc,sceKernelUsleep,libkernel,libkernel,eboot.bin;sce_module/libSceJobManager.prx;sce_module/libSceNpCppWebApi.prx,function,True,3,True,1,True,sceKernelUsleep,libKernel,"Gen4, Gen5",SharpEmu.Libs.Kernel.KernelRuntimeCompatExports,KernelUsleep,True,src/SharpEmu.Libs/Kernel/KernelRuntimeCompatExports.cs,148,KernelUsleep,nontrivial_source_handler,27b3382409fa150ce5582112c79bedeb9f362166229fee06f933fe0afe9ca8f3
1mecP7RgI2A,gmtime,libc,libc,eboot.bin,function,True,1,True,1,True,gmtime,libc,Gen5,SharpEmu.Libs.Kernel.KernelRuntimeCompatExports,LibcGmtime,True,src/SharpEmu.Libs/Kernel/KernelRuntimeCompatExports.cs,410,LibcGmtime,nontrivial_source_handler,7fe063c5cdf374557869364736044a2ac5d9afa6ca3cd5cd4e5206d980b099fb
1n37q1Bvc5Y,sceSystemServiceGetDisplaySafeAreaInfo,libSceSystemService,libSceSystemService,eboot.bin,function,True,1,True,1,True,sceSystemServiceGetDisplaySafeAreaInfo,libSceSystemService,"Gen4, Gen5",SharpEmu.Libs.SystemService.SystemServiceExports,SystemServiceGetDisplaySafeAreaInfo,True,src/SharpEmu.Libs/SystemService/SystemServiceExports.cs,160,SystemServiceGetDisplaySafeAreaInfo,nontrivial_source_handler,0cf9b1ed0977f6c9c08255d9225020c84b16b3a9701992f1d93ae30c8ff871d5
1nafvh3INrY,_ZNK3sce2Np9CppWebApi14SessionManager2V110FromMember12getAccountIdEv,libSceNpCppWebApi,libSceNpCppWebApi,eboot.bin,function,True,1,False,0,False,,,,,,False,,,,,
1q1titRBL6o,sceAgcDcbDrawIndirect,libSceAgc,libSceAgc,eboot.bin,function,True,1,False,0,False,,,,,,False,,,,,
1rZSWUv1IRc,sceAgcDcbCopyData,libSceAgc,libSceAgc,eboot.bin,function,True,1,True,1,True,sceAgcDcbCopyData,libSceAgc,Gen5,SharpEmu.Libs.Agc.AgcExports,DcbCopyData,True,src/SharpEmu.Libs/Agc/AgcExports.cs,2421,DcbCopyData,nontrivial_source_handler,a1fc0a30d263732c277bc8776297ac96cfa3e57133c415367471e9727d38f539
1rlHMruxwHk,_ZN3sce2Np9CppWebApi6Common12IntrusivePtrINS1_11UserProfile2V124GetBlockingUsersResponseEED1Ev,libSceNpCppWebApi,libSceNpCppWebApi,eboot.bin,function,True,1,False,0,False,,,,,,False,,,,,
1tB0xkLNjcw,sceAgcDcbAtomicGdsGetSize,libSceAgc,libSceAgc,eboot.bin,function,True,1,False,0,False,,,,,,False,,,,,
1tKyG7RlMJo,scePthreadGetprio,libkernel,libkernel,eboot.bin,function,True,1,True,1,True,scePthreadGetprio,libKernel,"Gen4, Gen5",SharpEmu.Libs.Kernel.KernelPthreadExtendedCompatExports,PthreadGetprio,True,src/SharpEmu.Libs/Kernel/KernelPthreadExtendedCompatExports.cs,584,PthreadGetprio,nontrivial_source_handler,3c41739f801a21ee0635e203d560daa00f1bee805740d63f71c9f35964821c8c
1uJgoVq3bQU,_Getptolower,libc,libc,eboot.bin,function,True,1,True,1,True,_Getptolower,libc,"Gen4, Gen5",SharpEmu.Libs.LibcStdio.LibcStdioExports,GetPtolower,True,src/SharpEmu.Libs/LibcStdioExports.cs,729,GetPtolower,nontrivial_source_handler,900eba8b17425ed64246a12473b0ee1e7cab3bbbeabe66adb53024cac228085c
1xSZodB2geA,sceContentSearchTerm,libSceContentSearch,libSceContentSearch,eboot.bin,function,True,1,False,0,False,,,,,,False,,,,,
1xxcMiGu2fo,sceUserServiceGetUserName,libSceUserService,libSceUserService,eboot.bin,function,True,1,True,1,True,sceUserServiceGetUserName,libSceUserService,"Gen4, Gen5",SharpEmu.Libs.UserService.UserServiceExports,UserServiceGetUserName,True,src/SharpEmu.Libs/UserService/UserServiceExports.cs,117,UserServiceGetUserName,nontrivial_source_handler,e9b62da3477a83c30c96494bc9552c802aae09e724b3039739834569c961071b
203JffNGrbg,_ZN3sce2Np9CppWebApi6Common12IntrusivePtrINS1_14SessionManager2V120RequestPlayerSessionEEC1Ev,libSceNpCppWebApi,libSceNpCppWebApi,eboot.bin,function,True,1,False,0,False,,,,,,False,,,,,
23CPPI1tyBY,sceKernelGetEventFilter,libkernel,libkernel,sce_module/libSceJobManager.prx,function,True,1,True,1,True,sceKernelGetEventFilter,libKernel,"Gen4, Gen5",SharpEmu.Libs.Kernel.KernelEventQueueCompatExports,KernelGetEventFilter,True,src/SharpEmu.Libs/Kernel/KernelEventQueueCompatExports.cs,352,KernelGetEventFilter,nontrivial_source_handler,ffda5f63b991ab49ceae3aa616ad958cbcb75f64bc427049ab5be2f6dbfc0b3a
23LRUSvYu1M,,libSceAgc,libSceAgc,eboot.bin;sce_module/libSceJobManager.prx,function,True,2,True,1,True,sceAgcInit,libSceAgc,Gen5,SharpEmu.Libs.Agc.AgcExports,Init,True,src/SharpEmu.Libs/Agc/AgcExports.cs,725,Init,nontrivial_source_handler,fe96a8138fccef37fa5cf2c36fbf0def203e4bef3c50c4defd268d8d6d173a5f
24m4Z4bUaoY,sscanf_s,libc,libc,eboot.bin,function,True,1,False,0,False,,,,,,False,,,,,
28QqMnuuJ9Y,sceAudioOut2GetSpeakerArrayAmbisonicsCoefficients,libSceAudioOut2,libSceAudioOut,eboot.bin,function,True,1,False,0,False,,,,,,False,,,,,
2CN6+objfjM,_ZN3sce2Np9CppWebApi6Common13ConstIteratorINS2_12IntrusivePtrINS1_11UserProfile2V112BasicProfileEEEEppEv,libSceNpCppWebApi,libSceNpCppWebApi,eboot.bin,function,True,1,False,0,False,,,,,,False,,,,,
2HSrPeSIBV0,_ZN3sce2Np9CppWebApi7Matches2V18MatchApi22ParameterToCreateMatch10initializeEPNS1_6Common10LibContextENS6_12IntrusivePtrINS3_18CreateMatchRequestEEE,libSceNpCppWebApi,libSceNpCppWebApi,eboot.bin,function,True,1,False,0,False,,,,,,False,,,,,
2Hw8gjMdwSY,sceAmprMeasureCommandSizeWriteAddressFromCounterPair_04_00,libSceAmpr,libSceAmpr,eboot.bin,function,True,1,False,0,False,,,,,,False,,,,,
2JgFB2n9oUM,scePadSetTriggerEffect,libScePad,libScePad,eboot.bin,function,True,1,True,1,True,scePadSetTriggerEffect,libScePad,"Gen4, Gen5",SharpEmu.Libs.Pad.PadExports,PadSetTriggerEffect,True,src/SharpEmu.Libs/Pad/PadExports.cs,430,PadSetTriggerEffect,nontrivial_source_handler,40774531cde9ef30884a4e9d98a14769c1fbaa2de21eabcb6912115256160db2
2JtWUUiYBXs,sceAgcGetRegisterDefaults2,libSceAgc,libSceAgc,eboot.bin;sce_module/libSceJobManager.prx,function,True,2,True,1,True,sceAgcGetRegisterDefaults2,libSceAgc,Gen5,SharpEmu.Libs.Agc.AgcExports,GetRegisterDefaults2,True,src/SharpEmu.Libs/Agc/AgcExports.cs,744,GetRegisterDefaults2,nontrivial_source_handler,6b19f08a6ec3855d0739d4008e10e10c1ab1cb4e67b7d434f957d67991a879fa
2Of0f+3mhhE,scePthreadMutexDestroy,libkernel,libkernel,eboot.bin;sce_module/libSceJobManager.prx;sce_module/libSceNpCppWebApi.prx;sce_module/libc.prx,function,True,4,True,1,True,scePthreadMutexDestroy,libKernel,"Gen4, Gen5",SharpEmu.Libs.Kernel.KernelPthreadCompatExports,PthreadMutexDestroy,True,src/SharpEmu.Libs/Kernel/KernelPthreadCompatExports.cs,203,PthreadMutexDestroy,nontrivial_source_handler,aba85ad5d18405caea9376715e6668cb40a9c5179fc1bd5e41dc321d32383ca6
2SKEx6bSq-4,sceKernelBatchMap,libkernel,libkernel,eboot.bin,function,True,1,True,1,True,sceKernelBatchMap,libKernel,"Gen4, Gen5",SharpEmu.Libs.Kernel.KernelMemoryCompatExports,KernelBatchMap,True,src/SharpEmu.Libs/Kernel/KernelMemoryCompatExports.cs,4270,KernelBatchMap,nontrivial_source_handler,97f83f3637b848e0b84ef2b042c6c2c09e34ae4afd6195b775fc613d4c3119cc
2Tb92quprl0,scePthreadCondInit,libkernel,libkernel,eboot.bin;sce_module/libSceNpCppWebApi.prx;sce_module/libc.prx,function,True,3,True,1,True,scePthreadCondInit,libKernel,"Gen4, Gen5",SharpEmu.Libs.Kernel.KernelPthreadCompatExports,PthreadCondInit,True,src/SharpEmu.Libs/Kernel/KernelPthreadCompatExports.cs,349,PthreadCondInit,nontrivial_source_handler,308e0298b514713ea3abfec9f16e53362cb78923c5091d51be775150a66ce0f6
2WE3BTYVwKM,cos,libc,libc,eboot.bin,function,True,1,False,0,False,,,,,,False,,,,,
2Z+PpY6CaJg,pthread_mutex_unlock,libScePosix;libkernel,libkernel,eboot.bin;sce_module/libc.prx,function,True,2,True,1,True,pthread_mutex_unlock,libKernel,"Gen4, Gen5",SharpEmu.Libs.Kernel.KernelPthreadCompatExports,PosixPthreadMutexUnlock,True,src/SharpEmu.Libs/Kernel/KernelPthreadCompatExports.cs,263,PosixPthreadMutexUnlock,nontrivial_source_handler,9eea73b1c6168b931628358be417a0b6b6fafcb2bb6d6e18d7211cebf4a0fa32
2ccJz9LQI+w,sceAgcDcbDmaDataGetSize,libSceAgc,libSceAgc,eboot.bin,function,True,1,True,1,True,sceAgcDcbDmaDataGetSize,libSceAgc,Gen5,SharpEmu.Libs.Agc.AgcExports,DcbDmaDataGetSize,True,src/SharpEmu.Libs/Agc/AgcExports.cs,2721,DcbDmaDataGetSize,nontrivial_source_handler,c237e813261b1a9fa3de3f224a7df74cd1c3a087d979b0d24be5b22f7717c423
2naa5fV2BkU,_ZN3sce2Np9CppWebApi7Matches2V124LeaveMatchRequestFactory6createEPNS1_6Common10LibContextERKNS5_6VectorINS5_12IntrusivePtrINS3_13RemovedPlayerEEEEEPNS9_INS3_17LeaveMatchRequestEEE,libSceNpCppWebApi,libSceNpCppWebApi,eboot.bin,function,True,1,False,0,False,,,,,,False,,,,,
2sWzhYqFH4E,_Stdout,libc,libc,eboot.bin,object,True,1,False,0,False,,,,,,False,,,,,
2vDqwBlpF-o,strtod,libc,libc,eboot.bin,function,True,1,False,0,False,,,,,,False,,,,,
3+UPM-9E6xY,modff,libc,libc,eboot.bin,function,True,1,False,0,False,,,,,,False,,,,,
316RmeAtl8o,_ZN3sce2Np9CppWebApi6Common12IntrusivePtrINS1_14SessionManager2V16FriendEEaSERS7_,libSceNpCppWebApi,libSceNpCppWebApi,eboot.bin,function,True,1,False,0,False,,,,,,False,,,,,
39WxhR-ePew,sceAjmBatchJobDecode,libSceAjm,libSceAjm,eboot.bin,function,True,1,False,0,False,,,,,,False,,,,,
3AyTaWcF-H8,sceAgcDriverRegisterWorkloadStream,libSceAgcDriver,libSceAgcDriver,eboot.bin;sce_module/libSceJobManager.prx,function,True,2,False,0,False,,,,,,False,,,,,
3BytPOQgVKc,snprintf_s,libSceLibcInternal,libSceLibcInternal,sce_module/libSceJobManager.prx,function,True,1,False,0,False,,,,,,False,,,,,
3EI-OSJ65Xc,sceNpWebApi2CreateRequest,libSceNpWebApi2,libSceNpWebApi2,eboot.bin;sce_module/libSceNpCppWebApi.prx,function,True,2,False,0,False,,,,,,False,,,,,
3GPpjQdAMTw,__cxa_guard_acquire,libc,libc,eboot.bin,function,True,1,True,1,True,__cxa_guard_acquire,libc,"Gen4, Gen5",SharpEmu.Libs.CxxAbi.CxaGuardExports,CxaGuardAcquire,True,src/SharpEmu.Libs/CxxAbiExports.cs,30,CxaGuardAcquire,nontrivial_source_handler,88e225db1326e499425ab012dd3b21934b0d7cd7b65fb1134ec9645853bbfb2a
3HG3cDVLUzU,_ZNK3sce2Np9CppWebApi6Common12IntrusivePtrINS2_6VectorINS3_INS1_14SessionManager2V125FriendJoinedPlayerSessionEEEEEEdeEv,libSceNpCppWebApi,libSceNpCppWebApi,eboot.bin,function,True,1,False,0,False,,,,,,False,,,,,
3JCe3lCbQ8A,sceHttp2Init,libSceHttp2,libSceHttp2,eboot.bin,function,True,1,True,1,True,sceHttp2Init,libSceHttp2,"Gen4, Gen5",SharpEmu.Libs.Network.Http2Exports,Http2Init,True,src/SharpEmu.Libs/Network/Http2Exports.cs,24,Http2Init,nontrivial_source_handler,5632252a8ebfd25c07bc0539c69c549a5592e6ea63a66894506bf561fefe3698
3KDcnM3lrcU,sceAgcWaitRegMemPatchAddress,libSceAgc,libSceAgc,eboot.bin,function,True,1,True,1,True,sceAgcWaitRegMemPatchAddress,libSceAgc,Gen5,SharpEmu.Libs.Agc.AgcExports,WaitRegMemPatchAddress,True,src/SharpEmu.Libs/Agc/AgcExports.cs,3021,WaitRegMemPatchAddress,nontrivial_source_handler,2a53b7248dcb696a04083c83f59d194f2ffcf1da0b11f6db1d532d19b11a7efa
3OfeY4pzDV0,sceAmprMeasureCommandSizePushMarkerWithColor,libSceAmpr,libSceAmpr,eboot.bin,function,True,1,False,0,False,,,,,,False,,,,,
3PtV6p3QNX4,scePthreadEqual,libkernel,libkernel,sce_module/libc.prx,function,True,1,True,1,True,scePthreadEqual,libKernel,"Gen4, Gen5",SharpEmu.Libs.Kernel.KernelPthreadCompatExports,PthreadEqual,True,src/SharpEmu.Libs/Kernel/KernelPthreadCompatExports.cs,126,PthreadEqual,nontrivial_source_handler,3778cd8984cebf4fa2d33f6224972ea7980811a48e8fe88737b9e2dd74d6f8e7
3RQ5aQfnstU,sceSystemServiceGetNoticeScreenSkipFlag,libSceSystemService,libSceSystemService,eboot.bin,function,True,1,True,1,True,sceSystemServiceGetNoticeScreenSkipFlag,libSceSystemService,Gen5,SharpEmu.Libs.SystemService.SystemServiceExports,SystemServiceGetNoticeScreenSkipFlag,True,src/SharpEmu.Libs/SystemService/SystemServiceExports.cs,33,SystemServiceGetNoticeScreenSkipFlag,nontrivial_source_handler,6a0872e6ffb5e8d34332500be36924e7cd3e549cea92f8c745766518db9f232a
3ZWa3AoyWZQ,sceAgcAsyncCondExecPatchSetCommandAddress,libSceAgc,libSceAgc,eboot.bin,function,True,1,False,0,False,,,,,,False,,,,,
3Zl8BePTh9Y,sceNpCheckCallback,libSceNpManager,libSceNpManager,eboot.bin,function,True,1,True,1,True,sceNpCheckCallback,libSceNpManager,"Gen4, Gen5",SharpEmu.Libs.Np.NpManagerExports,NpCheckCallback,True,src/SharpEmu.Libs/Np/NpManagerExports.cs,173,NpCheckCallback,nontrivial_source_handler,a1b106b7d44c92594a6688e1250170a8248fd74067c07b9302de7a59927ae693
3c1SP6vjqcs,_ZN3sce2Np9CppWebApi6Common11TransactionINS2_12IntrusivePtrINS1_14SessionManager2V129GetPlayerSessionsResponseBodyEEENS4_INS2_18ResponseHeaderBaseEEEED1Ev,libSceNpCppWebApi,libSceNpCppWebApi,eboot.bin,function,True,1,False,0,False,,,,,,False,,,,,
3k6kx-zOOSQ,sceKernelMlock,libkernel,libkernel,sce_module/libc.prx,function,True,1,False,0,False,,,,,,False,,,,,
3kg7rT0NQIs,scePthreadExit,libkernel,libkernel,sce_module/libc.prx,function,True,1,True,1,True,scePthreadExit,libKernel,"Gen4, Gen5",SharpEmu.Libs.Kernel.KernelExports,PthreadExit,True,src/SharpEmu.Libs/Kernel/KernelExports.cs,356,PthreadExit,nontrivial_source_handler,100a02e267a82fcba15261ef0e97932cc217cfc0304d5aaf8a46ef1cec752a37
3qrge7L-AU4,_ZNK3sce4Json5Value7getRealEv,libSceJson2,libSceJson,sce_module/libSceNpCppWebApi.prx,function,True,1,True,1,True,_ZNK3sce4Json5Value7getRealEv,libSceJson,"Gen4, Gen5",SharpEmu.Libs.Json.JsonExports,ValueGetReal,False,src/SharpEmu.Libs/Json/JsonExports.cs,485,ValueGetReal,nontrivial_source_handler,e0d17970ae9dadc379abbfa518892fe00840efa5f1f07285b89524f6e566a920
3qxgM4ezETA,scePthreadAttrSetaffinity,libkernel,libkernel,eboot.bin;sce_module/libSceJobManager.prx;sce_module/libSceNpCppWebApi.prx,function,True,3,True,1,True,scePthreadAttrSetaffinity,libKernel,"Gen4, Gen5",SharpEmu.Libs.Kernel.KernelPthreadExtendedCompatExports,PthreadAttrSetaffinity,True,src/SharpEmu.Libs/Kernel/KernelPthreadExtendedCompatExports.cs,1093,PthreadAttrSetaffinity,nontrivial_source_handler,efad3c0732ac8279a523a676c5d9f7399d2904ab09f552e071220dfd4e1ade36
3sNsQzNdylI,_ZN3sce2Np9CppWebApi6Common12IntrusivePtrINS1_11UserProfile2V118GetFriendsResponseEEC1Ev,libSceNpCppWebApi,libSceNpCppWebApi,eboot.bin,function,True,1,False,0,False,,,,,,False,,,,,
3xUXnmUkXfo,_ZN3sce4Json5ValueC1ERKNS0_6ObjectE,libSceJson2,libSceJson,sce_module/libSceNpCppWebApi.prx,function,True,1,False,0,False,,,,,,False,,,,,
4+h9EzwKF4I,scePthreadAttrSetschedpolicy,libkernel,libkernel,eboot.bin,function,True,1,True,1,True,scePthreadAttrSetschedpolicy,libKernel,"Gen4, Gen5",SharpEmu.Libs.Kernel.KernelPthreadExtendedCompatExports,PthreadAttrSetschedpolicy,True,src/SharpEmu.Libs/Kernel/KernelPthreadExtendedCompatExports.cs,1270,PthreadAttrSetschedpolicy,nontrivial_source_handler,7eb8d54c64025827dee821c25895758667b4de569c97d8f250648603851896dd
40BxQHhkVGI,_ZN3sce2Np9CppWebApi14SessionManager2V117PlayerSessionsApi29ParameterToLeavePlayerSessionD1Ev,libSceNpCppWebApi,libSceNpCppWebApi,eboot.bin,function,True,1,False,0,False,,,,,,False,,,,,
43WJ08sSugE,sceAgcDcbWaitOnAddressGetSize,libSceAgc,libSceAgc,eboot.bin,function,True,1,False,0,False,,,,,,False,,,,,
45ggEzakPJQ,sceNetSocketClose,libSceNet,libSceNet,eboot.bin,function,True,1,True,1,True,sceNetSocketClose,libSceNet,"Gen4, Gen5",SharpEmu.Libs.Network.NetExports,NetSocketClose,True,src/SharpEmu.Libs/Network/NetExports.cs,122,NetSocketClose,nontrivial_source_handler,cd0b8f6c85952965705e5cde2f184f6d30a8961d0801e47fd9c591aab8c16cc2
47UAEuQl+iI,sceNpUniversalDataSystemTerminate,libSceNpUniversalDataSystem,libSceNpUniversalDataSystem,eboot.bin,function,True,1,False,0,False,,,,,,False,,,,,
4IzqhhUQ3nk,sceNpTrophy2GetGameInfo,libSceNpTrophy2,libSceNpTrophy2,eboot.bin,function,True,1,True,1,True,sceNpTrophy2GetGameInfo,libSceNpTrophy2,"Gen4, Gen5",SharpEmu.Libs.Stubs.GameServiceStubs,NpTrophy2GetGameInfo,True,src/SharpEmu.Libs/Stubs/GameServiceStubs.cs,46,NpTrophy2GetGameInfo,nontrivial_source_handler,7f26e88b6be821ab9701b3eb5447c7feb312e365daf25afa85d7d0bd0f0f0703
4J2sUJmuHZQ,sceKernelGetProcessTime,libkernel,libkernel,eboot.bin;sce_module/libc.prx,function,True,2,True,1,True,sceKernelGetProcessTime,libKernel,"Gen4, Gen5",SharpEmu.Libs.Kernel.KernelRuntimeCompatExports,KernelGetProcessTime,True,src/SharpEmu.Libs/Kernel/KernelRuntimeCompatExports.cs,980,KernelGetProcessTime,nontrivial_source_handler,12353e08ca175177ea97d498e45366fab9fc1fd5893b58510c48b6f5c327bc01
4LFb2ce6BJI,_ZN3sce2Np9CppWebApi6Common15TransactionBaseINS2_12IntrusivePtrINS1_14SessionManager2V129GetPlayerSessionsResponseBodyEEENS4_INS2_18ResponseHeaderBaseEEEE5startEPNS2_10LibContextE,libSceNpCppWebApi,libSceNpCppWebApi,eboot.bin,function,True,1,False,0,False,,,,,,False,,,,,
4UkZbYKVF7c,sceAmprCommandBufferConstructMarker,libSceAmpr,libSceAmpr,eboot.bin,function,True,1,False,0,False,,,,,,False,,,,,
4V0H+brwuCU,_ZN3sce2Np9CppWebApi14SessionManager2V122LocalizedStringFactory6createEPNS1_6Common10LibContextEPKcNS_4Json6ObjectEPNS5_12IntrusivePtrINS3_15LocalizedStringEEE,libSceNpCppWebApi,libSceNpCppWebApi,eboot.bin,function,True,1,False,0,False,,,,,,False,,,,,
4czppHBiriw,sceKernelSignalSema,libkernel,libkernel,eboot.bin;sce_module/libSceJobManager.prx,function,True,2,True,1,True,sceKernelSignalSema,libKernel,"Gen4, Gen5",SharpEmu.Generated.SysAbiExportRegistry+<>c,<CreateExports>b__0_1,True,,,<CreateExports>b__0_1,source_not_located,
4fU5yvOkVG4,sceSysmoduleGetModuleInfoForUnwind,libSceSysmodule,libSceSysmodule,sce_module/libc.prx,function,True,1,False,0,False,,,,,,False,,,,,
4fgtGfXDrFc,sceAmprMeasureCommandSizeWriteAddress_04_00,libSceAmpr,libSceAmpr,eboot.bin,function,True,1,False,0,False,,,,,,False,,,,,
4llLk7YJRTE,sceNpUniversalDataSystemEventPropertyArraySetString,libSceNpUniversalDataSystem,libSceNpUniversalDataSystem,eboot.bin,function,True,1,True,1,True,sceNpUniversalDataSystemEventPropertyArraySetString,libSceNpUniversalDataSystem,Gen5,SharpEmu.Libs.Np.NpUniversalDataSystemExports,NpUniversalDataSystemEventPropertyArraySetString,True,src/SharpEmu.Libs/Np/NpUniversalDataSystemExports.cs,204,NpUniversalDataSystemEventPropertyArraySetString,nontrivial_source_handler,dececf1bc3fe14679959641943c0022c1339826c90667a78845a06459e7fd731
4qGrR6eoP9Y,scePthreadDetach,libkernel,libkernel,sce_module/libc.prx,function,True,1,True,1,True,scePthreadDetach,libKernel,"Gen4, Gen5",SharpEmu.Libs.Kernel.KernelPthreadExtendedCompatExports,PthreadDetach,True,src/SharpEmu.Libs/Kernel/KernelPthreadExtendedCompatExports.cs,462,PthreadDetach,nontrivial_source_handler,50a6d291461c012f7ca280347a9e1f0a74d9249604ea0054fb3adb98a3dcdcf2
4quckD2y7Pg,sceAmprCommandBufferSetMarker,libSceAmpr,libSceAmpr,eboot.bin,function,True,1,False,0,False,,,,,,False,,,,,
4rpx-P+kdJQ,_ZNK3sce2Np9CppWebApi6Common8IteratorImEdeEv,libSceNpCppWebApi,libSceNpCppWebApi,eboot.bin,function,True,1,False,0,False,,,,,,False,,,,,
4tPhsP6FpDI,sceSaveDataDialogOpen,libSceSaveDataDialog.native,libSceSaveDataDialog,eboot.bin,function,True,1,True,1,True,sceSaveDataDialogOpen,libSceSaveDataDialog,"Gen4, Gen5",SharpEmu.Libs.SaveData.SaveDataDialogExports,SaveDataDialogOpen,False,src/SharpEmu.Libs/SaveData/SaveDataDialogExports.cs,48,SaveDataDialogOpen,nontrivial_source_handler,c6d5bf9dbad65c2ebbf423c97d8628dfc15531220078a3851be041230bf84d3f
4wSze92BhLI,sceKernelWrite,libkernel,libkernel,eboot.bin,function,True,1,True,1,True,sceKernelWrite,libKernel,"Gen4, Gen5",SharpEmu.Libs.Kernel.KernelMemoryCompatExports,KernelWrite,True,src/SharpEmu.Libs/Kernel/KernelMemoryCompatExports.cs,3473,KernelWrite,nontrivial_source_handler,4a543de3358e3fba9783694cbb5e6c46cc7b638b9db716c581a1e478abc77e43
4z03CDKv6IA,_ZNK3sce2Np9CppWebApi14SessionManager2V16Friend14accountIdIsSetEv,libSceNpCppWebApi,libSceNpCppWebApi,eboot.bin,function,True,1,False,0,False,,,,,,False,,,,,
4zrm6VrgIAw,_ZN3sce4Json5ValueaSERKS1_,libSceJson2,libSceJson,eboot.bin;sce_module/libSceNpCppWebApi.prx,function,True,2,True,1,True,_ZN3sce4Json5ValueaSERKS1_,libSceJson,"Gen4, Gen5",SharpEmu.Libs.Json.JsonExports,ValueAssignment,False,src/SharpEmu.Libs/Json/JsonExports.cs,743,ValueAssignment,nontrivial_source_handler,eca16dfee99f0d0829687e31412051a9db69c6e47b29fdb469b9815deccda2b3
52AlYvq+dmk,_ZN3sce2Np9CppWebApi6Common10InitParamsD1Ev,libSceNpCppWebApi,libSceNpCppWebApi,eboot.bin,function,True,1,False,0,False,,,,,,False,,,,,
52NcYU9+lEo,sceKernelRename,libkernel,libkernel,eboot.bin;sce_module/libc.prx,function,True,2,True,1,True,sceKernelRename,libKernel,"Gen4, Gen5",SharpEmu.Libs.Kernel.KernelMemoryCompatExports,KernelRename,True,src/SharpEmu.Libs/Kernel/KernelFileExtendedExports.cs,300,KernelRename,nontrivial_source_handler,68076f7d775e8b2d50780ef09f4562ed9d12ff92b64cc2e9b14268fa60f75b8f
53DH+ZDnTP4,_ZN3sce2Np9CppWebApi6Common6VectorINS2_12IntrusivePtrINS1_14SessionManager2V132RequestCreatePlayerSessionPlayerEEEED1Ev,libSceNpCppWebApi,libSceNpCppWebApi,eboot.bin,function,True,1,False,0,False,,,,,,False,,,,,
54phPH2LZls,sceVoiceStart,libSceVoice,libSceVoice,eboot.bin,function,True,1,False,0,False,,,,,,False,,,,,
57labkp+rSQ,sceAgcDcbAcquireMem,libSceAgc,libSceAgc,eboot.bin,function,True,1,True,1,True,sceAgcDcbAcquireMem,libSceAgc,Gen5,SharpEmu.Libs.Agc.AgcExports,DcbAcquireMem,True,src/SharpEmu.Libs/Agc/AgcExports.cs,2373,DcbAcquireMem,nontrivial_source_handler,659bb65b3b2d943a29563405c578245daf196bab0345422628539cd99aa0af62
58HnTZbC0+k,_ZN3sce2Np9CppWebApi11UserProfile2V115BasicProfileApi28ParameterToGetPublicProfiles10initializeEPNS1_6Common10LibContextEPKc,libSceNpCppWebApi,libSceNpCppWebApi,eboot.bin,function,True,1,False,0,False,,,,,,False,,,,,
5CdQTZIQPxM,sceAgcDriverGetEqEventType,libSceAgcDriver,libSceAgcDriver,eboot.bin;sce_module/libSceJobManager.prx,function,True,2,False,0,False,,,,,,False,,,,,
5E932GGEHuI,_ZN3sce2Np9CppWebApi14SessionManager2V136GetFriendsPlayerSessionsResponseBody10getFriendsEv,libSceNpCppWebApi,libSceNpCppWebApi,eboot.bin,function,True,1,False,0,False,,,,,,False,,,,,
5HZxpDKT1Xs,_ZN3sce2Np9CppWebApi6Common15TransactionBaseINS2_12IntrusivePtrINS1_30CommunicationRestrictionStatus2V338CommunicationRestrictionStatusResponseEEENS4_INS2_18ResponseHeaderBaseEEEE5startEPNS2_10LibContextE,libSceNpCppWebApi,libSceNpCppWebApi,eboot.bin,function,True,1,False,0,False,,,,,,False,,,,,
5JmzZt8twAo,_ZN3sce4Json6ObjectD1Ev,libSceJson2,libSceJson,eboot.bin;sce_module/libSceNpCppWebApi.prx,function,True,2,False,0,False,,,,,,False,,,,,
5Lf51jvohTQ,_Mtx_destroy,libc,libc,eboot.bin,function,True,1,False,0,False,,,,,,False,,,,,
5Lkp6DCzRhM,_ZNK3sce2Np9CppWebApi6Common6VectorINS2_12IntrusivePtrINS1_14SessionManager2V125FriendJoinedPlayerSessionEEEE5emptyEv,libSceNpCppWebApi,libSceNpCppWebApi,eboot.bin,function,True,1,False,0,False,,,,,,False,,,,,
5LoVY9nQRTY,_ZN3sce2Np9CppWebApi6Common12IntrusivePtrINS1_7Matches2V111AddedPlayerEED1Ev,libSceNpCppWebApi,libSceNpCppWebApi,eboot.bin,function,True,1,False,0,False,,,,,,False,,,,,
5OqszGpy7Mg,strtoull,libc,libc,eboot.bin,function,True,1,False,0,False,,,,,,False,,,,,
5QJRueHuTBo,_ZN3sce2Np9CppWebApi6Common13ConstIteratorINS2_12IntrusivePtrINS1_14SessionManager2V136UsersPlayerSessionsInvitationForReadEEEED2Ev,libSceNpCppWebApi,libSceNpCppWebApi,eboot.bin,function,True,1,False,0,False,,,,,,False,,,,,
5RSKjWE2avA,_ZNK3sce2Np9CppWebApi6Common12IntrusivePtrINS1_14SessionManager2V113PlayerSessionEEptEv,libSceNpCppWebApi,libSceNpCppWebApi,eboot.bin,function,True,1,False,0,False,,,,,,False,,,,,
5TjaJwkLWxE,bcmp,libc,libc,eboot.bin,function,True,1,True,1,True,bcmp,libc,"Gen4, Gen5",SharpEmu.Libs.Kernel.KernelMemoryCompatExports,Bcmp,True,src/SharpEmu.Libs/Kernel/KernelMemoryCompatExports.cs,1885,Bcmp,nontrivial_source_handler,155c0d06b2d48940c6220787433d4d259d4ee6f069b3c451ac68c4ce73841643
5UV12de1fGo,_ZN3sce2Np9CppWebApi6Common11TransactionINS2_12IntrusivePtrINS1_11UserProfile2V125GetPublicProfilesResponseEEENS4_INS2_18ResponseHeaderBaseEEEED1Ev,libSceNpCppWebApi,libSceNpCppWebApi,eboot.bin,function,True,1,False,0,False,,,,,,False,,,,,
5XLSih32qHA,sceContentDeleteTerminate,libSceContentDelete,libSceContentDelete,eboot.bin,function,True,1,False,0,False,,,,,,False,,,,,
5Xa2ACNECdo,strcpy_s,libc,libc,eboot.bin,function,True,1,True,1,True,strcpy_s,libc,"Gen4, Gen5",SharpEmu.Libs.Kernel.KernelMemoryCompatExports,StrcpyN,True,src/SharpEmu.Libs/Kernel/KernelMemoryCompatExports.cs,973,StrcpyN,nontrivial_source_handler,477bd7e29c550d69040750b80b3111c7ed8094ef98454c6b65aa07cbeaaa51aa
5bBacGLyLOs,gmtime_s,libc,libc,eboot.bin,function,True,1,False,0,False,,,,,,False,,,,,
5j8K2STP57U,_ZNK3sce2Np9CppWebApi6Common6VectorINS2_12IntrusivePtrINS1_7Matches2V113RequestMemberEEEE5emptyEv,libSceNpCppWebApi,libSceNpCppWebApi,eboot.bin,function,True,1,False,0,False,,,,,,False,,,,,
5jRCs2axtr4,inet_ntop,libScePosix,libkernel,eboot.bin,function,True,1,False,0,False,,,,,,False,,,,,
5l3IfCFJxBs,sceAgcDriverFindResourcesPublic,libSceAgcDriver,libSceAgcDriver,eboot.bin,function,True,1,False,0,False,,,,,,False,,,,,
5tOfnaClcqM,sceAjmBatchStart,libSceAjm,libSceAjm,eboot.bin,function,True,1,False,0,False,,,,,,False,,,,,
5wM1AxqBnvM,_ZN3sce2Np9CppWebApi6Common6VectorINS2_12IntrusivePtrINS1_7Matches2V118RequestMatchPlayerEEEEC1EPNS2_10LibContextE,libSceNpCppWebApi,libSceNpCppWebApi,eboot.bin,function,True,1,False,0,False,,,,,,False,,,,,
5wjxESwX68I,sceShareFeatureProhibit,libSceShare,libSceShare,eboot.bin,function,True,1,False,0,False,,,,,,False,,,,,
5zBnau1uIEo,sceNpUniversalDataSystemCreateContext,libSceNpUniversalDataSystem,libSceNpUniversalDataSystem,eboot.bin,function,True,1,True,1,True,sceNpUniversalDataSystemCreateContext,libSceNpUniversalDataSystem,"Gen4, Gen5",SharpEmu.Libs.Np.NpUniversalDataSystemExports,NpUniversalDataSystemCreateContext,True,src/SharpEmu.Libs/Np/NpUniversalDataSystemExports.cs,69,NpUniversalDataSystemCreateContext,nontrivial_source_handler,dca9be8dc22df1be9997fd1ac86f46823d91717edae868aa39e11b098de5b131
5zM0S8rA1Cs,_ZNK3sce2Np9CppWebApi11UserProfile2V118GetFriendsResponse17getTotalItemCountEv,libSceNpCppWebApi,libSceNpCppWebApi,eboot.bin,function,True,1,False,0,False,,,,,,False,,,,,
62KCwEMmzcM,scePthreadAttrDestroy,libkernel,libkernel,eboot.bin;sce_module/libSceJobManager.prx;sce_module/libSceNpCppWebApi.prx;sce_module/libc.prx,function,True,4,True,1,True,scePthreadAttrDestroy,libKernel,"Gen4, Gen5",SharpEmu.Libs.Kernel.KernelPthreadExtendedCompatExports,PthreadAttrDestroy,True,src/SharpEmu.Libs/Kernel/KernelPthreadExtendedCompatExports.cs,797,PthreadAttrDestroy,nontrivial_source_handler,865807958f40cef4ffff6da4d3682fb132e670e74f751ac9e46745956384a854
63mPNKdUOZY,_ZN3sce2Np9CppWebApi14SessionManager2V120RequestPlayerSession20setInvitableUserTypeERKNS3_17InvitableUserTypeE,libSceNpCppWebApi,libSceNpCppWebApi,eboot.bin,function,True,1,False,0,False,,,,,,False,,,,,
656LMQSrg6U,sceSystemServiceReceiveEvent,libSceSystemService,libSceSystemService,eboot.bin,function,True,1,False,0,False,,,,,,False,,,,,
69u+XqsoNd0,sceNpEntitlementAccessPollConsumeEntitlement,libSceNpEntitlementAccess,libSceNpEntitlementAccess,eboot.bin,function,True,1,False,0,False,,,,,,False,,,,,
6DFuRKT4C9w,sceAgcDcbSetNumInstancesGetSize,libSceAgc,libSceAgc,eboot.bin,function,True,1,False,0,False,,,,,,False,,,,,
6Es3CbUEwQE,_ZNK3sce2Np9CppWebApi11UserProfile2V113BasicPresence14accountIdIsSetEv,libSceNpCppWebApi,libSceNpCppWebApi,eboot.bin,function,True,1,False,0,False,,,,,,False,,,,,
6K1g7+ztzAs,_ZN3sce2Np9CppWebApi6Common6VectorINS2_12IntrusivePtrINS1_14SessionManager2V132RequestCreatePlayerSessionPlayerEEEEC1EPNS2_10LibContextE,libSceNpCppWebApi,libSceNpCppWebApi,eboot.bin,function,True,1,False,0,False,,,,,,False,,,,,
6O8EwYOgH9Y,getsockopt,libScePosix,libkernel,eboot.bin,function,True,1,False,0,False,,,,,,False,,,,,
6OSQTlDgUOs,_ZN3sce2Np9CppWebApi6Common12IntrusivePtrINS2_6VectorINS3_INS1_14SessionManager2V125FriendJoinedPlayerSessionEEEEEED1Ev,libSceNpCppWebApi,libSceNpCppWebApi,eboot.bin,function,True,1,False,0,False,,,,,,False,,,,,
6QL0WMBsvbs,_ZN3sce2Np9CppWebApi6Common12IntrusivePtrINS2_6VectorINS3_INS1_11UserProfile2V112BasicProfileEEEEEED1Ev,libSceNpCppWebApi,libSceNpCppWebApi,eboot.bin,function,True,1,False,0,False,,,,,,False,,,,,
6UgtwV+0zb4,scePthreadCreate,libkernel,libkernel,eboot.bin;sce_module/libSceJobManager.prx;sce_module/libSceNpCppWebApi.prx;sce_module/libc.prx,function,True,4,True,1,True,scePthreadCreate,libKernel,"Gen4, Gen5",SharpEmu.Libs.Kernel.KernelExports,PthreadCreate,True,src/SharpEmu.Libs/Kernel/KernelExports.cs,224,PthreadCreate,nontrivial_source_handler,a94fcf7263c2400efe2dbc5524f16b657803b61c2d8e3484e7973990cada2d8e
6UzEidRZwkg,sceAgcDriverSubmitMultiDcbs,libSceAgcDriver,libSceAgcDriver,eboot.bin;sce_module/libSceJobManager.prx,function,True,2,True,1,True,sceAgcDriverSubmitMultiDcbs,libSceAgcDriver,Gen5,SharpEmu.Libs.Agc.AgcExports,DriverSubmitMultiDcbs,True,src/SharpEmu.Libs/Agc/AgcExports.cs,13727,DriverSubmitMultiDcbs,nontrivial_source_handler,d89aa3fbb181d71a8b49a7b5058b2806363600f528e571754d1bcd09e9583366
6Z83sYWFlA8,_exit,libkernel,libkernel,sce_module/libc.prx,function,True,1,True,1,True,_exit,libKernel,"Gen4, Gen5",SharpEmu.Libs.Kernel.KernelExports,UnderscoreExit,True,src/SharpEmu.Libs/Kernel/KernelExports.cs,202,UnderscoreExit,nontrivial_source_handler,1969ed8894556d00e291c8b5ae5e3f24ad27503e29ba30389a0a9aa2b80c3244
6c3rCVE-fTU,_open,libkernel,libkernel,sce_module/libc.prx,function,True,1,True,1,True,_open,libKernel,"Gen4, Gen5",SharpEmu.Libs.Kernel.KernelMemoryCompatExports,KernelOpenUnderscore,True,src/SharpEmu.Libs/Kernel/KernelMemoryCompatExports.cs,2549,KernelOpenUnderscore,nontrivial_source_handler,5caeea2d3bf6e2f41419bbb4fbd7169d81b440fbf10a1c729a2e9d6a2a2f244d
6ee9Hd3EWXQ,sceAgcDcbDrawIndexGetSize,libSceAgc,libSceAgc,eboot.bin,function,True,1,False,0,False,,,,,,False,,,,,
6fIC3XKt2k0,sceMsgDialogUpdateStatus,libSceMsgDialog.native,libSceMsgDialog,eboot.bin,function,True,1,True,1,True,sceMsgDialogUpdateStatus,libSceMsgDialog,"Gen4, Gen5",SharpEmu.Libs.CommonDialog.MsgDialogExports,MsgDialogUpdateStatus,False,src/SharpEmu.Libs/CommonDialog/MsgDialogExports.cs,168,MsgDialogUpdateStatus,nontrivial_source_handler,9f43bee3dbc9183870cf8e5cd7434186325939350661a52e98da31f052e32fd5
6lNcCp+fxi4,sceAgcSetUcRegIndirectPatchSetAddress,libSceAgc,libSceAgc,eboot.bin,function,True,1,True,1,True,sceAgcSetUcRegIndirectPatchSetAddress,libSceAgc,Gen5,SharpEmu.Libs.Agc.AgcExports,SetUcRegIndirectPatchSetAddress,True,src/SharpEmu.Libs/Agc/AgcExports.cs,1300,SetUcRegIndirectPatchSetAddress,nontrivial_source_handler,3831321cb34c6dd49890a1c32ec471449b5f95aabceea1af52deb5d119cb0a13
6mFxkVqdmbQ,sceAgcAcbPopMarker,libSceAgc,libSceAgc,eboot.bin;sce_module/libSceJobManager.prx,function,True,2,True,1,True,sceAgcAcbPopMarker,libSceAgc,Gen5,SharpEmu.Libs.Agc.AgcExports,AcbPopMarker,True,src/SharpEmu.Libs/Agc/AgcExports.cs,2891,AcbPopMarker,nontrivial_source_handler,e160e081d4795ef2a7e5b62945e79faa04e9b2c3287423a8cf7788e84ba18721
6ncge5+l5Qs,scePadClose,libScePad,libScePad,eboot.bin,function,True,1,True,1,True,scePadClose,libScePad,"Gen4, Gen5",SharpEmu.Libs.Pad.PadExports,PadClose,True,src/SharpEmu.Libs/Pad/PadExports.cs,248,PadClose,nontrivial_source_handler,1001534bd275e5ae2d028dbea274567634972f0d64b815104e104cdd99484f50
6rbFd1xKksc,_ZN3sce2Np9CppWebApi6Common12IntrusivePtrINS1_7Matches2V118CreateMatchRequestEED1Ev,libSceNpCppWebApi,libSceNpCppWebApi,eboot.bin,function,True,1,False,0,False,,,,,,False,,,,,
6sJWiWSRuqk,strncpy,libSceLibcInternal;libc,libSceLibcInternal;libc,eboot.bin;sce_module/libSceJobManager.prx;sce_module/libSceNpCppWebApi.prx,function,True,3,True,1,True,strncpy,libc,"Gen4, Gen5",SharpEmu.Libs.Kernel.KernelMemoryCompatExports,Strncpy,True,src/SharpEmu.Libs/Kernel/KernelMemoryCompatExports.cs,1052,Strncpy,nontrivial_source_handler,0c797706b9556f51b58652ab3986ded51886187bc7483b8d33a500dcac1d8c93
6vm01KRxbM4,_ZNK3sce2Np9CppWebApi6Common12IntrusivePtrINS2_6VectorINS3_INS1_14SessionManager2V113PlayerSessionEEEEEEptEv,libSceNpCppWebApi,libSceNpCppWebApi,eboot.bin,function,True,1,False,0,False,,,,,,False,,,,,
6xVpy0Fdq+I,_sigprocmask,libkernel,libkernel,sce_module/libc.prx,function,True,1,True,1,True,_sigprocmask,libKernel,"Gen4, Gen5",SharpEmu.Libs.Kernel.KernelRuntimeCompatExports,Sigprocmask,True,src/SharpEmu.Libs/Kernel/KernelRuntimeCompatExports.cs,1016,Sigprocmask,nontrivial_source_handler,1969ed8894556d00e291c8b5ae5e3f24ad27503e29ba30389a0a9aa2b80c3244
73XG6dPCOr0,_ZN3sce2Np9CppWebApi6Common11TransactionINS2_12IntrusivePtrINS1_11UserProfile2V118GetFriendsResponseEEENS4_INS2_18ResponseHeaderBaseEEEEC1Ev,libSceNpCppWebApi,libSceNpCppWebApi,eboot.bin,function,True,1,False,0,False,,,,,,False,,,,,
73fihY0gUsk,_ZNK3sce2Np9CppWebApi6Common12IntrusivePtrINS2_6VectorINS3_INS1_14SessionManager2V16FriendEEEEEEcvbEv,libSceNpCppWebApi,libSceNpCppWebApi,eboot.bin,function,True,1,False,0,False,,,,,,False,,,,,
75Hbvij1fk8,_ZN3sce2Np9CppWebApi6Common11TransactionINS2_12IntrusivePtrINS1_11UserProfile2V125GetBasicPresencesResponseEEENS4_INS2_18ResponseHeaderBaseEEEED1Ev,libSceNpCppWebApi,libSceNpCppWebApi,eboot.bin,function,True,1,False,0,False,,,,,,False,,,,,
7Bc6AIhycYA,_ZN3sce2Np9CppWebApi6Common12IntrusivePtrINS1_14SessionManager2V132RequestCreatePlayerSessionPlayerEED1Ev,libSceNpCppWebApi,libSceNpCppWebApi,eboot.bin,function,True,1,False,0,False,,,,,,False,,,,,
7H0iTOciTLo,pthread_mutex_lock,libScePosix;libkernel,libkernel,eboot.bin;sce_module/libc.prx,function,True,2,True,1,True,pthread_mutex_lock,libKernel,"Gen4, Gen5",SharpEmu.Libs.Kernel.KernelPthreadCompatExports,PosixPthreadMutexLock,True,src/SharpEmu.Libs/Kernel/KernelPthreadCompatExports.cs,245,PosixPthreadMutexLock,nontrivial_source_handler,ef76b95cc28a9b9ada41e6099f4c46dc8c32cb310afd125bfe692d7af8a9f485
7IhJrsLLTcg,_ZN3sce2Np9CppWebApi6Common12IntrusivePtrINS1_7Matches2V124UpdateMatchStatusRequestEEC1ERS7_,libSceNpCppWebApi,libSceNpCppWebApi,eboot.bin,function,True,1,False,0,False,,,,,,False,,,,,
7Ly52zaL44Q,asin,libc,libc,eboot.bin,function,True,1,False,0,False,,,,,,False,,,,,
7N95rKdZmb0,_ZN3sce2Np9CppWebApi6Common12IntrusivePtrINS2_6VectorINS3_INS1_14SessionManager2V16FriendEEEEEED1Ev,libSceNpCppWebApi,libSceNpCppWebApi,eboot.bin,function,True,1,False,0,False,,,,,,False,,,,,
7QoTYzVuzto,sceVideoRecordingOpen,libSceVideoRecordingP,libSceVideoRecording,eboot.bin,function,True,1,False,0,False,,,,,,False,,,,,
7VnK1K-gAEU,_ZN3sce2Np9CppWebApi6Common6VectorINS2_6StringEEC1EPNS2_10LibContextE,libSceNpCppWebApi,libSceNpCppWebApi,eboot.bin,function,True,1,False,0,False,,,,,,False,,,,,
7Wa3aeJgeVU,,libSceAgc,libSceAgc,eboot.bin,function,True,1,False,0,False,,,,,,False,,,,,
7X3wSywr7+0,_ZN3sce2Np9CppWebApi6Common6VectorINS2_12IntrusivePtrINS1_14SessionManager2V120RequestPlayerSessionEEEE8pushBackERKS8_,libSceNpCppWebApi,libSceNpCppWebApi,eboot.bin,function,True,1,False,0,False,,,,,,False,,,,,
7kSGOVXdivc,_ZN3sce2Np9CppWebApi7Matches2V118RequestMatchPlayer12setAccountIdEPKc,libSceNpCppWebApi,libSceNpCppWebApi,eboot.bin,function,True,1,False,0,False,,,,,,False,,,,,
7nOoijNPvEU,sceAgcWaitRegMemPatchReference,libSceAgc,libSceAgc,eboot.bin,function,True,1,True,1,True,sceAgcWaitRegMemPatchReference,libSceAgc,Gen5,SharpEmu.Libs.Agc.AgcExports,WaitRegMemPatchReference,True,src/SharpEmu.Libs/Agc/AgcExports.cs,3080,WaitRegMemPatchReference,nontrivial_source_handler,0cd588c93e7091f54089c55e5e8c9621bfb1c227262d4782463cfea72d0249ca
7nXGDGMXSqo,sceAmprMeasureCommandSizeReadFileScatter,libSceAmpr,libSceAmpr,eboot.bin,function,True,1,False,0,False,,,,,,False,,,,,
7o5XeqKWry4,_ZN3sce2Np9CppWebApi14SessionManager2V117PlayerSessionsApi35ParameterToGetFriendsPlayerSessions10initializeEPNS1_6Common10LibContextE,libSceNpCppWebApi,libSceNpCppWebApi,eboot.bin,function,True,1,False,0,False,,,,,,False,,,,,
7toV+elXqNM,sceAgcCbCondWrite,libSceAgc,libSceAgc,eboot.bin;sce_module/libSceJobManager.prx,function,True,2,False,0,False,,,,,,False,,,,,
7ubnYQ7QZ1E,_ZN3sce2Np9CppWebApi6Common12IntrusivePtrINS1_14SessionManager2V149PostPlayerSessionsSessionIdInvitationsRequestBodyEEC1Ev,libSceNpCppWebApi,libSceNpCppWebApi,eboot.bin,function,True,1,False,0,False,,,,,,False,,,,,
7uhBFWRAS60,sceKernelClearEventFlag,libkernel,libkernel,sce_module/libSceJobManager.prx,function,True,1,True,1,True,sceKernelClearEventFlag,libKernel,"Gen4, Gen5",SharpEmu.Libs.Kernel.KernelEventFlagCompatExports,KernelClearEventFlag,True,src/SharpEmu.Libs/Kernel/KernelEventFlagCompatExports.cs,147,KernelClearEventFlag,nontrivial_source_handler,6b75df20588f9bea4f1f0b7bb6d684a49648849478bd5712cd3df5914319f948
7wwmcioD8GQ,_ZN3sce2Np9CppWebApi6Common12IntrusivePtrINS1_14SessionManager2V136GetFriendsPlayerSessionsResponseBodyEEC1Ev,libSceNpCppWebApi,libSceNpCppWebApi,eboot.bin,function,True,1,False,0,False,,,,,,False,,,,,
7yXITS65REs,_ZN3sce2Np9CppWebApi6Common6VectorINS2_12IntrusivePtrINS1_14SessionManager2V120PlayerSessionForReadEEEEixEm,libSceNpCppWebApi,libSceNpCppWebApi,eboot.bin,function,True,1,False,0,False,,,,,,False,,,,,
8+s5BzZjxSg,scePthreadAttrGetaffinity,libkernel,libkernel,sce_module/libc.prx,function,True,1,True,1,True,scePthreadAttrGetaffinity,libKernel,"Gen4, Gen5",SharpEmu.Libs.Kernel.KernelPthreadExtendedCompatExports,PthreadAttrGetaffinity,True,src/SharpEmu.Libs/Kernel/KernelPthreadExtendedCompatExports.cs,897,PthreadAttrGetaffinity,nontrivial_source_handler,da8a7dd618f63aed92f716ef0618b36849a6e3bc2ca9eb282c49da80d4880693
802pFCwC9w0,__udivti3,libc,libc,eboot.bin,function,True,1,False,0,False,,,,,,False,,,,,
83kEPQNWy8A,_ZN3sce2Np9CppWebApi6Common6VectorINS2_6StringEED1Ev,libSceNpCppWebApi,libSceNpCppWebApi,eboot.bin,function,True,1,False,0,False,,,,,,False,,,,,
85zul--eGXs,sceSaveDataSetParam,libSceSaveData_native,libSceSaveData_native,eboot.bin,function,True,1,True,1,True,sceSaveDataSetParam,libSceSaveData,"Gen4, Gen5",SharpEmu.Libs.SaveData.SaveDataExports,SaveDataSetParam,False,src/SharpEmu.Libs/SaveData/SaveDataExports.cs,419,SaveDataSetParam,nontrivial_source_handler,38ed9ace84ad5b124416f0506edc081e0b236b387c502509af7cc4427c8fff08
88Rk5FV9QAs,_ZN3sce2Np9CppWebApi6Common6VectorINS2_12IntrusivePtrINS1_14SessionManager2V136UsersPlayerSessionsInvitationForReadEEEE5beginEv,libSceNpCppWebApi,libSceNpCppWebApi,eboot.bin,function,True,1,False,0,False,,,,,,False,,,,,
88Vv-AzHVj8,fmodf,libc,libc,eboot.bin,function,True,1,False,0,False,,,,,,False,,,,,
8EuesH8mP8c,_ZN3sce2Np9CppWebApi6Common15TransactionBaseINS2_12IntrusivePtrINS1_30CommunicationRestrictionStatus2V338CommunicationRestrictionStatusResponseEEENS4_INS2_18ResponseHeaderBaseEEEE6finishEv,libSceNpCppWebApi,libSceNpCppWebApi,eboot.bin,function,True,1,False,0,False,,,,,,False,,,,,
8FmKXIqakAY,_ZN3sce2Np9CppWebApi6Common11TransactionINS2_12IntrusivePtrINS1_14SessionManager2V136GetFriendsPlayerSessionsResponseBodyEEENS4_INS2_18ResponseHeaderBaseEEEED1Ev,libSceNpCppWebApi,libSceNpCppWebApi,eboot.bin,function,True,1,False,0,False,,,,,,False,,,,,
8G2LB+A3rzg,atexit,libc,libc,eboot.bin,function,True,1,True,1,True,atexit,libc,"Gen4, Gen5",SharpEmu.Libs.Kernel.KernelExports,Atexit,True,src/SharpEmu.Libs/Kernel/KernelExports.cs,121,Atexit,nontrivial_source_handler,a1b106b7d44c92594a6688e1250170a8248fd74067c07b9302de7a59927ae693
8Kcp5d-q1Uo,sceNetInetPton,libSceNet,libSceNet,eboot.bin,function,True,1,False,0,False,,,,,,False,,,,,
8Lo6Zv94aho,sceSystemServiceDisableNoticeScreenSkipFlagAutoSet,libSceSystemService,libSceSystemService,eboot.bin,function,True,1,False,0,False,,,,,,False,,,,,
8MExInxqXhE,_ZN3sce2Np9CppWebApi14SessionManager2V120RequestPlayerSession14setCustomData1EPKvm,libSceNpCppWebApi,libSceNpCppWebApi,eboot.bin,function,True,1,False,0,False,,,,,,False,,,,,
8N2tmT3jmC8,sceAgcDcbSetIndexCount,libSceAgc,libSceAgc,eboot.bin,function,True,1,True,1,True,sceAgcDcbSetIndexCount,libSceAgc,Gen5,SharpEmu.Libs.Agc.AgcExports,DcbSetIndexCount,True,src/SharpEmu.Libs/Agc/AgcExports.cs,2115,DcbSetIndexCount,nontrivial_source_handler,bd651a663b5a4d63b44378b74b5b2d846953b088a9cee5cf379a21c3ddf29d98
8OnWXlgQlvo,_sceKernelRtldThreadAtexitDecrement,libkernel,libkernel,sce_module/libc.prx,function,True,1,True,1,True,_sceKernelRtldThreadAtexitDecrement,libKernel,"Gen4, Gen5",SharpEmu.Libs.Kernel.KernelMemoryCompatExports,KernelRtldThreadAtexitDecrement,True,src/SharpEmu.Libs/Kernel/KernelMemoryCompatExports.cs,3602,KernelRtldThreadAtexitDecrement,nontrivial_source_handler,32eb2ecfab7d695d02f5f302c04fac9d94e0bb628174157b33781f5c2ec8c9e8
8PoKVfl28n0,_ZN3sce2Np9CppWebApi6Common6VectorINS2_12IntrusivePtrINS1_7Matches2V111AddedPlayerEEEEC1EPNS2_10LibContextE,libSceNpCppWebApi,libSceNpCppWebApi,eboot.bin,function,True,1,False,0,False,,,,,,False,,,,,
8U-CFwUXaoA,_ZN3sce2Np9CppWebApi6Common6VectorINS2_12IntrusivePtrINS1_7Matches2V113RemovedPlayerEEEEC1EPNS2_10LibContextE,libSceNpCppWebApi,libSceNpCppWebApi,eboot.bin,function,True,1,False,0,False,,,,,,False,,,,,
8VWyc8ke-uw,_ZN3sce2Np9CppWebApi6Common12IntrusivePtrINS1_14SessionManager2V129PostPlayerSessionsRequestBodyEEC1Ev,libSceNpCppWebApi,libSceNpCppWebApi,eboot.bin,function,True,1,False,0,False,,,,,,False,,,,,
8XTArSPyWHk,sceAudioOut2PortSetAttributes,libSceAudioOut2,libSceAudioOut,eboot.bin,function,True,1,True,1,True,sceAudioOut2PortSetAttributes,libSceAudioOut2,Gen5,SharpEmu.Libs.Audio.AudioOut2Exports,AudioOut2PortSetAttributes,True,src/SharpEmu.Libs/Audio/AudioOut2Exports.cs,281,AudioOut2PortSetAttributes,nontrivial_source_handler,8d359b670e8bd21b20707df56240c1d50aa7a3b2fd5914a006495fcc93f0522f
8aI7R7WaOlc,sceAmprCommandBufferConstructor,libSceAmpr,libSceAmpr,eboot.bin,function,True,1,True,1,True,sceAmprCommandBufferConstructor,libSceAmpr,Gen5,SharpEmu.Libs.Ampr.AmprExports,CommandBufferConstructor,True,src/SharpEmu.Libs/Ampr/AmprExports.cs,68,CommandBufferConstructor,nontrivial_source_handler,cbaa8063de3ecfc7032c39b4722c0038f6bcdbd8adf0573fe6f3e9d7beea3242
8cmupXHZgAw,_ZN3sce2Np9CppWebApi6Common12IntrusivePtrINS2_6VectorINS3_INS1_14SessionManager2V136UsersPlayerSessionsInvitationForReadEEEEEED1Ev,libSceNpCppWebApi,libSceNpCppWebApi,eboot.bin,function,True,1,False,0,False,,,,,,False,,,,,
8eqBiqB72AE,_ZN3sce2Np9CppWebApi6Common6VectorImE5beginEv,libSceNpCppWebApi,libSceNpCppWebApi,eboot.bin,function,True,1,False,0,False,,,,,,False,,,,,
8fkLx5ejxY8,_ZN3sce2Np9CppWebApi6Common12IntrusivePtrINS2_6VectorImEEED1Ev,libSceNpCppWebApi,libSceNpCppWebApi,eboot.bin,function,True,1,False,0,False,,,,,,False,,,,,
8lfvnRMqwEM,sceRtcGetCurrentClock,libSceRtc,libSceRtc,eboot.bin,function,True,1,True,1,True,sceRtcGetCurrentClock,libSceRtc,"Gen4, Gen5",SharpEmu.Libs.Rtc.RtcExports,RtcGetCurrentClock,True,src/SharpEmu.Libs/Rtc/RtcExports.cs,175,RtcGetCurrentClock,nontrivial_source_handler,3ce7d40386c55645ea31cf6930adc6b8a92c5ab9be76c54f710f60aed0748574
8mql9OcQnd4,sceKernelDeleteEventFlag,libkernel,libkernel,eboot.bin;sce_module/libSceJobManager.prx,function,True,2,True,1,True,sceKernelDeleteEventFlag,libKernel,"Gen4, Gen5",SharpEmu.Libs.Kernel.KernelEventFlagCompatExports,KernelDeleteEventFlag,True,src/SharpEmu.Libs/Kernel/KernelEventFlagCompatExports.cs,99,KernelDeleteEventFlag,nontrivial_source_handler,3628f392b54a93b388576c58b68c905d7cfe936362a007b28864b98f9ed64514
8nQGCoTYDcM,_ZNK3sce2Np9CppWebApi6Common12IntrusivePtrINS1_11UserProfile2V118GetFriendsResponseEEcvbEv,libSceNpCppWebApi,libSceNpCppWebApi,eboot.bin,function,True,1,False,0,False,,,,,,False,,,,,
8u8lPzUEq+U,memchr,libc,libc,eboot.bin,function,True,1,True,1,True,memchr,libc,"Gen4, Gen5",SharpEmu.Libs.Kernel.KernelMemoryCompatExports,Memchr,True,src/SharpEmu.Libs/Kernel/KernelMemoryCompatExports.cs,8536,Memchr,nontrivial_source_handler,8f23286861dad234071d08ff895bea0d096c676ec7f8dc4705462875d21ce6f8
8w-H19ip48I,sceRtcGetTick,libSceRtc,libSceRtc,eboot.bin,function,True,1,True,1,True,sceRtcGetTick,libSceRtc,"Gen4, Gen5",SharpEmu.Libs.Rtc.RtcExports,RtcGetTick,True,src/SharpEmu.Libs/Rtc/RtcExports.cs,415,RtcGetTick,nontrivial_source_handler,f82ad7b3fcc425bbfe9834de87f0cf5bb043241afee1e4cccbc19539a531ab0d
8x++mBOUeso,_ZN3sce2Np9CppWebApi6Common10InitParamsC1Ev,libSceNpCppWebApi,libSceNpCppWebApi,eboot.bin,function,True,1,False,0,False,,,,,,False,,,,,
8zLSfEfW5AU,sceCoredumpRegisterCoredumpHandler,libSceCoredump,libkernel,eboot.bin,function,True,1,True,1,True,sceCoredumpRegisterCoredumpHandler,libSceCoredump,"Gen4, Gen5",SharpEmu.Libs.Kernel.KernelExports,CoredumpRegisterHandler,True,src/SharpEmu.Libs/Kernel/KernelExports.cs,65,CoredumpRegisterHandler,nontrivial_source_handler,a8e8027d933b9674d7b8cb5d4d5dc374fb06a335eaebc11421b19541e3483ffb
8zTFvBIAIN8,memset,libSceLibcInternal;libc,libSceLibcInternal;libc,eboot.bin;sce_module/libSceJobManager.prx;sce_module/libSceNpCppWebApi.prx,function,True,3,True,1,True,memset,libc,"Gen4, Gen5",SharpEmu.Libs.Kernel.KernelMemoryCompatExports,Memset,True,src/SharpEmu.Libs/Kernel/KernelMemoryCompatExports.cs,430,Memset,nontrivial_source_handler,4b47cc75cde332d2922acb6276c4614297884e44325f6b7e75700924558b709c
8zsu04XNsZ4,expf,libc,libc,eboot.bin,function,True,1,False,0,False,,,,,,False,,,,,
959qrazPIrg,sceKernelGetProcParam,libkernel,libkernel,sce_module/libc.prx,function,True,1,True,1,True,sceKernelGetProcParam,libKernel,"Gen4, Gen5",SharpEmu.Libs.Kernel.KernelRuntimeCompatExports,KernelGetProcParam,True,src/SharpEmu.Libs/Kernel/KernelRuntimeCompatExports.cs,1027,KernelGetProcParam,nontrivial_source_handler,6b4813ea012791ba9c0be67743fd648d10c0aa95c507c9d4ff3a7ed50332823e
99b82IKXpH4,sceAppContentAppParamGetInt,libSceAppContent,libSceAppContentUtil,eboot.bin,function,True,1,True,1,True,sceAppContentAppParamGetInt,libSceAppContent,"Gen4, Gen5",SharpEmu.Libs.AppContent.AppContentExports,AppContentAppParamGetInt,True,src/SharpEmu.Libs/AppContent/AppContentExports.cs,70,AppContentAppParamGetInt,nontrivial_source_handler,cbd2b080e1a185996ed31d3008bdc891e7f0b7ec368d79ba50d7d21cffb09d63
99bMGglFW3I,sceRtcParseRFC3339,libSceRtc,libSceRtc,sce_module/libSceNpCppWebApi.prx,function,True,1,False,0,False,,,,,,False,,,,,
9BcDykPmo1I,__error,libkernel,libkernel,eboot.bin;sce_module/libc.prx,function,True,2,True,1,True,__error,libKernel,"Gen4, Gen5",SharpEmu.Libs.Kernel.KernelRuntimeCompatExports,ErrorAddress,True,src/SharpEmu.Libs/Kernel/KernelRuntimeCompatExports.cs,1284,ErrorAddress,nontrivial_source_handler,1f9407b6959e8db5750f02163aa386661ec53f2a4bfef17a82c10dc5dbfffd01
9FowWFMEIM8,sceRazorCpuJobManagerSequence,libSceRazorCpu,libSceRazorCpu,sce_module/libSceJobManager.prx,function,True,1,False,0,False,,,,,,False,,,,,
9IygJEdu7Lg,_ZN3sce2Np9CppWebApi30CommunicationRestrictionStatus2V333CommunicationRestrictionStatusApi44ParameterToGetCommunicationRestrictionStatus10initializeEPNS1_6Common10LibContextEm,libSceNpCppWebApi,libSceNpCppWebApi,eboot.bin,function,True,1,False,0,False,,,,,,False,,,,,
9KUZFjI1IxA,_ZN3sce4Json6StringC1EPKc,libSceJson2,libSceJson,eboot.bin;sce_module/libSceNpCppWebApi.prx,function,True,2,True,1,True,_ZN3sce4Json6StringC1EPKc,libSceJson,"Gen4, Gen5",SharpEmu.Libs.Json.JsonValueExports,StringCStringConstructor,False,src/SharpEmu.Libs/Json/JsonValueExports.cs,204,StringCStringConstructor,nontrivial_source_handler,797c310191e5cce5c98c9c322956abafc3aaddac04c63ae61663893f007714e0
9LCjpWyQ5Zc,pow,libc,libc,eboot.bin,function,True,1,True,1,True,pow,libc,"Gen4, Gen5",SharpEmu.Libs.Kernel.KernelRuntimeCompatExports,LibcPow,True,src/SharpEmu.Libs/Kernel/KernelRuntimeCompatExports.cs,524,LibcPow,nontrivial_source_handler,9d72f4865a29f11483f3f0d96abe493518fa2f9784ab0b38694a522ca57e3a6f
9PJfPHVOrVs,_ZN3sce2Np9CppWebApi6Common12IntrusivePtrINS1_7Matches2V119RequestInGameRosterEED1Ev,libSceNpCppWebApi,libSceNpCppWebApi,eboot.bin,function,True,1,False,0,False,,,,,,False,,,,,
9S4noWrUI0s,sceAgcDcbSetBaseDispatchIndirectArgsGetSize,libSceAgc,libSceAgc,eboot.bin,function,True,1,False,0,False,,,,,,False,,,,,
9TrhuGzberQ,sceVoiceInit,libSceVoice,libSceVoice,eboot.bin,function,True,1,False,0,False,,,,,,False,,,,,
9UK1vLZQft4,scePthreadMutexLock,libkernel,libkernel,eboot.bin;sce_module/libSceJobManager.prx;sce_module/libSceNpCppWebApi.prx;sce_module/libc.prx,function,True,4,True,1,True,scePthreadMutexLock,libKernel,"Gen4, Gen5",SharpEmu.Libs.Kernel.KernelPthreadCompatExports,PthreadMutexLock,True,src/SharpEmu.Libs/Kernel/KernelPthreadCompatExports.cs,210,PthreadMutexLock,nontrivial_source_handler,ef76b95cc28a9b9ada41e6099f4c46dc8c32cb310afd125bfe692d7af8a9f485
9X9+cneTGUU,sceNpWebApi2DeleteUserContext,libSceNpWebApi2,libSceNpWebApi2,eboot.bin,function,True,1,False,0,False,,,,,,False,,,,,
9bfdLIyuwCY,sceKernelMtypeprotect,libkernel,libkernel,eboot.bin,function,True,1,True,1,True,sceKernelMtypeprotect,libKernel,"Gen4, Gen5",SharpEmu.Libs.Kernel.KernelMemoryCompatExports,KernelMtypeprotect,True,src/SharpEmu.Libs/Kernel/KernelMemoryCompatExports.cs,4612,KernelMtypeprotect,nontrivial_source_handler,b6a7141adc763db584f9ef0f53fbe3bc3a82fc35c1200fec66f1df82eb7d7132
9ikEdF-YHFo,_ZNK3sce2Np9CppWebApi14SessionManager2V120PlayerSessionForRead17joinDisabledIsSetEv,libSceNpCppWebApi,libSceNpCppWebApi,eboot.bin,function,True,1,False,0,False,,,,,,False,,,,,
9lvj5DjHZiA,sceKernelPollEventFlag,libkernel,libkernel,sce_module/libSceJobManager.prx,function,True,1,True,1,True,sceKernelPollEventFlag,libKernel,"Gen4, Gen5",SharpEmu.Libs.Kernel.KernelEventFlagCompatExports,KernelPollEventFlag,True,src/SharpEmu.Libs/Kernel/KernelEventFlagCompatExports.cs,170,KernelPollEventFlag,nontrivial_source_handler,98c0684dffaa38cb33573d347e0e19e62311a9b9f8ab03cbe82cce42bc40119e
9p16KzQjIf4,_ZNK3sce2Np9CppWebApi6Common12IntrusivePtrINS2_6VectorINS3_INS1_14SessionManager2V136UsersPlayerSessionsInvitationForReadEEEEEEdeEv,libSceNpCppWebApi,libSceNpCppWebApi,eboot.bin,function,True,1,False,0,False,,,,,,False,,,,,
9rAeANT2tyE,__cxa_guard_release,libc,libc,eboot.bin,function,True,1,True,1,True,__cxa_guard_release,libc,"Gen4, Gen5",SharpEmu.Libs.CxxAbi.CxaGuardExports,CxaGuardRelease,True,src/SharpEmu.Libs/CxxAbiExports.cs,100,CxaGuardRelease,nontrivial_source_handler,274f376bab9fdb9678136e9bf06d1ce001399ee309c172a59b38308107964747
9uCGe-uPU+g,_ZN3sce2Np9CppWebApi6Common15TransactionBaseINS2_12IntrusivePtrINS1_14SessionManager2V129GetPlayerSessionsResponseBodyEEENS4_INS2_18ResponseHeaderBaseEEEE6finishEv,libSceNpCppWebApi,libSceNpCppWebApi,eboot.bin,function,True,1,False,0,False,,,,,,False,,,,,
9wO9XrMsNhc,sceNetRecv,libSceNet,libSceNet,eboot.bin,function,True,1,False,0,False,,,,,,False,,,,,
9y5v+fGN4Wk,sceAvPlayerPause,libSceAvPlayer,libSceAvPlayer,eboot.bin,function,True,1,True,1,True,sceAvPlayerPause,libSceAvPlayer,"Gen4, Gen5",SharpEmu.Libs.AvPlayer.AvPlayerExports,AvPlayerPause,True,src/SharpEmu.Libs/AvPlayer/AvPlayerExports.cs,385,AvPlayerPause,nontrivial_source_handler,3f1634969e15005693fe44d34c65549103b377eb7a0ca81e73cefc4c2484497c
9y9YsMBbUq0,_ZN3sce2Np9CppWebApi6Common6StringC1EPNS2_10LibContextE,libSceNpCppWebApi,libSceNpCppWebApi,eboot.bin,function,True,1,False,0,False,,,,,,False,,,,,
9yDWMxEFdJU,strrchr,libc,libc,eboot.bin,function,True,1,True,1,True,strrchr,libc,"Gen4, Gen5",SharpEmu.Libs.Kernel.KernelMemoryCompatExports,Strrchr,True,src/SharpEmu.Libs/Kernel/KernelMemoryCompatExports.cs,8496,Strrchr,nontrivial_source_handler,1dcd2c683750c506a2037067f47a290cb87c0843504845bc7b17d9a3fcc2b8dc
9yK6Fk8mKOQ,sceGameLiveStreamingTerminate,libSceGameLiveStreaming,libSceGameLiveStreaming,eboot.bin,function,True,1,False,0,False,,,,,,False,,,,,
A3vS8-6YhBM,_ZN3sce2Np9CppWebApi6Common11TransactionINS2_15DefaultResponseENS2_12IntrusivePtrINS2_18ResponseHeaderBaseEEEEC1Ev,libSceNpCppWebApi,libSceNpCppWebApi,eboot.bin,function,True,1,False,0,False,,,,,,False,,,,,
A9cVMUtEp4Y,sceHttpInit,libSceHttp,libSceHttp,eboot.bin,function,True,1,True,1,True,sceHttpInit,libSceHttp,"Gen4, Gen5",SharpEmu.Libs.Network.HttpExports,HttpInit,True,src/SharpEmu.Libs/Network/HttpExports.cs,28,HttpInit,nontrivial_source_handler,22d88abdb253066f21e1b62a55dcfe68791c66bb5c9c8f20e6efeec8e371b10c
AAeX-U5-P3M,sceAgcGetDefaultCxStateFlat,libSceAgc,libSceAgc,eboot.bin;sce_module/libSceJobManager.prx,function,True,2,False,0,False,,,,,,False,,,,,
AAj9X+4aGYA,sceNpWebApi2PushEventStartPushContextCallback,libSceNpWebApi2,libSceNpWebApi2,eboot.bin,function,True,1,False,0,False,,,,,,False,,,,,
AEJdIVZTEmo,qsort,libc,libc,eboot.bin,function,True,1,True,1,True,qsort,libc,"Gen4, Gen5",SharpEmu.Libs.Kernel.KernelMemoryCompatExports,Qsort,True,src/SharpEmu.Libs/Kernel/KernelMemoryCompatExports.cs,1892,Qsort,nontrivial_source_handler,e70c4aa38e42eac11e7cdf984181e438012690ee0bfc163b5b47788807031636
AFIh8SQkYlQ,sceAgcDcbSetIndexIndirectArgsGetSize,libSceAgc,libSceAgc,eboot.bin,function,True,1,False,0,False,,,,,,False,,,,,
ANB19+6-3fg,_ZN3sce2Np9CppWebApi6Common11TransactionINS2_12IntrusivePtrINS1_30CommunicationRestrictionStatus2V338CommunicationRestrictionStatusResponseEEENS4_INS2_18ResponseHeaderBaseEEEEC1Ev,libSceNpCppWebApi,libSceNpCppWebApi,eboot.bin,function,True,1,False,0,False,,,,,,False,,,,,
AOLcoIkQDgM,sceAgcDriverQueryResourceRegistrationUserMemoryRequirements,libSceAgcDriver,libSceAgcDriver,eboot.bin,function,True,1,True,1,True,sceAgcDriverQueryResourceRegistrationUserMemoryRequirements,libSceAgc,Gen5,SharpEmu.Libs.Agc.AgcExports,DriverQueryResourceRegistrationUserMemoryRequirements,False,src/SharpEmu.Libs/Agc/AgcExports.cs,13783,DriverQueryResourceRegistrationUserMemoryRequirements,nontrivial_source_handler,cd6aa1f1e2864d8b6bb93b3b47d78fc2c552acc9d781ed351e366a3e5e8aef49
ASoW5WE-UPo,sceKernelAprSubmitCommandBufferAndGetResult,libkernel,libkernel,eboot.bin,function,True,1,True,1,True,sceKernelAprSubmitCommandBufferAndGetResult,libKernel,"Gen4, Gen5",SharpEmu.Libs.Kernel.KernelAprCompatExports,KernelAprSubmitCommandBufferAndGetResult,True,src/SharpEmu.Libs/Kernel/KernelAprCompatExports.cs,26,KernelAprSubmitCommandBufferAndGetResult,nontrivial_source_handler,f1fdbf376fdfbb79709cb97f2b7476fc0783093e87e26559fb56cca16e7151aa
AUIHb7jUX3I,sceNpUniversalDataSystemDestroyHandle,libSceNpUniversalDataSystem,libSceNpUniversalDataSystem,eboot.bin,function,True,1,True,1,True,sceNpUniversalDataSystemDestroyHandle,libSceNpUniversalDataSystem,"Gen4, Gen5",SharpEmu.Libs.Np.NpUniversalDataSystemExports,NpUniversalDataSystemDestroyHandle,True,src/SharpEmu.Libs/Np/NpUniversalDataSystemExports.cs,259,NpUniversalDataSystemDestroyHandle,nontrivial_source_handler,8bd09fe4c679e34cc4a3a306135206b3c6189c617b9bee132cf7f29d74af4591
AUXVxWeJU-A,sceKernelUnlink,libkernel,libkernel,eboot.bin;sce_module/libc.prx,function,True,2,True,1,True,sceKernelUnlink,libKernel,"Gen4, Gen5",SharpEmu.Libs.Kernel.KernelMemoryCompatExports,KernelUnlink,True,src/SharpEmu.Libs/Kernel/KernelMemoryCompatExports.cs,2988,KernelUnlink,nontrivial_source_handler,7b51fd07c3359d6144cffdf66361123ef3be0d1559c7750527ad7d3f8b461999
AV6ipCNa4Rw,strcasecmp,libc,libc,eboot.bin,function,True,1,True,1,True,strcasecmp,libc,"Gen4, Gen5",SharpEmu.Libs.Kernel.KernelMemoryCompatExports,Strcasecmp,True,src/SharpEmu.Libs/Kernel/KernelMemoryCompatExports.cs,8318,Strcasecmp,nontrivial_source_handler,acbbb298c85e7564b05b52abd865b545c9c225efca0b324238c08460d9d2c35e
Abendgtz+3o,sceAgcCbDispatchGetSize,libSceAgc,libSceAgc,eboot.bin;sce_module/libSceJobManager.prx,function,True,2,False,0,False,,,,,,False,,,,,
AcMT1Y+7ixU,_ZN3sce2Np9CppWebApi6Common6VectorINS2_12IntrusivePtrINS1_7Matches2V113RequestMemberEEEE8pushBackERKS8_,libSceNpCppWebApi,libSceNpCppWebApi,eboot.bin,function,True,1,False,0,False,,,,,,False,,,,,
AgbJ+Bkbp2U,_ZN3sce2Np9CppWebApi6Common6VectorINS2_12IntrusivePtrINS1_7Matches2V113RemovedPlayerEEEE8pushBackERKS8_,libSceNpCppWebApi,libSceNpCppWebApi,eboot.bin,function,True,1,False,0,False,,,,,,False,,,,,
AhGvpITrf4M,sceAgcDriverAgrSubmitDcb,libSceAgcDriver,libSceAgcDriver,eboot.bin;sce_module/libSceJobManager.prx,function,True,2,False,0,False,,,,,,False,,,,,
Ao2YNSA7-Qo,sceVoiceStop,libSceVoice,libSceVoice,eboot.bin,function,True,1,False,0,False,,,,,,False,,,,,
ApkYaHb8Sek,sceKernelAprGetFileStat,libkernel,libkernel,eboot.bin,function,True,1,True,1,True,sceKernelAprGetFileStat,libKernel,"Gen4, Gen5",SharpEmu.Libs.Kernel.KernelMemoryCompatExports,KernelAprGetFileStat,True,src/SharpEmu.Libs/Kernel/KernelMemoryCompatExports.cs,2931,KernelAprGetFileStat,nontrivial_source_handler,98e2d18cee452175fe74eadb40702e994002a7693a15c4aa6d0af16723225ccb
Av3zjWi64Kw,strftime,libc,libc,eboot.bin,function,True,1,True,1,True,strftime,libc,Gen5,SharpEmu.Libs.Kernel.KernelRuntimeCompatExports,LibcStrftime,True,src/SharpEmu.Libs/Kernel/KernelRuntimeCompatExports.cs,604,LibcStrftime,nontrivial_source_handler,ea9202961a9a6151a36b0625cb065f4ae5bdde86dd7e5d05a234cfe98a67a8d6
AxoDrINp4J8,sceAjmInstanceCreate,libSceAjm,libSceAjm,eboot.bin,function,True,1,True,1,True,sceAjmInstanceCreate,libSceAjm,"Gen4, Gen5",SharpEmu.Libs.Audio.AjmExports,AjmInstanceCreate,True,src/SharpEmu.Libs/Audio/AjmExports.cs,119,AjmInstanceCreate,nontrivial_source_handler,4e8903841e8ee46a10207c513ed1176ab011e9f44fd0ad8a4285846d4857cc30
AzRzzMkPW-g,_ZN3sce2Np9CppWebApi6Common6VectorINS2_12IntrusivePtrINS1_7Matches2V118RequestMatchPlayerEEEE8pushBackERKS8_,libSceNpCppWebApi,libSceNpCppWebApi,eboot.bin,function,True,1,False,0,False,,,,,,False,,,,,
B+aG9DUnTKA,sceAgcDcbDrawIndexOffset,libSceAgc,libSceAgc,eboot.bin,function,True,1,True,1,True,sceAgcDcbDrawIndexOffset,libSceAgc,Gen5,SharpEmu.Libs.Agc.AgcExports,DcbDrawIndexOffset,True,src/SharpEmu.Libs/Agc/AgcExports.cs,3269,DcbDrawIndexOffset,nontrivial_source_handler,476d71f44b2a272cabd60d1e6d28f75740874440601fe26e3c4ff5f93c966ac0
B+vc2AO2Zrc,sceKernelAllocateMainDirectMemory,libkernel,libkernel,eboot.bin,function,True,1,True,1,True,sceKernelAllocateMainDirectMemory,libKernel,"Gen4, Gen5",SharpEmu.Libs.Kernel.KernelMemoryCompatExports,KernelAllocateMainDirectMemory,True,src/SharpEmu.Libs/Kernel/KernelMemoryCompatExports.cs,3845,KernelAllocateMainDirectMemory,nontrivial_source_handler,349a0df03f33e8c8191c530cc3187cfedf58d0946d926be2dc602cec67041255
BG26hBGiNlw,_sceUlobjmgrRegisterObject,ulobjmgr,ulobjmgr,sce_module/libSceJobManager.prx,function,True,1,False,0,False,,,,,,False,,,,,
BHouLQzh0X0,sceKernelDirectMemoryQuery,libkernel,libkernel,eboot.bin,function,True,1,True,1,True,sceKernelDirectMemoryQuery,libKernel,"Gen4, Gen5",SharpEmu.Libs.Kernel.KernelMemoryCompatExports,KernelDirectMemoryQuery,True,src/SharpEmu.Libs/Kernel/KernelMemoryCompatExports.cs,4530,KernelDirectMemoryQuery,nontrivial_source_handler,8ab3ed9e8deebeb26e76b2a81ac3642fe54c9d4ca2ab6d9ca7a8968a5b83f32b
BIPexNBSGog,sceAgcDcbCondExec,libSceAgc,libSceAgc,eboot.bin,function,True,1,False,0,False,,,,,,False,,,,,
BLeUlxPwr5w,_ZN3sce2Np9CppWebApi6Common12IntrusivePtrINS1_14SessionManager2V115LocalizedStringEEC1Ev,libSceNpCppWebApi,libSceNpCppWebApi,eboot.bin,function,True,1,False,0,False,,,,,,False,,,,,
BOwybKVa3Do,sceRemoteplayTerminate,libSceRemoteplay,libSceRemoteplay,eboot.bin,function,True,1,False,0,False,,,,,,False,,,,,
BQ-8I4FcCQs,_ZN3sce2Np9CppWebApi6Common11TransactionINS2_12IntrusivePtrINS1_14SessionManager2V154GetUsersAccountIdPlayerSessionsInvitationsResponseBodyEEENS4_INS2_18ResponseHeaderBaseEEEEC1Ev,libSceNpCppWebApi,libSceNpCppWebApi,eboot.bin,function,True,1,False,0,False,,,,,,False,,,,,
BVmR1H8l+XI,sceAmprAprCommandBufferReadFileGatherScatter,libSceAmpr,libSceAmpr,eboot.bin,function,True,1,False,0,False,,,,,,False,,,,,
BYIZGKm6bO4,sceNpBandwidthTestGetStatus,libSceNpUtility,libSceNpUtility,eboot.bin,function,True,1,False,0,False,,,,,,False,,,,,
BYZVTUTk-DI,_ZN3sce2Np9CppWebApi6Common12IntrusivePtrINS1_7Matches2V116JoinMatchRequestEED1Ev,libSceNpCppWebApi,libSceNpCppWebApi,eboot.bin,function,True,1,False,0,False,,,,,,False,,,,,
Bagshr7OQ6Q,sceNpTrophy2CreateContext,libSceNpTrophy2,libSceNpTrophy2,eboot.bin,function,True,1,True,1,True,sceNpTrophy2CreateContext,libSceNpTrophy2,Gen5,SharpEmu.Libs.Np.NpTrophy2Exports,NpTrophy2CreateContext,True,src/SharpEmu.Libs/Np/NpTrophy2Exports.cs,19,NpTrophy2CreateContext,nontrivial_source_handler,9cbb22e9a52fc7556c6206a6f0584ca642de0077b77f4dffee90c5c4ff7d0ec5
BciGnJSuegU,_ZN3sce2Np9CppWebApi6Common12IntrusivePtrINS1_14SessionManager2V149PostPlayerSessionsSessionIdInvitationsRequestBodyEEC1ERS7_,libSceNpCppWebApi,libSceNpCppWebApi,eboot.bin,function,True,1,False,0,False,,,,,,False,,,,,
BetvGamJgGo,_ZNK3sce2Np9CppWebApi14SessionManager2V136UsersPlayerSessionsInvitationForRead15getInvitationIdEv,libSceNpCppWebApi,libSceNpCppWebApi,eboot.bin,function,True,1,False,0,False,,,,,,False,,,,,
BgDtc93upnM,_ZN3sce2Np9CppWebApi6Common6String6appendEPKc,libSceNpCppWebApi,libSceNpCppWebApi,eboot.bin,function,True,1,False,0,False,,,,,,False,,,,,
BmMjYxmew1w,scePthreadCondTimedwait,libkernel,libkernel,eboot.bin;sce_module/libc.prx,function,True,2,True,1,True,scePthreadCondTimedwait,libKernel,"Gen4, Gen5",SharpEmu.Libs.Kernel.KernelPthreadCompatExports,PthreadCondTimedwait,True,src/SharpEmu.Libs/Kernel/KernelPthreadCompatExports.cs,385,PthreadCondTimedwait,nontrivial_source_handler,ff779d43e5ebf62df5edd34ca6a0c06c8cfa5969714a40af1b52bf7c41aab6da
BoakAg6TFe4,_ZN3sce2Np9CppWebApi6Common6VectorINS2_12IntrusivePtrINS1_14SessionManager2V132RequestCreatePlayerSessionPlayerEEEE8pushBackERKS8_,libSceNpCppWebApi,libSceNpCppWebApi,eboot.bin,function,True,1,False,0,False,,,,,,False,,,,,
BpFoboUJoZU,sceKernelCreateEventFlag,libkernel,libkernel,eboot.bin;sce_module/libSceJobManager.prx,function,True,2,True,1,True,sceKernelCreateEventFlag,libKernel,"Gen4, Gen5",SharpEmu.Libs.Kernel.KernelEventFlagCompatExports,KernelCreateEventFlag,True,src/SharpEmu.Libs/Kernel/KernelEventFlagCompatExports.cs,50,KernelCreateEventFlag,nontrivial_source_handler,bb2d52c6313eca5c1b4e42a587d5085b00b30def3208a173b6612127a7c4bb32
BtqmpTRXHgk,sceRtcGetTime_t,libSceRtc,libSceRtc,eboot.bin,function,True,1,True,1,True,sceRtcGetTime_t,libSceRtc,"Gen4, Gen5",SharpEmu.Libs.Rtc.RtcExports,RtcGetTimeT,True,src/SharpEmu.Libs/Rtc/RtcExports.cs,463,RtcGetTimeT,nontrivial_source_handler,3f7ef8cf3ba27fafe2246e2edbf17cf562c6dd5cac337326531b7c02b9b5cb2d
Bw31liTFT3A,sceSigninDialogUpdateStatus,libSceSigninDialog,libSceSigninDialog,eboot.bin,function,True,1,False,0,False,,,,,,False,,,,,
BzPo4ufGQYc,_ZN3sce2Np9CppWebApi6Common12IntrusivePtrINS1_7Matches2V117LeaveMatchRequestEEC1ERS7_,libSceNpCppWebApi,libSceNpCppWebApi,eboot.bin,function,True,1,False,0,False,,,,,,False,,,,,
C+Khtbbx2g8,sceKernelAprResolveFilepathsWithPrefixToIdsAndFileSizesForEach,libkernel,libkernel,eboot.bin,function,True,1,False,0,False,,,,,,False,,,,,
C4UgDHHPvdw,sceNetResolverCreate,libSceNet,libSceNet,eboot.bin,function,True,1,True,1,True,sceNetResolverCreate,libSceNet,"Gen4, Gen5",SharpEmu.Libs.Network.NetExports,NetResolverCreate,True,src/SharpEmu.Libs/Network/NetExports.cs,400,NetResolverCreate,nontrivial_source_handler,71af9328bdb8b82d00bb338e1771e0c674c85020a0fa9c6fec98f0167e930837
C4l9fB17t8w,sceAgcDcbEventWriteGetSize,libSceAgc,libSceAgc,eboot.bin,function,True,1,False,0,False,,,,,,False,,,,,
CBiu4mCE1DA,sceVideoOutSetFlipRate,libSceVideoOut,libSceVideoOut,eboot.bin,function,True,1,True,1,True,sceVideoOutSetFlipRate,libSceVideoOut,"Gen4, Gen5",SharpEmu.Libs.VideoOut.VideoOutExports,VideoOutSetFlipRate,True,src/SharpEmu.Libs/VideoOut/VideoOutExports.cs,460,VideoOutSetFlipRate,nontrivial_source_handler,16698a0cd0c7990db7871266c1fce487fd4ad9e6b435f59ef0b3ee2da39b98bd
CEWIEloY-0Q,_ZN3sce2Np9CppWebApi6Common15TransactionBaseINS2_12IntrusivePtrINS1_14SessionManager2V150PostPlayerSessionsSessionIdInvitationsResponseBodyEEENS4_INS2_18ResponseHeaderBaseEEEE6finishEv,libSceNpCppWebApi,libSceNpCppWebApi,eboot.bin,function,True,1,False,0,False,,,,,,False,,,,,
CMZjWpI9jMA,_ZN3sce2Np9CppWebApi6Common12IntrusivePtrINS1_14SessionManager2V12ToEEC1Ev,libSceNpCppWebApi,libSceNpCppWebApi,eboot.bin,function,True,1,False,0,False,,,,,,False,,,,,
CQYCVS5HneM,_ZN3sce2Np9CppWebApi6Common13ConstIteratorINS2_12IntrusivePtrINS1_14SessionManager2V16FriendEEEED2Ev,libSceNpCppWebApi,libSceNpCppWebApi,eboot.bin,function,True,1,False,0,False,,,,,,False,,,,,
CRD+jSErEJQ,sceImeDialogGetPanelSizeExtended,libSceImeDialog,libSceImeDialog,eboot.bin,function,True,1,False,0,False,,,,,,False,,,,,
CbQh3DKMSno,sceAgcAcbCopyDataGetSize,libSceAgc,libSceAgc,eboot.bin;sce_module/libSceJobManager.prx,function,True,2,False,0,False,,,,,,False,,,,,
CdWp0oHWGr0,sceUserServiceGetInitialUser,libSceUserService,libSceUserService,eboot.bin,function,True,1,True,1,True,sceUserServiceGetInitialUser,libSceUserService,"Gen4, Gen5",SharpEmu.Libs.UserService.UserServiceExports,UserServiceGetInitialUser,True,src/SharpEmu.Libs/UserService/UserServiceExports.cs,43,UserServiceGetInitialUser,nontrivial_source_handler,3ae4a15e96b27e638372092ed7b3240c747829448ac0c8060eed58bdf40c78a8
Ce3mEsqP6jI,_ZNK3sce2Np9CppWebApi6Common12IntrusivePtrINS2_6VectorINS3_INS1_14SessionManager2V120PlayerSessionForReadEEEEEEcvbEv,libSceNpCppWebApi,libSceNpCppWebApi,eboot.bin,function,True,1,False,0,False,,,,,,False,,,,,
CfkjC51cAZU,_ZN3sce2Np9CppWebApi7Matches2V111AddedPlayer13setPlayerNameEPKc,libSceNpCppWebApi,libSceNpCppWebApi,eboot.bin,function,True,1,False,0,False,,,,,,False,,,,,
Cg4srZ6TKbU,sceKernelRead,libkernel,libkernel,eboot.bin,function,True,1,True,1,True,sceKernelRead,libKernel,"Gen4, Gen5",SharpEmu.Libs.Kernel.KernelMemoryCompatExports,KernelRead,True,src/SharpEmu.Libs/Kernel/KernelMemoryCompatExports.cs,3274,KernelRead,nontrivial_source_handler,88a597b28274cfab17fb36e06f1ed1f96a73604b80605c01e5e3eb6aee05940e
CgdJ1PkIsE4,scePlayerSelectionDialogTerminate,libScePlayerSelectionDialog,libScePlayerSelectionDialog,eboot.bin,function,True,1,False,0,False,,,,,,False,,,,,
ClnsFLLLcss,sceAmprMeasureCommandSizeWaitOnCounter_04_00,libSceAmpr,libSceAmpr,eboot.bin,function,True,1,False,0,False,,,,,,False,,,,,
CrLqDwWLoXM,sceVoiceGetPortInfo,libSceVoice,libSceVoice,eboot.bin,function,True,1,False,0,False,,,,,,False,,,,,
CtB+A9-VxO0,sceAgcDcbDispatchIndirect,libSceAgc,libSceAgc,eboot.bin,function,True,1,True,1,True,sceAgcDcbDispatchIndirect,libSceAgc,Gen5,SharpEmu.Libs.Agc.AgcExports,DcbDispatchIndirect,True,src/SharpEmu.Libs/Agc/AgcExports.cs,2799,DcbDispatchIndirect,nontrivial_source_handler,4e19303fd6eb64c7890854c2ac46f406dd4489cbb5d04d3ddc68bbcaa6ca091a
Cxwy7wHq4J0,_ZN3sce4Json11Initializer10initializeEPKNS0_13InitParameterE,libSceJson2,libSceJson,eboot.bin,function,True,1,True,1,True,_ZN3sce4Json11Initializer10initializeEPKNS0_13InitParameterE,libSceJson,"Gen4, Gen5",SharpEmu.Libs.Json.JsonExports,InitializerInitialize,False,src/SharpEmu.Libs/Json/JsonExports.cs,125,InitializerInitialize,nontrivial_source_handler,211df809c9ced22bd7fff6897d5cf528e4abf490fdf01ee657a9aa41b079985d
CzkKf7ahIyU,sceNpUniversalDataSystemPostEvent,libSceNpUniversalDataSystem,libSceNpUniversalDataSystem,eboot.bin,function,True,1,True,1,True,sceNpUniversalDataSystemPostEvent,libSceNpUniversalDataSystem,"Gen4, Gen5",SharpEmu.Libs.Np.NpUniversalDataSystemExports,NpUniversalDataSystemPostEvent,True,src/SharpEmu.Libs/Np/NpUniversalDataSystemExports.cs,239,NpUniversalDataSystemPostEvent,nontrivial_source_handler,8bd09fe4c679e34cc4a3a306135206b3c6189c617b9bee132cf7f29d74af4591
D0OdFMjp46I,sceKernelCreateEqueue,libkernel,libkernel,sce_module/libSceJobManager.prx,function,True,1,True,1,True,sceKernelCreateEqueue,libKernel,"Gen4, Gen5",SharpEmu.Libs.Kernel.KernelEventQueueCompatExports,KernelCreateEqueue,True,src/SharpEmu.Libs/Kernel/KernelEventQueueCompatExports.cs,114,KernelCreateEqueue,nontrivial_source_handler,c5949805353836055a30b0f5ea4fae72ce473f8adc937b57da741910a1468587
D2VtRktPSZw,_ZN3sce2Np9CppWebApi6Common6VectorINS2_12IntrusivePtrINS1_14SessionManager2V125FriendJoinedPlayerSessionEEEEixEm,libSceNpCppWebApi,libSceNpCppWebApi,eboot.bin,function,True,1,False,0,False,,,,,,False,,,,,
D9sr1xGUriE,sceAgcCreatePrimState,libSceAgc,libSceAgc,eboot.bin;sce_module/libSceJobManager.prx,function,True,2,True,1,True,sceAgcCreatePrimState,libSceAgc,Gen5,SharpEmu.Libs.Agc.AgcExports,CreatePrimState,True,src/SharpEmu.Libs/Agc/AgcExports.cs,1332,CreatePrimState,nontrivial_source_handler,b31331d2936347eca75bc3b1d00019cf19896bbc5ce9a26780ef73b94cf9b308
DHmwsa6S8Tc,sceNpCommerceShowPsStoreIcon,libSceNpCommerce,libSceNpCommerce,eboot.bin,function,True,1,False,0,False,,,,,,False,,,,,
DImz2Ft9E2g,sceAudioOut2GetSpeakerInfo,libSceAudioOut2,libSceAudioOut,eboot.bin,function,True,1,True,1,True,sceAudioOut2GetSpeakerInfo,libSceAudioOut2,Gen5,SharpEmu.Libs.Audio.AudioOut2Exports,AudioOut2GetSpeakerInfo,True,src/SharpEmu.Libs/Audio/AudioOut2Exports.cs,316,AudioOut2GetSpeakerInfo,nontrivial_source_handler,e89576b851dbc11932eaef3e829b6fb5dbedb93e06cdeff589f6fddccf6488a2
DIxvoy7Ngvk,_ZNK3sce4Json5Value10getIntegerEv,libSceJson2,libSceJson,sce_module/libSceNpCppWebApi.prx,function,True,1,True,1,True,_ZNK3sce4Json5Value10getIntegerEv,libSceJson,"Gen4, Gen5",SharpEmu.Libs.Json.JsonExports,ValueGetInteger,False,src/SharpEmu.Libs/Json/JsonExports.cs,471,ValueGetInteger,nontrivial_source_handler,e0d17970ae9dadc379abbfa518892fe00840efa5f1f07285b89524f6e566a920
DJAhLAw+plk,_ZN3sce2Np9CppWebApi6Common12IntrusivePtrINS1_14SessionManager2V136GetFriendsPlayerSessionsResponseBodyEED1Ev,libSceNpCppWebApi,libSceNpCppWebApi,eboot.bin,function,True,1,False,0,False,,,,,,False,,,,,
DL2RXaXOy88,sceAgcDriverDeleteEqEvent,libSceAgcDriver,libSceAgcDriver,eboot.bin;sce_module/libSceJobManager.prx,function,True,2,True,1,True,sceAgcDriverDeleteEqEvent,libSceAgcDriver,Gen5,SharpEmu.Libs.Agc.AgcExports,DriverDeleteEqEvent,True,src/SharpEmu.Libs/Agc/AgcExports.cs,3385,DriverDeleteEqEvent,nontrivial_source_handler,89f532ce0d63ec47acaf4ef8d5421baca4e8255785b59061c095109b33a5aaab
DLfoNxTFNVk,sceAmprCommandBufferWaitOnAddress_04_00,libSceAmpr,libSceAmpr,eboot.bin,function,True,1,False,0,False,,,,,,False,,,,,
DNmJw98YzUU,_ZN3sce2Np9CppWebApi6Common6StringD1Ev,libSceNpCppWebApi,libSceNpCppWebApi,eboot.bin,function,True,1,False,0,False,,,,,,False,,,,,
DRuBt2pvICk,_read,libkernel,libkernel,sce_module/libc.prx,function,True,1,True,1,True,_read,libKernel,"Gen4, Gen5",SharpEmu.Libs.Kernel.KernelMemoryCompatExports,KernelReadUnderscore,True,src/SharpEmu.Libs/Kernel/KernelMemoryCompatExports.cs,3189,KernelReadUnderscore,nontrivial_source_handler,b2530e17b02809f7d5f0e60b5d0c4c050d986b9e93cf781d44868ac98480d7b6
DT39dZn0J+c,_ZN3sce2Np9CppWebApi6Common12IntrusivePtrINS2_6VectorINS3_INS1_11UserProfile2V112BasicProfileEEEEEEC1Ev,libSceNpCppWebApi,libSceNpCppWebApi,eboot.bin,function,True,1,False,0,False,,,,,,False,,,,,
DXlC3IrK2Ts,_ZN3sce2Np9CppWebApi11UserProfile2V124GetBlockingUsersResponse9getBlocksEv,libSceNpCppWebApi,libSceNpCppWebApi,eboot.bin,function,True,1,False,0,False,,,,,,False,,,,,
DXmgc5op8Yw,sceAmprMeasureCommandSizeReadFileGatherScatter,libSceAmpr,libSceAmpr,eboot.bin,function,True,1,False,0,False,,,,,,False,,,,,
Dbbkj6YHWdo,sceCoredumpWriteUserData,libSceCoredump,libkernel,eboot.bin,function,True,1,False,0,False,,,,,,False,,,,,
Ddwk4gLT5j0,sceAgcDriverIsCaptureInProgress,libSceAgcDriver,libSceAgcDriver,eboot.bin;sce_module/libSceJobManager.prx,function,True,2,False,0,False,,,,,,False,,,,,
DfSCDRA3EjY,sceNpCommerceDialogOpen,libSceNpCommerce,libSceNpCommerce,eboot.bin,function,True,1,False,0,False,,,,,,False,,,,,
DfivPArhucg,memcmp,libc,libc,eboot.bin,function,True,1,True,1,True,memcmp,libc,"Gen4, Gen5",SharpEmu.Libs.Kernel.KernelMemoryCompatExports,Memcmp,True,src/SharpEmu.Libs/Kernel/KernelMemoryCompatExports.cs,1848,Memcmp,nontrivial_source_handler,3e79d27b4abc426746ec93f6cb32aa1f6d9af01061af9a45d3126faa11f52e58
DrekXkm+oxg,_ZN3sce2Np9CppWebApi6Common15DefaultResponseC1Ev,libSceNpCppWebApi,libSceNpCppWebApi,eboot.bin,function,True,1,False,0,False,,,,,,False,,,,,
DscD1i9HX1w,scePadResetLightBar,libScePad,libScePad,eboot.bin,function,True,1,True,1,True,scePadResetLightBar,libScePad,"Gen4, Gen5",SharpEmu.Libs.Pad.PadExports,PadResetLightBar,True,src/SharpEmu.Libs/Pad/PadExports.cs,534,PadResetLightBar,nontrivial_source_handler,04635e5fce72a5e39486c29d81d2f9a0e8516ee5f584833e8f34dba61c8aa391
DsjBETa6xGg,_ZNK3sce2Np9CppWebApi6Common12IntrusivePtrINS1_14SessionManager2V129GetPlayerSessionsResponseBodyEEptEv,libSceNpCppWebApi,libSceNpCppWebApi,eboot.bin,function,True,1,False,0,False,,,,,,False,,,,,
DwICrVxerkY,sceAgcAcbRewind,libSceAgc,libSceAgc,eboot.bin;sce_module/libSceJobManager.prx,function,True,2,False,0,False,,,,,,False,,,,,
DxyfpphZzhM,_ZN3sce2Np9CppWebApi6Common6VectorINS2_12IntrusivePtrINS1_11UserProfile2V112BasicProfileEEEEixEm,libSceNpCppWebApi,libSceNpCppWebApi,eboot.bin,function,True,1,False,0,False,,,,,,False,,,,,
DzES9hQF4f4,scePthreadAttrSetschedparam,libkernel,libkernel,eboot.bin;sce_module/libSceJobManager.prx;sce_module/libSceNpCppWebApi.prx;sce_module/libc.prx,function,True,4,True,1,True,scePthreadAttrSetschedparam,libKernel,"Gen4, Gen5",SharpEmu.Libs.Kernel.KernelPthreadExtendedCompatExports,PthreadAttrSetschedparam,True,src/SharpEmu.Libs/Kernel/KernelPthreadExtendedCompatExports.cs,1241,PthreadAttrSetschedparam,nontrivial_source_handler,7f1968cf2909904ff63329f96e52241ae6f8fdc0a29a1295dd7fd5f102cd1a31
E0CTYxeKBnw,_ZN3sce2Np9CppWebApi6Common11TransactionINS2_12IntrusivePtrINS1_30CommunicationRestrictionStatus2V338CommunicationRestrictionStatusResponseEEENS4_INS2_18ResponseHeaderBaseEEEED1Ev,libSceNpCppWebApi,libSceNpCppWebApi,eboot.bin,function,True,1,False,0,False,,,,,,False,,,,,
E6ao34wPw+U,stat,libScePosix,libkernel,eboot.bin,function,True,1,True,1,True,stat,libc,"Gen4, Gen5",SharpEmu.Libs.Kernel.KernelMemoryCompatExports,PosixStat,False,src/SharpEmu.Libs/Kernel/KernelMemoryCompatExports.cs,2725,PosixStat,nontrivial_source_handler,4da4e612d475147d14d6b904b4a4b60b1135f697f5f97114f5197c6bc48f3571
E8pPjlz943E,_ZN3sce2Np9CppWebApi14SessionManager2V117PlayerSessionsApi31ParameterToCreatePlayerSessions10initializeEPNS1_6Common10LibContextENS6_12IntrusivePtrINS3_29PostPlayerSessionsRequestBodyEEE,libSceNpCppWebApi,libSceNpCppWebApi,eboot.bin,function,True,1,False,0,False,,,,,,False,,,,,
EBjE6sitQCI,_ZNK3sce2Np9CppWebApi6Common12IntrusivePtrINS1_14SessionManager2V110FromMemberEEptEv,libSceNpCppWebApi,libSceNpCppWebApi,eboot.bin,function,True,1,False,0,False,,,,,,False,,,,,
EGYpmwU7ra4,_ZNK3sce2Np9CppWebApi6Common12IntrusivePtrINS1_7Matches2V119RequestInGameRosterEEptEv,libSceNpCppWebApi,libSceNpCppWebApi,eboot.bin,function,True,1,False,0,False,,,,,,False,,,,,
EH-x713A99c,atan2f,libc,libc,eboot.bin,function,True,1,False,0,False,,,,,,False,,,,,
EHsF2i9FXPM,sceLibcInternalBacktraceForGame,libSceLibcInternalExt,libSceLibcInternal,sce_module/libc.prx,function,True,1,False,0,False,,,,,,False,,,,,
EI-5-jlq2dE,scePthreadGetthreadid,libkernel,libkernel,sce_module/libSceJobManager.prx,function,True,1,True,1,True,scePthreadGetthreadid,libKernel,"Gen4, Gen5",SharpEmu.Libs.Kernel.KernelPthreadCompatExports,PthreadGetthreadid,True,src/SharpEmu.Libs/Kernel/KernelPthreadCompatExports.cs,182,PthreadGetthreadid,nontrivial_source_handler,d9b4333295522a66fefe4b499dfc9bc6d6652bf945d14e05f15844d4d636df6b
EMutwaQ34Jo,perror,libc,libc,eboot.bin,function,True,1,True,1,True,perror,libc,"Gen4, Gen5",SharpEmu.Libs.Kernel.KernelExports,Perror,True,src/SharpEmu.Libs/Kernel/KernelExports.cs,505,Perror,nontrivial_source_handler,8c7f415bb482a87bf2b9c30090ebde3a8249340f20b6654c213abbfc96582a6e
ERuf9y0DY84,_ZN3sce4Json6ObjectixERKNS0_6StringE,libSceJson2,libSceJson,eboot.bin;sce_module/libSceNpCppWebApi.prx,function,True,2,False,0,False,,,,,,False,,,,,
ET4Gr-Uu07s,sceAvPlayerStart,libSceAvPlayer,libSceAvPlayer,eboot.bin,function,True,1,True,1,True,sceAvPlayerStart,libSceAvPlayer,"Gen4, Gen5",SharpEmu.Libs.AvPlayer.AvPlayerExports,AvPlayerStart,True,src/SharpEmu.Libs/AvPlayer/AvPlayerExports.cs,332,AvPlayerStart,nontrivial_source_handler,edbe799cfa194fc6cc3c75c23edad7c5436c6dd263454e28018e0135f1dcf4f6
EUH+EmT-v9E,_ZNK3sce4Json6String6lengthEv,libSceJson2,libSceJson,sce_module/libSceNpCppWebApi.prx,function,True,1,False,0,False,,,,,,False,,,,,
EbNufIY0Zvc,sceContentSearchGetMetadataFieldInfo,libSceContentSearch,libSceContentSearch,eboot.bin,function,True,1,False,0,False,,,,,,False,,,,,
Ec63y59l9tw,sceNpSetNpTitleId,libSceNpManager,libSceNpManager,eboot.bin,function,True,1,True,1,True,sceNpSetNpTitleId,libSceNpManager,"Gen4, Gen5",SharpEmu.Libs.Np.NpManagerExports,NpSetNpTitleId,True,src/SharpEmu.Libs/Np/NpManagerExports.cs,343,NpSetNpTitleId,nontrivial_source_handler,c9c2983bba79f08aa018ee3490a1c54715f6828c50e4c30717ae2ed5835d9efd
EcLWz4nKnY8,_ZN3sce2Np9CppWebApi6Common12IntrusivePtrINS1_7Matches2V113RemovedPlayerEED1Ev,libSceNpCppWebApi,libSceNpCppWebApi,eboot.bin,function,True,1,False,0,False,,,,,,False,,,,,
EgmLo6EWgso,pthread_rwlock_unlock,libkernel,libkernel,sce_module/libc.prx,function,True,1,True,1,True,pthread_rwlock_unlock,libKernel,"Gen4, Gen5",SharpEmu.Libs.Kernel.KernelPthreadExtendedCompatExports,PosixPthreadRwlockUnlock,True,src/SharpEmu.Libs/Kernel/KernelPthreadExtendedCompatExports.cs,1540,PosixPthreadRwlockUnlock,nontrivial_source_handler,0dde9746e82d66e59df663e5b3d5fc29920742c6710539e6220229fc1283f777
El+cQ20DynU,scePthreadAttrSetguardsize,libkernel,libkernel,eboot.bin,function,True,1,True,1,True,scePthreadAttrSetguardsize,libKernel,"Gen4, Gen5",SharpEmu.Libs.Kernel.KernelPthreadExtendedCompatExports,PthreadAttrSetguardsize,True,src/SharpEmu.Libs/Kernel/KernelPthreadExtendedCompatExports.cs,1164,PthreadAttrSetguardsize,nontrivial_source_handler,38fefeee6cc5f26222bcce73c56112a06c7c8a7e189a8d550629a4fdd3f24fc0
EotR8a3ASf4,pthread_self,libScePosix,libkernel,eboot.bin,function,True,1,True,1,True,pthread_self,libKernel,"Gen4, Gen5",SharpEmu.Libs.Kernel.KernelPthreadCompatExports,PosixPthreadSelf,False,src/SharpEmu.Libs/Kernel/KernelPthreadCompatExports.cs,112,PosixPthreadSelf,nontrivial_source_handler,ebbdc5516c15b2aa7923a730b3507ae99f071ef1e4c939d22461d8a00db18c5b
Ep1uD0m4qR0,_ZN3sce2Np9CppWebApi14SessionManager2V117PlayerSessionsApi39ParameterToSendPlayerSessionInvitations10initializeEPNS1_6Common10LibContextEPKcNS6_12IntrusivePtrINS3_49PostPlayerSessionsSessionIdInvitationsRequestBodyEEE,libSceNpCppWebApi,libSceNpCppWebApi,eboot.bin,function,True,1,False,0,False,,,,,,False,,,,,
Eprbsoz4his,_ZNK3sce2Np9CppWebApi6Common12IntrusivePtrINS2_6VectorINS3_INS1_11UserProfile2V113BasicPresenceEEEEEEcvbEv,libSceNpCppWebApi,libSceNpCppWebApi,eboot.bin,function,True,1,False,0,False,,,,,,False,,,,,
Eul7AGEpjLo,sceAmprAprCommandBufferMapBegin,libSceAmpr,libSceAmpr,eboot.bin,function,True,1,False,0,False,,,,,,False,,,,,
EviQs3RBmoM,_ZN3sce2Np9CppWebApi6Common12IntrusivePtrINS1_14SessionManager2V132RequestPlayerSessionMemberPlayerEED1Ev,libSceNpCppWebApi,libSceNpCppWebApi,eboot.bin,function,True,1,False,0,False,,,,,,False,,,,,
EwNylPdWUTM,sceNpTrophy2GetTrophyInfo,libSceNpTrophy2,libSceNpTrophy2,eboot.bin,function,True,1,False,0,False,,,,,,False,,,,,
Ez8xjo9UF4E,recv,libScePosix,libkernel,eboot.bin,function,True,1,False,0,False,,,,,,False,,,,,
F-KitvVOrpQ,_ZN3sce2Np9CppWebApi6Common11TransactionINS2_12IntrusivePtrINS1_14SessionManager2V130PostPlayerSessionsResponseBodyEEENS4_INS2_18ResponseHeaderBaseEEEEC1Ev,libSceNpCppWebApi,libSceNpCppWebApi,eboot.bin,function,True,1,False,0,False,,,,,,False,,,,,
F0Y42t-3e18,sceAgcDriverInitResourceRegistration,libSceAgcDriver,libSceAgcDriver,eboot.bin,function,True,1,True,1,True,sceAgcDriverInitResourceRegistration,libSceAgc,Gen5,SharpEmu.Libs.Agc.AgcExports,DriverInitResourceRegistration,False,src/SharpEmu.Libs/Agc/AgcExports.cs,13821,DriverInitResourceRegistration,nontrivial_source_handler,d1722a1373d71b84889522c63e755380f6ed47234a475af52ba1894f6b443e70
F0ZXt5q0ZTA,sceAgcDriverGetDefaultOwner,libSceAgcDriver,libSceAgcDriver,eboot.bin,function,True,1,True,1,True,sceAgcDriverGetDefaultOwner,libSceAgc,Gen5,SharpEmu.Libs.Agc.AgcExports,DriverGetDefaultOwner,False,src/SharpEmu.Libs/Agc/AgcExports.cs,3625,DriverGetDefaultOwner,nontrivial_source_handler,e605535bf41b6aade54f9687f9721828369339a43cc02c0a68288143459de4b9
F5Up4uEenjU,_ZNK3sce2Np9CppWebApi6Common11TransactionINS2_12IntrusivePtrINS1_11UserProfile2V125GetBasicPresencesResponseEEENS4_INS2_18ResponseHeaderBaseEEEE11getResponseERS8_,libSceNpCppWebApi,libSceNpCppWebApi,eboot.bin,function,True,1,False,0,False,,,,,,False,,,,,
F6e0kwo4cnk,sceKernelTriggerUserEvent,libkernel,libkernel,sce_module/libSceJobManager.prx,function,True,1,True,1,True,sceKernelTriggerUserEvent,libKernel,"Gen4, Gen5",SharpEmu.Libs.Kernel.KernelEventQueueCompatExports,KernelTriggerUserEvent,True,src/SharpEmu.Libs/Kernel/KernelEventQueueCompatExports.cs,221,KernelTriggerUserEvent,nontrivial_source_handler,543e0c0638098fe2a273dbfb2064a8cc82df28ede03010bed88b6baab6e6111f
F6g64Yst1FQ,_ZN3sce2Np9CppWebApi11UserProfile2V110FriendsApi21ParameterToGetFriends9setoffsetEi,libSceNpCppWebApi,libSceNpCppWebApi,eboot.bin,function,True,1,False,0,False,,,,,,False,,,,,
F8NLhWvFemI,sceAgcAcbQueueEndOfShaderActionGetSize,libSceAgc,libSceAgc,eboot.bin;sce_module/libSceJobManager.prx,function,True,2,False,0,False,,,,,,False,,,,,
F8bUHwAG284,scePthreadMutexattrInit,libkernel,libkernel,eboot.bin;sce_module/libSceJobManager.prx;sce_module/libSceNpCppWebApi.prx;sce_module/libc.prx,function,True,4,True,1,True,scePthreadMutexattrInit,libKernel,"Gen4, Gen5",SharpEmu.Libs.Kernel.KernelPthreadCompatExports,PthreadMutexattrInit,True,src/SharpEmu.Libs/Kernel/KernelPthreadCompatExports.cs,293,PthreadMutexattrInit,nontrivial_source_handler,09befe6d81ca9fd785b7e0a442746092dbedf74888f8771c499ca5530750ad7b
F8eFQFx6JhU,_ZN3sce2Np9CppWebApi7Matches2V116RequestMatchTeam11setTeamNameEPKc,libSceNpCppWebApi,libSceNpCppWebApi,eboot.bin,function,True,1,False,0,False,,,,,,False,,,,,
FBePYJidCUU,_ZNK3sce2Np9CppWebApi6Common12IntrusivePtrINS2_6VectorINS3_INS1_14SessionManager2V120PlayerSessionForReadEEEEEEptEv,libSceNpCppWebApi,libSceNpCppWebApi,eboot.bin,function,True,1,False,0,False,,,,,,False,,,,,
FCygF4Ec4so,sceContentExportStart,libSceContentExport,libSceContentExport,eboot.bin,function,True,1,False,0,False,,,,,,False,,,,,
FIs3-UQT9sg,pthread_getschedparam,libScePosix,libkernel,eboot.bin,function,True,1,True,1,True,pthread_getschedparam,libKernel,Gen5,SharpEmu.Libs.Kernel.KernelPthreadExtendedCompatExports,PosixPthreadGetschedparam,False,src/SharpEmu.Libs/Kernel/KernelPthreadExtendedCompatExports.cs,674,PosixPthreadGetschedparam,nontrivial_source_handler,493c01d69054f633e2ccb22fd48677595c1414a87b462bd51661fd79ccab6c04
FL3K2lvYq-E,_ZN3sce2Np9CppWebApi14SessionManager2V137RequestPlayerSessionInvitationFactory6createEPNS1_6Common10LibContextENS5_12IntrusivePtrINS3_2ToEEEPNS8_INS3_30RequestPlayerSessionInvitationEEE,libSceNpCppWebApi,libSceNpCppWebApi,eboot.bin,function,True,1,False,0,False,,,,,,False,,,,,
FOwvmNlFLjM,sceAgcDriverRequestCaptureStop,libSceAgcDriver,libSceAgcDriver,eboot.bin;sce_module/libSceJobManager.prx,function,True,2,False,0,False,,,,,,False,,,,,
FXPWHNk8Of0,scePthreadAttrGetschedparam,libkernel,libkernel,sce_module/libc.prx,function,True,1,True,1,True,scePthreadAttrGetschedparam,libKernel,"Gen4, Gen5",SharpEmu.Libs.Kernel.KernelPthreadExtendedCompatExports,PthreadAttrGetschedparam,True,src/SharpEmu.Libs/Kernel/KernelPthreadExtendedCompatExports.cs,1212,PthreadAttrGetschedparam,nontrivial_source_handler,25233de9053b45a59dc2ab1ab29ceba971188791886e59aaf0773494fc646349
FZXAWifD-Zk,_ZN3sce2Np9CppWebApi6Common15TransactionBaseINS2_12IntrusivePtrINS1_11UserProfile2V118GetFriendsResponseEEENS4_INS2_18ResponseHeaderBaseEEEE6finishEv,libSceNpCppWebApi,libSceNpCppWebApi,eboot.bin,function,True,1,False,0,False,,,,,,False,,,,,
FaZCwvM2Cjo,_ZN3sce2Np9CppWebApi7Matches2V18MatchApi10leaveMatchEiRKNS4_21ParameterToLeaveMatchERNS1_6Common11TransactionINS8_15DefaultResponseENS8_12IntrusivePtrINS8_18ResponseHeaderBaseEEEEE,libSceNpCppWebApi,libSceNpCppWebApi,eboot.bin,function,True,1,False,0,False,,,,,,False,,,,,
Far+0EDHNT4,_ZNK3sce2Np9CppWebApi14SessionManager2V120PlayerSessionForRead12getSessionIdEv,libSceNpCppWebApi,libSceNpCppWebApi,eboot.bin,function,True,1,False,0,False,,,,,,False,,,,,
Fc8qxlKINYQ,sceVideoRecordingSetInfo,libSceVideoRecordingP,libSceVideoRecording,eboot.bin,function,True,1,False,0,False,,,,,,False,,,,,
FcgdDM3MB+k,sceAgcAcbSetWorkloadStreamInactive,libSceAgc,libSceAgc,eboot.bin;sce_module/libSceJobManager.prx,function,True,2,False,0,False,,,,,,False,,,,,
Fjc4-n1+y2g,__elf_phdr_match_addr,libkernel,libkernel,sce_module/libc.prx,function,True,1,True,1,True,__elf_phdr_match_addr,libKernel,"Gen4, Gen5",SharpEmu.Libs.Kernel.KernelRuntimeCompatExports,ElfPhdrMatchAddr,True,src/SharpEmu.Libs/Kernel/KernelRuntimeCompatExports.cs,1746,ElfPhdrMatchAddr,nontrivial_source_handler,5eefb632cf70d890a0b9fa88abd035f1005a1d9a34b210fe139883da28055544
FneFypEDRgY,sceAgcDcbSetWorkloadStreamInactive,libSceAgc,libSceAgc,eboot.bin,function,True,1,False,0,False,,,,,,False,,,,,
FraP7debcdg,sceWebBrowserDialogOpen,libSceWebBrowserDialog,libSceWebBrowserDialog,eboot.bin,function,True,1,False,0,False,,,,,,False,,,,,
Fts2nXFk6F0,_ZN3sce2Np9CppWebApi11UserProfile2V19BlocksApi27ParameterToGetBlockingUsers10initializeEPNS1_6Common10LibContextE,libSceNpCppWebApi,libSceNpCppWebApi,eboot.bin,function,True,1,False,0,False,,,,,,False,,,,,
FuVbkyKlf+s,sceAgcCbCondWriteGetSize,libSceAgc,libSceAgc,eboot.bin;sce_module/libSceJobManager.prx,function,True,2,False,0,False,,,,,,False,,,,,
FwKWIx0rgyY,_ZN3sce2Np9CppWebApi11UserProfile2V118GetFriendsResponse10getFriendsEv,libSceNpCppWebApi,libSceNpCppWebApi,eboot.bin,function,True,1,False,0,False,,,,,,False,,,,,
FxVZqBAA7ks,_write,libkernel,libkernel,sce_module/libc.prx,function,True,1,True,1,True,_write,libKernel,"Gen4, Gen5",SharpEmu.Libs.Kernel.KernelMemoryCompatExports,KernelWriteUnderscore,True,src/SharpEmu.Libs/Kernel/KernelMemoryCompatExports.cs,3408,KernelWriteUnderscore,nontrivial_source_handler,e51a0d79f6af1fc482e00c468d6fb2dce240f58eac926659f9ef65c2359fd390
FypKAVi0Xhw,_ZNK3sce2Np9CppWebApi6Common12IntrusivePtrINS1_14SessionManager2V132RequestCreatePlayerSessionPlayerEEptEv,libSceNpCppWebApi,libSceNpCppWebApi,eboot.bin,function,True,1,False,0,False,,,,,,False,,,,,
FywKncPHxLc,_ZN3sce2Np9CppWebApi6Common15TransactionBaseINS2_12IntrusivePtrINS1_11UserProfile2V125GetPublicProfilesResponseEEENS4_INS2_18ResponseHeaderBaseEEEE6finishEv,libSceNpCppWebApi,libSceNpCppWebApi,eboot.bin,function,True,1,False,0,False,,,,,,False,,,,,
G-rWYY8TfUY,_ZN3sce2Np9CppWebApi6Common12IntrusivePtrINS1_11UserProfile2V118GetFriendsResponseEED1Ev,libSceNpCppWebApi,libSceNpCppWebApi,eboot.bin,function,True,1,False,0,False,,,,,,False,,,,,
G0jrLdvEqDw,sceAgcDcbMemSemaphore,libSceAgc,libSceAgc,eboot.bin,function,True,1,False,0,False,,,,,,False,,,,,
G13HF1z-e4o,sceContentSearchOpenMetadata,libSceContentSearch,libSceContentSearch,eboot.bin,function,True,1,False,0,False,,,,,,False,,,,,
G1YOKDJYX2Y,sceAudioOut2GetSpeakerArrayMemorySize,libSceAudioOut2,libSceAudioOut,eboot.bin,function,True,1,False,0,False,,,,,,False,,,,,
GBCh3zCihoU,sceAgcDcbSetCxRegistersIndirectGetSize,libSceAgc,libSceAgc,eboot.bin,function,True,1,False,0,False,,,,,,False,,,,,
GBILv-xY3eU,_ZNK3sce2Np9CppWebApi6Common11TransactionINS2_12IntrusivePtrINS1_11UserProfile2V125GetPublicProfilesResponseEEENS4_INS2_18ResponseHeaderBaseEEEE11getResponseERS8_,libSceNpCppWebApi,libSceNpCppWebApi,eboot.bin,function,True,1,False,0,False,,,,,,False,,,,,
GIBhqoeiiho,_ZN3sce2Np9CppWebApi14SessionManager2V117PlayerSessionsApi29ParameterToLeavePlayerSessionC1Ev,libSceNpCppWebApi,libSceNpCppWebApi,eboot.bin,function,True,1,False,0,False,,,,,,False,,,,,
GMSN1x4y+cs,_ZN3sce2Np9CppWebApi6Common15TransactionBaseINS2_12IntrusivePtrINS1_11UserProfile2V125GetBasicPresencesResponseEEENS4_INS2_18ResponseHeaderBaseEEEE6finishEv,libSceNpCppWebApi,libSceNpCppWebApi,eboot.bin,function,True,1,False,0,False,,,,,,False,,,,,
GPbUp9jXQa8,sceAgcAcbWaitUntilSafeForRendering,libSceAgc,libSceAgc,eboot.bin;sce_module/libSceJobManager.prx,function,True,2,False,0,False,,,,,,False,,,,,
GXBlM-ekzrI,sceAgcBranchPatchSetCompareAddress,libSceAgc,libSceAgc,eboot.bin,function,True,1,False,0,False,,,,,,False,,,,,
GZWjF-YIFFk,asinf,libc,libc,eboot.bin,function,True,1,False,0,False,,,,,,False,,,,,
Gl6w5i0JokY,sceAppContentDownloadDataGetAvailableSpaceKb,libSceAppContent,libSceAppContentUtil,eboot.bin,function,True,1,False,0,False,,,,,,False,,,,,
GmOguNIsuKk,sceAmprCommandBufferConstructNop,libSceAmpr,libSceAmpr,eboot.bin,function,True,1,False,0,False,,,,,,False,,,,,
GnxKOHEawhk,sceAmprCommandBufferGetCurrentOffset,libSceAmpr,libSceAmpr,eboot.bin,function,True,1,True,1,True,sceAmprCommandBufferGetCurrentOffset,libSceAmpr,Gen5,SharpEmu.Libs.Ampr.AmprExports,CommandBufferGetCurrentOffset,True,src/SharpEmu.Libs/Ampr/AmprExports.cs,404,CommandBufferGetCurrentOffset,nontrivial_source_handler,3fb86050659be05d3ed75fba61ab76a0e2b3b08bcd42b7eaec15e3ec7f877a0b
GuchCTefuZw,sceAmprCommandBufferDestructor,libSceAmpr,libSceAmpr,eboot.bin,function,True,1,True,1,True,sceAmprCommandBufferDestructor,libSceAmpr,Gen5,SharpEmu.Libs.Ampr.AmprExports,CommandBufferDestructor,True,src/SharpEmu.Libs/Ampr/AmprExports.cs,130,CommandBufferDestructor,nontrivial_source_handler,175ea1a199ce404f06a18d7b1745b73787d1b8a59f895a61761fdba56cbd4ef5
GwWn958m6g4,_ZN3sce2Np9CppWebApi6Common12IntrusivePtrINS1_14SessionManager2V130PostPlayerSessionsResponseBodyEED1Ev,libSceNpCppWebApi,libSceNpCppWebApi,eboot.bin,function,True,1,False,0,False,,,,,,False,,,,,
GxDlxgJNRIg,_ZN3sce2Np9CppWebApi14SessionManager2V117PlayerSessionsApi28ParameterToGetPlayerSessions9setfieldsENS1_6Common12IntrusivePtrINS6_6VectorINS6_6StringEEEEE,libSceNpCppWebApi,libSceNpCppWebApi,eboot.bin,function,True,1,False,0,False,,,,,,False,,,,,
Gz1rmUZpROM,sceNpTrophy2CreateHandle,libSceNpTrophy2,libSceNpTrophy2,eboot.bin,function,True,1,True,1,True,sceNpTrophy2CreateHandle,libSceNpTrophy2,Gen5,SharpEmu.Libs.Np.NpTrophy2Exports,NpTrophy2CreateHandle,True,src/SharpEmu.Libs/Np/NpTrophy2Exports.cs,29,NpTrophy2CreateHandle,nontrivial_source_handler,a56657e6fc050a067330d161e508d60781e155dd4e231b78883b4102459385bb
H2e8t5ScQGc,__cxa_finalize,libSceLibcInternal,libSceLibcInternal,sce_module/libSceJobManager.prx;sce_module/libSceNpCppWebApi.prx,function,True,4,True,1,True,__cxa_finalize,libc,"Gen4, Gen5",SharpEmu.Libs.Kernel.KernelExports,CxaFinalize,False,src/SharpEmu.Libs/Kernel/KernelExports.cs,160,CxaFinalize,nontrivial_source_handler,45da53521eb56e3754fc7df4eef4dae901a9c745c836270d3334ee15bd1546cf
H6q4N5ctWQ0,_ZN3sce2Np9CppWebApi7Matches2V18MatchApi21ParameterToLeaveMatch10initializeEPNS1_6Common10LibContextEPKcNS6_12IntrusivePtrINS3_17LeaveMatchRequestEEE,libSceNpCppWebApi,libSceNpCppWebApi,eboot.bin,function,True,1,False,0,False,,,,,,False,,,,,
H6vHS5cidSA,sceAgcDcbContextStateOpGetSize,libSceAgc,libSceAgc,eboot.bin,function,True,1,False,0,False,,,,,,False,,,,,
H7uZqCoNuWk,sceAgcDcbPopMarker,libSceAgc,libSceAgc,eboot.bin,function,True,1,True,1,True,sceAgcDcbPopMarker,libSceAgc,Gen5,SharpEmu.Libs.Agc.AgcExports,DcbPopMarker,True,src/SharpEmu.Libs/Agc/AgcExports.cs,2872,DcbPopMarker,nontrivial_source_handler,e937c8c4698ae64fec88886f7c3b5f6579d7ca5a6c671256b15782b7c4588186
H896Pt-yB4I,sceAmprCommandBufferWriteKernelEventQueue_04_00,libSceAmpr,libSceAmpr,eboot.bin,function,True,1,True,1,True,sceAmprCommandBufferWriteKernelEventQueue_04_00,libSceAmpr,Gen5,SharpEmu.Libs.Ampr.AmprExports,CommandBufferWriteKernelEventQueue0400,True,src/SharpEmu.Libs/Ampr/AmprExports.cs,456,CommandBufferWriteKernelEventQueue0400,nontrivial_source_handler,ea0ebefa521c4a09e3bdc2793fb1c6f58e7b35c313488a7a96b3171288b31a41
H8AprKeZtNg,_Stderr,libc,libc,eboot.bin,object,True,1,False,0,False,,,,,,False,,,,,
H8wG9Bk-nPc,sceNpAuthDeleteRequest,libSceNpAuth,libSceNpAuth,eboot.bin,function,True,1,False,0,False,,,,,,False,,,,,
H8ya2H00jbI,sin,libc,libc,eboot.bin,function,True,1,False,0,False,,,,,,False,,,,,
HAJOooeViqw,_ZN3sce2Np9CppWebApi6Common12IntrusivePtrINS2_6VectorImEEEC1ERS6_,libSceNpCppWebApi,libSceNpCppWebApi,eboot.bin,function,True,1,False,0,False,,,,,,False,,,,,
HCytjP1sjnU,_ZN3sce2Np9CppWebApi7Matches2V120RemovedPlayerFactory6createEPNS1_6Common10LibContextEPKcPNS5_12IntrusivePtrINS3_13RemovedPlayerEEE,libSceNpCppWebApi,libSceNpCppWebApi,eboot.bin,function,True,1,False,0,False,,,,,,False,,,,,
HD1YKVU26-M,sceAvPlayerPostInit,libSceAvPlayer,libSceAvPlayer,eboot.bin,function,True,1,True,1,True,sceAvPlayerPostInit,libSceAvPlayer,"Gen4, Gen5",SharpEmu.Libs.AvPlayer.AvPlayerExports,AvPlayerPostInit,True,src/SharpEmu.Libs/AvPlayer/AvPlayerExports.cs,216,AvPlayerPostInit,nontrivial_source_handler,b62b226acfa671b93c6050fd3f5a7076d355c187d843d02513e2d2e409b72422
HDRkIEPgcMI,_ZNK3sce2Np9CppWebApi6Common12IntrusivePtrINS1_7Matches2V118CreateMatchRequestEEptEv,libSceNpCppWebApi,libSceNpCppWebApi,eboot.bin,function,True,1,False,0,False,,,,,,False,,,,,
HF3YllT3mXU,sceAgcDriverSubmitMultiAcbs,libSceAgcDriver,libSceAgcDriver,eboot.bin;sce_module/libSceJobManager.prx,function,True,2,False,0,False,,,,,,False,,,,,
HFcQl9TMcFQ,sceNpEntitlementAccessAbortRequest,libSceNpEntitlementAccess,libSceNpEntitlementAccess,eboot.bin,function,True,1,False,0,False,,,,,,False,,,,,
HGQWVqwU2Fo,_ZN3sce2Np9CppWebApi6Common12IntrusivePtrINS1_14SessionManager2V129GetPlayerSessionsResponseBodyEED1Ev,libSceNpCppWebApi,libSceNpCppWebApi,eboot.bin,function,True,1,False,0,False,,,,,,False,,,,,
HUbZmOnT-Dg,atan2,libc,libc,eboot.bin,function,True,1,False,0,False,,,,,,False,,,,,
HV4j+E0MBHE,,libSceAgc,libSceAgc,eboot.bin;sce_module/libSceJobManager.prx,function,True,2,True,1,True,sceAgcCreateInterpolantMapping,libSceAgc,Gen5,SharpEmu.Libs.Agc.AgcExports,CreateInterpolantMapping,True,src/SharpEmu.Libs/Agc/AgcExports.cs,1374,CreateInterpolantMapping,nontrivial_source_handler,69b2540769d39ab497827cc5b892f93c8d00a0f3254ca160cc019b66cffe9feb
HidVSBhMHPM,_ZN3sce2Np9CppWebApi14SessionManager2V117PlayerSessionsApi39ParameterToSendPlayerSessionInvitationsD1Ev,libSceNpCppWebApi,libSceNpCppWebApi,eboot.bin,function,True,1,False,0,False,,,,,,False,,,,,
HjVPfi0omIY,_ZNK3sce2Np9CppWebApi14SessionManager2V120PlayerSessionForRead14getCustomData1Ev,libSceNpCppWebApi,libSceNpCppWebApi,eboot.bin,function,True,1,False,0,False,,,,,,False,,,,,
HoXiuWuma4I,_ZNK3sce2Np9CppWebApi14SessionManager2V136UsersPlayerSessionsInvitationForRead12getSessionIdEv,libSceNpCppWebApi,libSceNpCppWebApi,eboot.bin,function,True,1,False,0,False,,,,,,False,,,,,
How7B8Oet6k,scePthreadGetname,libkernel,libkernel,sce_module/libc.prx,function,True,1,True,1,True,scePthreadGetname,libKernel,"Gen4, Gen5",SharpEmu.Libs.Kernel.KernelPthreadExtendedCompatExports,PthreadGetname,True,src/SharpEmu.Libs/Kernel/KernelPthreadExtendedCompatExports.cs,500,PthreadGetname,nontrivial_source_handler,a019d5808fdfcf0024d3563bd2efd37c7c51a635a6ab9dae04cc42b8afc80def
HuViW4HnrOw,sceVideoOutSubmitChangeBufferAttribute2,libSceVideoOut,libSceVideoOut,eboot.bin,function,True,1,False,0,False,,,,,,False,,,,,
HwDt5lD9Bfo,_ZNK3sce4Json5ValueixEPKc,libSceJson2,libSceJson,sce_module/libSceNpCppWebApi.prx,function,True,1,True,1,True,_ZNK3sce4Json5ValueixEPKc,libSceJson,"Gen4, Gen5",SharpEmu.Libs.Json.JsonExports,ValueIndexCString,False,src/SharpEmu.Libs/Json/JsonExports.cs,492,ValueIndexCString,nontrivial_source_handler,4d5a4fe1e756f36948d7e2231215418a6c2a9e4a86e46148727a047cce645333
HwP3aM+c85c,sceNpWebApi2GetHttpResponseHeaderValueLength,libSceNpWebApi2,libSceNpWebApi2,sce_module/libSceNpCppWebApi.prx,function,True,1,False,0,False,,,,,,False,,,,,
I-Qm+MEso5c,sceAmprMeasureCommandSizeWriteCounter_04_00,libSceAmpr,libSceAmpr,eboot.bin,function,True,1,False,0,False,,,,,,False,,,,,
I1Pz9Bq+RVQ,_ZNK3sce2Np9CppWebApi6Common12IntrusivePtrINS1_11UserProfile2V125GetPublicProfilesResponseEEcvbEv,libSceNpCppWebApi,libSceNpCppWebApi,eboot.bin,function,True,1,False,0,False,,,,,,False,,,,,
I2r47l0zHLI,_ZNK3sce2Np9CppWebApi6Common12IntrusivePtrINS1_11UserProfile2V125GetBasicPresencesResponseEEcvbEv,libSceNpCppWebApi,libSceNpCppWebApi,eboot.bin,function,True,1,False,0,False,,,,,,False,,,,,
IADmD4tScBY,sceImeDialogGetStatus,libSceImeDialog,libSceImeDialog,eboot.bin,function,True,1,False,0,False,,,,,,False,,,,,
IApJAV73lSI,_ZN3sce2Np9CppWebApi6Common12IntrusivePtrINS1_7Matches2V113RequestMemberEED1Ev,libSceNpCppWebApi,libSceNpCppWebApi,eboot.bin,function,True,1,False,0,False,,,,,,False,,,,,
IBNzGcdOddw,_ZNK3sce2Np9CppWebApi14SessionManager2V136UsersPlayerSessionsInvitationForRead7getFromEv,libSceNpCppWebApi,libSceNpCppWebApi,eboot.bin,function,True,1,False,0,False,,,,,,False,,,,,
IKQimvG9Wqs,_ZN3sce4Json5Value3setENS0_9ValueTypeE,libSceJson2,libSceJson,sce_module/libSceNpCppWebApi.prx,function,True,1,True,1,True,_ZN3sce4Json5Value3setENS0_9ValueTypeE,libSceJson,"Gen4, Gen5",SharpEmu.Libs.Json.JsonValueExports,ValueSetType,False,src/SharpEmu.Libs/Json/JsonValueExports.cs,166,ValueSetType,nontrivial_source_handler,7d2d0ae558cb22c33f6f5d66a41aeda2ec14219ffef247bb29fbf30881aa3efb
INgczqD0H+w,_ZN3sce2Np9CppWebApi6Common12IntrusivePtrINS1_14SessionManager2V129PostPlayerSessionsRequestBodyEEC1ERS7_,libSceNpCppWebApi,libSceNpCppWebApi,eboot.bin,function,True,1,False,0,False,,,,,,False,,,,,
IOnSvHzqu6A,sceKernelSetEventFlag,libkernel,libkernel,eboot.bin;sce_module/libSceJobManager.prx,function,True,2,True,1,True,sceKernelSetEventFlag,libKernel,"Gen4, Gen5",SharpEmu.Libs.Kernel.KernelEventFlagCompatExports,KernelSetEventFlag,True,src/SharpEmu.Libs/Kernel/KernelEventFlagCompatExports.cs,121,KernelSetEventFlag,nontrivial_source_handler,9ed97a877189c31630ca545543943c705a54b69d0a6ad07106f7f847c5a53b70
IQtb-TaIjSM,sceNpEntitlementAccessGenerateTransactionId,libSceNpEntitlementAccess,libSceNpEntitlementAccess,eboot.bin,function,True,1,False,0,False,,,,,,False,,,,,
IWIBBdTHit4,sceKernelMapFlexibleMemory,libkernel,libkernel,eboot.bin,function,True,1,True,1,True,sceKernelMapFlexibleMemory,libKernel,"Gen4, Gen5",SharpEmu.Libs.Kernel.KernelMemoryCompatExports,KernelMapFlexibleMemory,True,src/SharpEmu.Libs/Kernel/KernelMemoryCompatExports.cs,4227,KernelMapFlexibleMemory,nontrivial_source_handler,962d1b8c19d03a4c831155ea72871d9e741d9520abc15ad16c1f4cd1d7a79577
IaZXJ9M79uo,sceAudioOut2UserDestroy,libSceAudioOut2,libSceAudioOut,eboot.bin,function,True,1,True,1,True,sceAudioOut2UserDestroy,libSceAudioOut2,Gen5,SharpEmu.Libs.Audio.AudioOut2Exports,AudioOut2UserDestroy,True,src/SharpEmu.Libs/Audio/AudioOut2Exports.cs,347,AudioOut2UserDestroy,nontrivial_source_handler,8d359b670e8bd21b20707df56240c1d50aa7a3b2fd5914a006495fcc93f0522f
IafI2PxcPnQ,scePthreadMutexTimedlock,libkernel,libkernel,sce_module/libc.prx,function,True,1,False,0,False,,,,,,False,,,,,
Ih1gA1ynWjk,_ZNK3sce2Np9CppWebApi14SessionManager2V120PlayerSessionForRead16customData1IsSetEv,libSceNpCppWebApi,libSceNpCppWebApi,eboot.bin,function,True,1,False,0,False,,,,,,False,,,,,
Ik-KpLTlf7Q,sceHttpTerm,libSceHttp,libSceHttp,eboot.bin,function,True,1,True,1,True,sceHttpTerm,libSceHttp,"Gen4, Gen5",SharpEmu.Libs.Network.HttpExports,HttpTerm,True,src/SharpEmu.Libs/Network/HttpExports.cs,106,HttpTerm,nontrivial_source_handler,eb38aa0db84970c6ecd48dc92bad353558425e607d3479e9b4248a4f62ffbfa6
Ikfdt-rIqCE,,libSceAgc,libSceAgc,eboot.bin,function,True,1,False,0,False,,,,,,False,,,,,
IlMqEkBLuBE,_ZN3sce2Np9CppWebApi6Common13ConstIteratorImED2Ev,libSceNpCppWebApi,libSceNpCppWebApi,eboot.bin,function,True,1,False,0,False,,,,,,False,,,,,
IlsmvBtMkak,_ZNK3sce4Json5Value9getObjectEv,libSceJson2,libSceJson,sce_module/libSceNpCppWebApi.prx,function,True,1,False,0,False,,,,,,False,,,,,
IxYiarKlXxM,sceAgcDmaDataPatchSetDstAddressOrOffset,libSceAgc,libSceAgc,eboot.bin,function,True,1,True,1,True,sceAgcDmaDataPatchSetDstAddressOrOffset,libSceAgc,Gen5,SharpEmu.Libs.Agc.AgcExports,DmaDataPatchSetDstAddressOrOffset,True,src/SharpEmu.Libs/Agc/AgcExports.cs,2898,DmaDataPatchSetDstAddressOrOffset,nontrivial_source_handler,7c74b00e8e1556315b5e24937c42eb2b7fd162f95d3d97cc66997e7a1302c2b6
J-GJSI9lqgU,_ZN3sce2Np9CppWebApi6Common6VectorINS2_12IntrusivePtrINS1_7Matches2V118RequestMatchPlayerEEEED1Ev,libSceNpCppWebApi,libSceNpCppWebApi,eboot.bin,function,True,1,False,0,False,,,,,,False,,,,,
J4vXbYykW8M,_ZN3sce2Np9CppWebApi6Common13ConstIteratorINS2_12IntrusivePtrINS1_11UserProfile2V113BasicPresenceEEEED2Ev,libSceNpCppWebApi,libSceNpCppWebApi,eboot.bin,function,True,1,False,0,False,,,,,,False,,,,,
J6eF2N6k0EQ,_ZNK3sce2Np9CppWebApi14SessionManager2V16Friend12getAccountIdEv,libSceNpCppWebApi,libSceNpCppWebApi,eboot.bin,function,True,1,False,0,False,,,,,,False,,,,,
J8YCgfKAMQs,sceAgcQueueEndOfPipeActionPatchGcrCntl,libSceAgc,libSceAgc,eboot.bin,function,True,1,True,1,True,sceAgcQueueEndOfPipeActionPatchGcrCntl,libSceAgc,Gen5,SharpEmu.Libs.Agc.AgcExports,QueueEndOfPipeActionPatchGcrCntl,True,src/SharpEmu.Libs/Agc/AgcExports.cs,3157,QueueEndOfPipeActionPatchGcrCntl,nontrivial_source_handler,045061823ab0834ec0a0b8d0ed6d28bd0e53156d27a01ae500d97aea276dbece
JBcgYuW8lPU,acos,libc,libc,eboot.bin,function,True,1,False,0,False,,,,,,False,,,,,
JEGjFQiIP+s,_ZNK3sce2Np9CppWebApi6Common12IntrusivePtrINS1_14SessionManager2V136GetFriendsPlayerSessionsResponseBodyEEptEv,libSceNpCppWebApi,libSceNpCppWebApi,eboot.bin,function,True,1,False,0,False,,,,,,False,,,,,
JFkvxXYRVS0,_ZN3sce2Np9CppWebApi14SessionManager2V130PostPlayerSessionsResponseBody17getPlayerSessionsEv,libSceNpCppWebApi,libSceNpCppWebApi,eboot.bin,function,True,1,False,0,False,,,,,,False,,,,,
JFt2-LCxt4Y,_ZNK3sce2Np9CppWebApi6Common12IntrusivePtrINS1_30CommunicationRestrictionStatus2V338CommunicationRestrictionStatusResponseEEcvbEv,libSceNpCppWebApi,libSceNpCppWebApi,eboot.bin,function,True,1,False,0,False,,,,,,False,,,,,
JGgj7Uvrl+A,scePthreadCondBroadcast,libkernel,libkernel,eboot.bin;sce_module/libSceNpCppWebApi.prx;sce_module/libc.prx,function,True,3,True,1,True,scePthreadCondBroadcast,libKernel,"Gen4, Gen5",SharpEmu.Libs.Kernel.KernelPthreadCompatExports,PthreadCondBroadcast,True,src/SharpEmu.Libs/Kernel/KernelPthreadCompatExports.cs,399,PthreadCondBroadcast,nontrivial_source_handler,b962903ece72263e1eec3efaa8113d18f25b4af754385042ce7154718bba4502
JK2wamZPzwM,sceAudioOut2PortCreate,libSceAudioOut2,libSceAudioOut,eboot.bin,function,True,1,True,1,True,sceAudioOut2PortCreate,libSceAudioOut2,Gen5,SharpEmu.Libs.Audio.AudioOut2Exports,AudioOut2PortCreate,True,src/SharpEmu.Libs/Audio/AudioOut2Exports.cs,258,AudioOut2PortCreate,nontrivial_source_handler,fe91a711b462240c3e5d3e236286bcb512f067e838c7c6d7b928dcb1aa5c9355
JOWmDrl+j20,sceAgcCbSetUcRegisterRangeDirectGetSize,libSceAgc,libSceAgc,eboot.bin;sce_module/libSceJobManager.prx,function,True,2,False,0,False,,,,,,False,,,,,
JT+t00a3TxA,sceNpGetAccountCountryA,libSceNpManager,libSceNpManager,eboot.bin,function,True,1,True,1,True,sceNpGetAccountCountryA,libSceNpManager,"Gen4, Gen5",SharpEmu.Libs.Np.NpManagerExports,NpGetAccountCountryA,True,src/SharpEmu.Libs/Np/NpManagerExports.cs,298,NpGetAccountCountryA,nontrivial_source_handler,a37e76ce3607a8feacbdbd145d652811b2011ef4645ffdb497948ed9bb4434f5
JTvBflhYazQ,sceKernelWaitEventFlag,libkernel,libkernel,eboot.bin;sce_module/libSceJobManager.prx,function,True,2,True,1,True,sceKernelWaitEventFlag,libKernel,"Gen4, Gen5",SharpEmu.Libs.Kernel.KernelEventFlagCompatExports,KernelWaitEventFlag,True,src/SharpEmu.Libs/Kernel/KernelEventFlagCompatExports.cs,210,KernelWaitEventFlag,nontrivial_source_handler,b528c81b5ea1493025aa2c5b85f0716605d87571c8ee9a2205133f01d5725f3c
JYd9g9L+TmE,sceAmprMeasureCommandSizeWriteAddressFromCounter_04_00,libSceAmpr,libSceAmpr,eboot.bin,function,True,1,False,0,False,,,,,,False,,,,,
JaRMy+QcpeU,scePthreadAttrGetdetachstate,libkernel,libkernel,sce_module/libc.prx,function,True,1,True,1,True,scePthreadAttrGetdetachstate,libKernel,"Gen4, Gen5",SharpEmu.Libs.Kernel.KernelPthreadExtendedCompatExports,PthreadAttrGetdetachstate,True,src/SharpEmu.Libs/Kernel/KernelPthreadExtendedCompatExports.cs,926,PthreadAttrGetdetachstate,nontrivial_source_handler,0c23dee046eeefd9c8b8dd36fdcfb971cfbce13a5bb8d917dd9b6967517430b9
JdksQu8pNdQ,sceAvPlayerGetVideoDataEx,libSceAvPlayer,libSceAvPlayer,eboot.bin,function,True,1,True,1,True,sceAvPlayerGetVideoDataEx,libSceAvPlayer,"Gen4, Gen5",SharpEmu.Libs.AvPlayer.AvPlayerExports,AvPlayerGetVideoDataEx,True,src/SharpEmu.Libs/AvPlayer/AvPlayerExports.cs,527,AvPlayerGetVideoDataEx,nontrivial_source_handler,7c6887361932c9f66841ff601822af06947f47a4c032a9a67444e18a7934c05f
JfEPXVxhFqA,sceAudioOutInit,libSceAudioOut,libSceAudioOut,eboot.bin,function,True,1,True,1,True,sceAudioOutInit,libSceAudioOut,"Gen4, Gen5",SharpEmu.Libs.Audio.AudioOutExports,AudioOutInit,True,src/SharpEmu.Libs/Audio/AudioOutExports.cs,88,AudioOutInit,nontrivial_source_handler,7320acac31b4cade8cc970072bdd5ff62e80aad91231393b0abf5e0e37034ca6
Jg-AgkdJHkk,sceAmprAprCommandBufferReadFileScatter,libSceAmpr,libSceAmpr,eboot.bin,function,True,1,False,0,False,,,,,,False,,,,,
JiY4sfHkV34,_ZN3sce2Np9CppWebApi14SessionManager2V117PlayerSessionsApi18leavePlayerSessionEiRKNS4_29ParameterToLeavePlayerSessionERNS1_6Common11TransactionINS8_15DefaultResponseENS8_12IntrusivePtrINS8_18ResponseHeaderBaseEEEEE,libSceNpCppWebApi,libSceNpCppWebApi,eboot.bin,function,True,1,False,0,False,,,,,,False,,,,,
JlpJVoRWv7U,sceSigninDialogOpen,libSceSigninDialog,libSceSigninDialog,eboot.bin,function,True,1,False,0,False,,,,,,False,,,,,
JmgwKm96Lq4,sceNpUniversalDataSystemEventPropertyArraySetFloat32,libSceNpUniversalDataSystem,libSceNpUniversalDataSystem,eboot.bin,function,True,1,False,0,False,,,,,,False,,,,,
JrtiDtKeS38,sceAgcAcbResetQueue,libSceAgc,libSceAgc,eboot.bin;sce_module/libSceJobManager.prx,function,True,2,True,1,True,sceAgcAcbResetQueue,libSceAgc,Gen5,SharpEmu.Libs.Agc.AgcExports,AcbResetQueue,True,src/SharpEmu.Libs/Agc/AgcExports.cs,1756,AcbResetQueue,nontrivial_source_handler,5d0f4da628cca20873a1f08c28ca22955aedbfce07721e43cc065b731cc29635
JrwFIMzKNr0,ldexp,libc,libc,eboot.bin,function,True,1,False,0,False,,,,,,False,,,,,
Jt9bJVyqe7A,_ZN3sce2Np9CppWebApi6Common12IntrusivePtrINS1_7Matches2V124UpdateMatchStatusRequestEEC1Ev,libSceNpCppWebApi,libSceNpCppWebApi,eboot.bin,function,True,1,False,0,False,,,,,,False,,,,,
Jv4JETvYzWg,_ZN3sce2Np9CppWebApi6Common6VectorImE3endEv,libSceNpCppWebApi,libSceNpCppWebApi,eboot.bin,function,True,1,False,0,False,,,,,,False,,,,,
Jxct84SbIMg,_ZN3sce2Np9CppWebApi6Common6VectorINS2_12IntrusivePtrINS1_14SessionManager2V124PlayerSessionPushContextEEEE8pushBackERKS8_,libSceNpCppWebApi,libSceNpCppWebApi,eboot.bin,function,True,1,False,0,False,,,,,,False,,,,,
JzqS+6C+2F4,_ZN3sce2Np9CppWebApi11UserProfile2V19BlocksApi27ParameterToGetBlockingUsersC1Ev,libSceNpCppWebApi,libSceNpCppWebApi,eboot.bin,function,True,1,False,0,False,,,,,,False,,,,,
K+AkNLmYoRo,_ZN3sce2Np9CppWebApi14SessionManager2V117PlayerSessionsApi39ParameterToSendPlayerSessionInvitationsC1Ev,libSceNpCppWebApi,libSceNpCppWebApi,eboot.bin,function,True,1,False,0,False,,,,,,False,,,,,
K2mciNVxUCE,sceAgcSetNop,libSceAgc,libSceAgc,eboot.bin,function,True,1,False,0,False,,,,,,False,,,,,
K7RlrTkI-mw,sceNetPoolDestroy,libSceNet,libSceNet,eboot.bin,function,True,1,True,1,True,sceNetPoolDestroy,libSceNet,"Gen4, Gen5",SharpEmu.Libs.Network.NetExports,NetPoolDestroy,True,src/SharpEmu.Libs/Network/NetExports.cs,327,NetPoolDestroy,nontrivial_source_handler,876ef49caf670f3c755619e07eff1a0af2448d362b026558aa072dc6e487fc64
KEDRSc45lqQ,_ZNK3sce2Np9CppWebApi6Common12IntrusivePtrINS1_7Matches2V113RemovedPlayerEEptEv,libSceNpCppWebApi,libSceNpCppWebApi,eboot.bin,function,True,1,False,0,False,,,,,,False,,,,,
KHvkPQJDMLk,sceVideoRecordingClose,libSceVideoRecordingP,libSceVideoRecording,eboot.bin,function,True,1,False,0,False,,,,,,False,,,,,
KI4dHLlTNl0,sceNpAuthGetAuthorizationCodeV3,libSceNpAuth,libSceNpAuth,eboot.bin,function,True,1,False,0,False,,,,,,False,,,,,
KJTzMXmYY+U,_ZNK3sce2Np9CppWebApi6Common12IntrusivePtrINS1_30CommunicationRestrictionStatus2V338CommunicationRestrictionStatusResponseEEptEv,libSceNpCppWebApi,libSceNpCppWebApi,eboot.bin,function,True,1,False,0,False,,,,,,False,,,,,
KJdPcOGmK58,sceNpWebApi2PushEventDeleteFilter,libSceNpWebApi2,libSceNpWebApi2,eboot.bin,function,True,1,False,0,False,,,,,,False,,,,,
KK3Bdg1RWK0,sceSaveDataDialogUpdateStatus,libSceSaveDataDialog.native,libSceSaveDataDialog,eboot.bin,function,True,1,True,1,True,sceSaveDataDialogUpdateStatus,libSceSaveDataDialog,"Gen4, Gen5",SharpEmu.Libs.SaveData.SaveDataDialogExports,SaveDataDialogUpdateStatus,False,src/SharpEmu.Libs/SaveData/SaveDataDialogExports.cs,83,SaveDataDialogUpdateStatus,nontrivial_source_handler,9f43bee3dbc9183870cf8e5cd7434186325939350661a52e98da31f052e32fd5
KMcEa+rHsIo,sceAvPlayerAddSource,libSceAvPlayer,libSceAvPlayer,eboot.bin,function,True,1,True,1,True,sceAvPlayerAddSource,libSceAvPlayer,"Gen4, Gen5",SharpEmu.Libs.AvPlayer.AvPlayerExports,AvPlayerAddSource,True,src/SharpEmu.Libs/AvPlayer/AvPlayerExports.cs,296,AvPlayerAddSource,nontrivial_source_handler,bc7e92915b02e6ff7968bb769ff0f802a8df79f1fffae4b4e15138dbe62226ba
KMpXp6iZnvQ,_ZN3sce2Np9CppWebApi6Common12IntrusivePtrINS1_14SessionManager2V125FriendJoinedPlayerSessionEEC1ERS7_,libSceNpCppWebApi,libSceNpCppWebApi,eboot.bin,function,True,1,False,0,False,,,,,,False,,,,,
KP+TBWGHlgs,sceRazorCpuJobManagerJob,libSceRazorCpu,libSceRazorCpu,sce_module/libSceJobManager.prx,function,True,1,False,0,False,,,,,,False,,,,,
KT-hTp-Ch14,sceAgcAcbAcquireMem,libSceAgc,libSceAgc,eboot.bin;sce_module/libSceJobManager.prx,function,True,2,True,1,True,sceAgcAcbAcquireMem,libSceAgc,Gen5,SharpEmu.Libs.Agc.AgcExports,AcbAcquireMem,True,src/SharpEmu.Libs/Agc/AgcExports.cs,1809,AcbAcquireMem,nontrivial_source_handler,76b42128de81080c9d279bc16f897aca35b7799bfedfac4a987114e91e9dec19
KadPb+xSU-8,_ZN3sce2Np9CppWebApi6Common12IntrusivePtrINS1_14SessionManager2V150PostPlayerSessionsSessionIdInvitationsResponseBodyEEC1Ev,libSceNpCppWebApi,libSceNpCppWebApi,eboot.bin,function,True,1,False,0,False,,,,,,False,,,,,
KfFEtFKnPXg,_ZN3sce2Np9CppWebApi14SessionManager2V117PlayerSessionsApi35ParameterToGetFriendsPlayerSessions31setxPSNSESSIONMANAGERACCOUNTIDSEPKc,libSceNpCppWebApi,libSceNpCppWebApi,eboot.bin,function,True,1,False,0,False,,,,,,False,,,,,
KfGZg2y73oM,sceNpCheckNpReachability,libSceNpManager,libSceNpManager,eboot.bin,function,True,1,False,0,False,,,,,,False,,,,,
Ki0MvF8XNCk,_ZN3sce2Np9CppWebApi14SessionManager2V117PlayerSessionsApi28ParameterToGetPlayerSessionsD1Ev,libSceNpCppWebApi,libSceNpCppWebApi,eboot.bin,function,True,1,False,0,False,,,,,,False,,,,,
KjPeVduz6jU,sceAgcDcbPrimeUtcl2GetSize,libSceAgc,libSceAgc,eboot.bin,function,True,1,False,0,False,,,,,,False,,,,,
KpTVnt-DHo8,_ZNK3sce2Np9CppWebApi6Common8IteratorINS2_12IntrusivePtrINS1_11UserProfile2V113BasicPresenceEEEEneERKS9_,libSceNpCppWebApi,libSceNpCppWebApi,eboot.bin,function,True,1,False,0,False,,,,,,False,,,,,
KuOmgKoqCdY,bind,libScePosix,libkernel,eboot.bin,function,True,1,True,1,True,bind,libKernel,"Gen4, Gen5",SharpEmu.Libs.Kernel.KernelSocketCompatExports,Bind,False,src/SharpEmu.Libs/Kernel/KernelSocketCompatExports.cs,217,Bind,nontrivial_source_handler,a0406e16d63e74931d939a2ba6cc5b5434a0cdbbda9cbe34a501fdb6d607b030
KxT0LzeguEc,_ZN3sce2Np9CppWebApi6Common6VectorINS2_12IntrusivePtrINS1_7Matches2V111AddedPlayerEEEE8pushBackERKS8_,libSceNpCppWebApi,libSceNpCppWebApi,eboot.bin,function,True,1,False,0,False,,,,,,False,,,,,
L-Q3LEjIbgA,sceKernelMapDirectMemory,libkernel,libkernel,eboot.bin,function,True,1,True,1,True,sceKernelMapDirectMemory,libKernel,"Gen4, Gen5",SharpEmu.Libs.Kernel.KernelMemoryCompatExports,KernelMapDirectMemory,True,src/SharpEmu.Libs/Kernel/KernelMemoryCompatExports.cs,3999,KernelMapDirectMemory,nontrivial_source_handler,88c371a8c826074c35edf7993c6dbe2c4023b919891e7dae094a2fbee1855db6
L1KAkYWml-M,_ZNK3sce4Json6String5c_strEv,libSceJson2,libSceJson,sce_module/libSceNpCppWebApi.prx,function,True,1,True,1,True,_ZNK3sce4Json6String5c_strEv,libSceJson,"Gen4, Gen5",SharpEmu.Libs.Json.JsonExports,StringCStr,False,src/SharpEmu.Libs/Json/JsonExports.cs,807,StringCStr,nontrivial_source_handler,16ad9603ae26862b24666ad881d7890176634e7e948892139d283c554355bba2
L1SBTkC+Cvw,abort,libSceLibcInternal,libSceLibcInternal,sce_module/libSceNpCppWebApi.prx,function,True,1,True,1,True,abort,libc,"Gen4, Gen5",SharpEmu.Libs.Kernel.KernelExports,Abort,False,src/SharpEmu.Libs/Kernel/KernelExports.cs,556,Abort,nontrivial_source_handler,c3c060e0ed4cd3e3a6dbd95702a1874432f7b49e56ab413f89cfcf4451fce504
LFNbGrxObcY,_ZN3sce2Np9CppWebApi6Common12IntrusivePtrINS1_11UserProfile2V125GetBasicPresencesResponseEEC1Ev,libSceNpCppWebApi,libSceNpCppWebApi,eboot.bin,function,True,1,False,0,False,,,,,,False,,,,,
LFSPFmGc9Hg,sceAgcDcbSetWorkloadsActive,libSceAgc,libSceAgc,eboot.bin,function,True,1,False,0,False,,,,,,False,,,,,
LHFXRrlTPD8,sceAgcDcbSetCxRegisterDirect,libSceAgc,libSceAgc,eboot.bin,function,True,1,False,0,False,,,,,,False,,,,,
LR5cwFMMCVE,sceNpCommerceDialogUpdateStatus,libSceNpCommerce,libSceNpCommerce,eboot.bin,function,True,1,False,0,False,,,,,,False,,,,,
LTXWL-kuxGM,_ZNK3sce2Np9CppWebApi6Common12IntrusivePtrINS2_6BinaryEEptEv,libSceNpCppWebApi,libSceNpCppWebApi,eboot.bin,function,True,1,False,0,False,,,,,,False,,,,,
LUvjGNEPg2Y,_ZN3sce2Np9CppWebApi14SessionManager2V117PlayerSessionsApi31ParameterToCreatePlayerSessionsD1Ev,libSceNpCppWebApi,libSceNpCppWebApi,eboot.bin,function,True,1,False,0,False,,,,,,False,,,,,
LXlmS6PvJdU,sceSigninDialogTerminate,libSceSigninDialog,libSceSigninDialog,eboot.bin,function,True,1,False,0,False,,,,,,False,,,,,
LbhH9NeB93I,_ZN3sce2Np9CppWebApi14SessionManager2V117PlayerSessionsApi27getPlayerSessionInvitationsEiRKNS4_38ParameterToGetPlayerSessionInvitationsERNS1_6Common11TransactionINS8_12IntrusivePtrINS3_54GetUsersAccountIdPlayerSessionsInvitationsResponseBodyEEENSA_INS8_18ResponseHeaderBaseEEEEE,libSceNpCppWebApi,libSceNpCppWebApi,eboot.bin,function,True,1,False,0,False,,,,,,False,,,,,
LepGrgk77sM,sceAgcDriverGetOwnerName,libSceAgcDriver,libSceAgcDriver,eboot.bin,function,True,1,False,0,False,,,,,,False,,,,,
Lkf86B98qPc,sceAgcGetPacketSize,libSceAgc,libSceAgc,eboot.bin,function,True,1,False,0,False,,,,,,False,,,,,
Lr8ovHH9l6A,sceMsgDialogGetResult,libSceMsgDialog.native,libSceMsgDialog,eboot.bin,function,True,1,True,1,True,sceMsgDialogGetResult,libSceMsgDialog,"Gen4, Gen5",SharpEmu.Libs.CommonDialog.MsgDialogExports,MsgDialogGetResult,False,src/SharpEmu.Libs/CommonDialog/MsgDialogExports.cs,185,MsgDialogGetResult,nontrivial_source_handler,43d5106aa3cdbebf5ad3a3e0547d8634548ee085bbe620eeea0e6b899d6cda40
Ls4tzzhimqQ,strcat,libc,libc,eboot.bin,function,True,1,True,1,True,strcat,libc,"Gen4, Gen5",SharpEmu.Libs.Kernel.KernelMemoryCompatExports,Strcat,True,src/SharpEmu.Libs/Kernel/KernelMemoryCompatExports.cs,8566,Strcat,nontrivial_source_handler,bf8d7c12a5a92bb9fbbafcd5d38dec47456ad765b138412d7b47a3d66472c700
LtTouSCZjHM,sceAgcCbNop,libSceAgc,libSceAgc,eboot.bin;sce_module/libSceJobManager.prx,function,True,2,True,1,True,sceAgcCbNop,libSceAgc,Gen5,SharpEmu.Libs.Agc.AgcExports,CbNop,True,src/SharpEmu.Libs/Agc/AgcExports.cs,1619,CbNop,nontrivial_source_handler,fa00cbfc35c52428002e29fada3374bd328b1a7d7c9383d478845c9448624eee
LxkJXQ1xY0M,_ZN3sce2Np9CppWebApi6Common12IntrusivePtrINS1_7Matches2V116JoinMatchRequestEEC1ERS7_,libSceNpCppWebApi,libSceNpCppWebApi,eboot.bin,function,True,1,False,0,False,,,,,,False,,,,,
M-j+UAPQzEQ,_ZNK3sce2Np9CppWebApi6Common12IntrusivePtrINS2_6VectorINS3_INS1_11UserProfile2V112BasicProfileEEEEEEptEv,libSceNpCppWebApi,libSceNpCppWebApi,eboot.bin,function,True,1,False,0,False,,,,,,False,,,,,
M0ttm8h7SKA,sceAgcAcbDmaDataGetSize,libSceAgc,libSceAgc,eboot.bin;sce_module/libSceJobManager.prx,function,True,2,True,1,True,sceAgcAcbDmaDataGetSize,libSceAgc,Gen5,SharpEmu.Libs.Agc.AgcExports,AcbDmaDataGetSize,True,src/SharpEmu.Libs/Agc/AgcExports.cs,2765,AcbDmaDataGetSize,nontrivial_source_handler,c237e813261b1a9fa3de3f224a7df74cd1c3a087d979b0d24be5b22f7717c423
M1TvFst-jrM,sceRtcConvertUtcToLocalTime,libSceRtc,libSceRtc,eboot.bin,function,True,1,True,1,True,sceRtcConvertUtcToLocalTime,libSceRtc,"Gen4, Gen5",SharpEmu.Libs.Rtc.RtcExports,RtcConvertUtcToLocalTime,True,src/SharpEmu.Libs/Rtc/RtcExports.cs,116,RtcConvertUtcToLocalTime,nontrivial_source_handler,3749259b7abd07bfd6b8901d12a2094eecb88a43b7d6a1631f2cff27742f2e21
M9yBzRKkjPc,sceAgcDriverGetResourceName,libSceAgcDriver,libSceAgcDriver,eboot.bin,function,True,1,False,0,False,,,,,,False,,,,,
MBuItvba6z8,sceKernelReleaseDirectMemory,libkernel,libkernel,eboot.bin,function,True,1,True,1,True,sceKernelReleaseDirectMemory,libKernel,"Gen4, Gen5",SharpEmu.Libs.Kernel.KernelMemoryCompatExports,KernelReleaseDirectMemory,True,src/SharpEmu.Libs/Kernel/KernelMemoryCompatExports.cs,3939,KernelReleaseDirectMemory,nontrivial_source_handler,d61d1ce8aa72b005a0d49bcd663cc2da27c4f6ef858517e27b45e79be4319631
MDLD5Ly94Xk,sceAgcCbSetUcRegisterRangeDirect,libSceAgc,libSceAgc,eboot.bin;sce_module/libSceJobManager.prx,function,True,2,False,0,False,,,,,,False,,,,,
MEHgsOaTrJE,_ZNK3sce2Np9CppWebApi6Common12IntrusivePtrINS2_6VectorINS3_INS1_11UserProfile2V112BasicProfileEEEEEEcvbEv,libSceNpCppWebApi,libSceNpCppWebApi,eboot.bin,function,True,1,False,0,False,,,,,,False,,,,,
MELi-cKqWq0,_ZSt19_Xbad_function_callv,libSceLibcInternal;libc,libSceLibcInternal;libc,eboot.bin;sce_module/libSceJobManager.prx,function,True,2,False,0,False,,,,,,False,,,,,
MHur6qCsUus,sceAjmFinalize,libSceAjm,libSceAjm,eboot.bin,function,True,1,True,1,True,sceAjmFinalize,libSceAjm,"Gen4, Gen5",SharpEmu.Libs.Audio.AjmExports,AjmFinalize,True,src/SharpEmu.Libs/Audio/AjmExports.cs,69,AjmFinalize,nontrivial_source_handler,ad0e4af0d2de7c359a271ee48f622d9a723a28ce612c4a44d55e23b2670eb4d6
MLWl90SFWNE,_ZdaPv,libSceLibcInternal,libSceLibcInternal,sce_module/libSceJobManager.prx,function,True,1,True,1,True,_ZdaPv,libc,Gen5,SharpEmu.Libs.Kernel.KernelMemoryCompatExports,OperatorDeleteArray,False,src/SharpEmu.Libs/Kernel/KernelMemoryCompatExports.cs,1646,OperatorDeleteArray,nontrivial_source_handler,0a93c9c7e8563261201b4724659885eed2100567b1ea2f127a0ecd6b9551ea43
MM4IZSEYytQ,sceAgcDriverSetHsOffchipParam,libSceAgcDriver,libSceAgcDriver,eboot.bin,function,True,1,False,0,False,,,,,,False,,,,,
MMlmJAL7N5w,sceAgcDcbSetBaseDrawIndirectArgsGetSize,libSceAgc,libSceAgc,eboot.bin,function,True,1,False,0,False,,,,,,False,,,,,
MMz3pWjeeqA,_ZN3sce2Np9CppWebApi6Common11TransactionINS2_12IntrusivePtrINS1_14SessionManager2V150PostPlayerSessionsSessionIdInvitationsResponseBodyEEENS4_INS2_18ResponseHeaderBaseEEEEC1Ev,libSceNpCppWebApi,libSceNpCppWebApi,eboot.bin,function,True,1,False,0,False,,,,,,False,,,,,
MRwiBFUbp1A,_ZN3sce2Np9CppWebApi30CommunicationRestrictionStatus2V333CommunicationRestrictionStatusApi33getCommunicationRestrictionStatusEiRKNS4_44ParameterToGetCommunicationRestrictionStatusERNS1_6Common11TransactionINS8_12IntrusivePtrINS3_38CommunicationRestrictionStatusResponseEEENSA_INS8_18ResponseHeaderBaseEEEEE,libSceNpCppWebApi,libSceNpCppWebApi,eboot.bin,function,True,1,False,0,False,,,,,,False,,,,,
MSJw0mUj+lU,_ZN3sce2Np9CppWebApi7Matches2V18MatchApi28ParameterToUpdateMatchStatusC1Ev,libSceNpCppWebApi,libSceNpCppWebApi,eboot.bin,function,True,1,False,0,False,,,,,,False,,,,,
MUjC4lbHrK4,fflush,libc,libc,eboot.bin,function,True,1,True,1,True,fflush,libc,"Gen4, Gen5",SharpEmu.Libs.LibcStdio.LibcStdioExports,Fflush,True,src/SharpEmu.Libs/LibcStdioExports.cs,548,Fflush,nontrivial_source_handler,4ffd6f6814fc240b54a32d9e48cddbdc36f6a3d18cb7e8d0f3830a86bb6ea03c
MWiElSNE8j8,sceAgcDcbWaitUntilSafeForRendering,libSceAgc,libSceAgc,eboot.bin,function,True,1,True,1,True,sceAgcDcbWaitUntilSafeForRendering,libSceAgc,Gen5,SharpEmu.Libs.Agc.AgcExports,DcbWaitUntilSafeForRendering,True,src/SharpEmu.Libs/Agc/AgcExports.cs,3299,DcbWaitUntilSafeForRendering,nontrivial_source_handler,76f01ab30e97b83d291efbe0cb7364972a0271e46a1f0fa92b9272d4a35a9725
MXakKx9ktts,_ZN3sce2Np9CppWebApi6Common15TransactionBaseINS2_12IntrusivePtrINS1_14SessionManager2V150PostPlayerSessionsSessionIdInvitationsResponseBodyEEENS4_INS2_18ResponseHeaderBaseEEEE5startEPNS2_10LibContextE,libSceNpCppWebApi,libSceNpCppWebApi,eboot.bin,function,True,1,False,0,False,,,,,,False,,,,,
MfDb+4Nln64,sceNpUniversalDataSystemEventPropertyObjectSetString,libSceNpUniversalDataSystem,libSceNpUniversalDataSystem,eboot.bin,function,True,1,True,1,True,sceNpUniversalDataSystemEventPropertyObjectSetString,libSceNpUniversalDataSystem,"Gen4, Gen5",SharpEmu.Libs.Np.NpUniversalDataSystemExports,NpUniversalDataSystemEventPropertyObjectSetString,True,src/SharpEmu.Libs/Np/NpUniversalDataSystemExports.cs,155,NpUniversalDataSystemEventPropertyObjectSetString,nontrivial_source_handler,5a88d9d68f007f07cc02dcbbd15fc7311954935778070bdd12d25b9d88f6ffd7
MlEw1feXcjg,sceAgcQueueEndOfPipeActionPatchData,libSceAgc,libSceAgc,eboot.bin,function,True,1,True,1,True,sceAgcQueueEndOfPipeActionPatchData,libSceAgc,Gen5,SharpEmu.Libs.Agc.AgcExports,QueueEndOfPipeActionPatchData,True,src/SharpEmu.Libs/Agc/AgcExports.cs,3179,QueueEndOfPipeActionPatchData,nontrivial_source_handler,c70e2d50c5513549883a552fa0aad15a5d366df0a3285dce5d8bdc17a471e657
MmpF1XsQiHw,sceAjmBatchInitialize,libSceAjm,libSceAjm,eboot.bin,function,True,1,True,1,True,sceAjmBatchInitialize,libSceAjm,"Gen4, Gen5",SharpEmu.Libs.Audio.AjmExports,AjmBatchInitialize,True,src/SharpEmu.Libs/Audio/AjmExports.cs,221,AjmBatchInitialize,nontrivial_source_handler,f827c8b3b4e99a17c2a2175f9c5c80a9bd9a52b27172a6db6f14dd2b8142ef31
MpxhMh8QFro,fwrite,libc,libc,eboot.bin,function,True,1,True,1,True,fwrite,libc,"Gen4, Gen5",SharpEmu.Libs.LibcStdio.LibcStdioExports,Fwrite,True,src/SharpEmu.Libs/LibcStdioExports.cs,482,Fwrite,nontrivial_source_handler,2e5b83d7e7185a6dc73fc97012b7ebc777be713f36f3ef3611589b78bb2311a8
MsaFhR+lPE4,sceNpWebApi2PushEventCreateFilter,libSceNpWebApi2,libSceNpWebApi2,eboot.bin,function,True,1,False,0,False,,,,,,False,,,,,
N+mr7GjTvr8,sceNpAuthCreateAsyncRequest,libSceNpAuth,libSceNpAuth,eboot.bin,function,True,1,False,0,False,,,,,,False,,,,,
N+uuxyqdvFo,_ZN3sce2Np9CppWebApi6Common12IntrusivePtrINS1_14SessionManager2V132RequestPlayerSessionMemberPlayerEEC1Ev,libSceNpCppWebApi,libSceNpCppWebApi,eboot.bin,function,True,1,False,0,False,,,,,,False,,,,,
N-FSPA4S3nI,sceAmprCommandBufferSetBuffer,libSceAmpr,libSceAmpr,eboot.bin,function,True,1,True,1,True,sceAmprCommandBufferSetBuffer,libSceAmpr,Gen5,SharpEmu.Libs.Ampr.AmprExports,CommandBufferSetBuffer,True,src/SharpEmu.Libs/Ampr/AmprExports.cs,145,CommandBufferSetBuffer,nontrivial_source_handler,76e23f48c8309e0dae7612e1e7385007df0e8eab85eb068486f08e12caea9e8d
N2xzUyENlCU,_ZNK3sce2Np9CppWebApi11UserProfile2V112BasicProfile11getOnlineIdEv,libSceNpCppWebApi,libSceNpCppWebApi,eboot.bin,function,True,1,False,0,False,,,,,,False,,,,,
NCe1Kgd6Jlo,_ZN3sce2Np9CppWebApi6Common12IntrusivePtrINS1_14SessionManager2V120RequestPlayerSessionEED1Ev,libSceNpCppWebApi,libSceNpCppWebApi,eboot.bin,function,True,1,False,0,False,,,,,,False,,,,,
NFLs+dRJGNg,memcpy_s,libc,libc,eboot.bin,function,True,1,False,0,False,,,,,,False,,,,,
NG-lbm2BAKU,_ZNK3sce2Np9CppWebApi6Common12IntrusivePtrINS1_11UserProfile2V125GetBasicPresencesResponseEEptEv,libSceNpCppWebApi,libSceNpCppWebApi,eboot.bin,function,True,1,False,0,False,,,,,,False,,,,,
NHh+Omcj4T8,_ZN3sce2Np9CppWebApi6Common11TransactionINS2_12IntrusivePtrINS1_14SessionManager2V136GetFriendsPlayerSessionsResponseBodyEEENS4_INS2_18ResponseHeaderBaseEEEEC1Ev,libSceNpCppWebApi,libSceNpCppWebApi,eboot.bin,function,True,1,False,0,False,,,,,,False,,,,,
NKIzURsgV7I,sceAgcGetGsOversubscription,libSceAgc,libSceAgc,eboot.bin;sce_module/libSceJobManager.prx,function,True,2,False,0,False,,,,,,False,,,,,
NKNYJptJYtY,_ZN3sce2Np9CppWebApi6Common12IntrusivePtrINS1_7Matches2V118CreateMatchRequestEEC1Ev,libSceNpCppWebApi,libSceNpCppWebApi,eboot.bin,function,True,1,False,0,False,,,,,,False,,,,,
NNIZ-FMyz3M,sceAmprMeasureCommandSizeNop,libSceAmpr,libSceAmpr,eboot.bin,function,True,1,False,0,False,,,,,,False,,,,,
NNVf18SlbT8,sceNpWebApi2PushEventCreatePushContext,libSceNpWebApi2,libSceNpWebApi2,eboot.bin,function,True,1,False,0,False,,,,,,False,,,,,
NNtFaKJbPt0,_close,libkernel,libkernel,sce_module/libc.prx,function,True,1,True,1,True,_close,libKernel,"Gen4, Gen5",SharpEmu.Libs.Kernel.KernelMemoryCompatExports,KernelCloseUnderscore,True,src/SharpEmu.Libs/Kernel/KernelMemoryCompatExports.cs,2656,KernelCloseUnderscore,nontrivial_source_handler,331b622f9d1f49b4ea1b3967655c168f182006316680785be79d6f1dfbc0ee23
NRX8fDa7344,_ZN3sce2Np9CppWebApi6Common15TransactionBaseINS2_12IntrusivePtrINS1_11UserProfile2V124GetBlockingUsersResponseEEENS4_INS2_18ResponseHeaderBaseEEEE6finishEv,libSceNpCppWebApi,libSceNpCppWebApi,eboot.bin,function,True,1,False,0,False,,,,,,False,,,,,
NTELx+nQzhw,_ZNK3sce2Np9CppWebApi6Common12IntrusivePtrINS2_6VectorINS3_INS1_14SessionManager2V113PlayerSessionEEEEEEdeEv,libSceNpCppWebApi,libSceNpCppWebApi,eboot.bin,function,True,1,False,0,False,,,,,,False,,,,,
NUeBrN7hzf0,sceImeDialogInit,libSceImeDialog,libSceImeDialog,eboot.bin,function,True,1,False,0,False,,,,,,False,,,,,
NVadfnzQhHQ,exp,libc,libc,eboot.bin,function,True,1,False,0,False,,,,,,False,,,,,
NWtTN10cJzE,sceLibcHeapGetTraceInfo,libSceLibcInternalExt,libSceLibcInternal,sce_module/libc.prx,function,True,1,True,1,True,sceLibcHeapGetTraceInfo,LibcInternalExt,"Gen4, Gen5",SharpEmu.Libs.LibcInternal.LibcInternalExports,LibcHeapGetTraceInfo,False,src/SharpEmu.Libs/LibcInternalExports.cs,104,LibcHeapGetTraceInfo,nontrivial_source_handler,0f6b70bcc7f3ceeac9ef1ddfd203a16a490c9da1df1636a4f452ed7aedeb2af8
NcaWUxfMNIQ,sceKernelMapNamedDirectMemory,libkernel,libkernel,eboot.bin,function,True,1,True,1,True,sceKernelMapNamedDirectMemory,libKernel,"Gen4, Gen5",SharpEmu.Libs.Kernel.KernelMemoryCompatExports,KernelMapNamedDirectMemory,True,src/SharpEmu.Libs/Kernel/KernelMemoryCompatExports.cs,4133,KernelMapNamedDirectMemory,nontrivial_source_handler,2ab7fab8135fa52922376ae05ce5c23a3eba1e41dd81dca44edb67aec620cf24
Nd91WaWmG2w,sceNetResolverStartNtoa,libSceNet,libSceNet,eboot.bin,function,True,1,False,0,False,,,,,,False,,,,,
NesIgTmfF0Q,bsearch,libc,libc,eboot.bin,function,True,1,False,0,False,,,,,,False,,,,,
NghWEUXp1qM,sceAgcDriverGetResourceBaseAddressAndSizeInBytes,libSceAgcDriver,libSceAgcDriver,eboot.bin,function,True,1,False,0,False,,,,,,False,,,,,
NhpspxdjEKU,_nanosleep,libkernel,libkernel,sce_module/libc.prx,function,True,1,False,0,False,,,,,,False,,,,,
NkJwDzKmIlw,sceAvPlayerClose,libSceAvPlayer,libSceAvPlayer,eboot.bin,function,True,1,True,1,True,sceAvPlayerClose,libSceAvPlayer,"Gen4, Gen5",SharpEmu.Libs.AvPlayer.AvPlayerExports,AvPlayerClose,True,src/SharpEmu.Libs/AvPlayer/AvPlayerExports.cs,276,AvPlayerClose,nontrivial_source_handler,8f558708eff0543ee59b1eb11587ba92500b3e56c3ad0774f13e6c40f450c5ba
NqoGDM7dSPs,_ZN3sce2Np9CppWebApi6Common6VectorINS2_12IntrusivePtrINS1_11UserProfile2V112BasicProfileEEEE5beginEv,libSceNpCppWebApi,libSceNpCppWebApi,eboot.bin,function,True,1,False,0,False,,,,,,False,,,,,
NvV--345al4,_ZN3sce2Np9CppWebApi6Common12IntrusivePtrINS1_14SessionManager2V124PlayerSessionPushContextEEC1Ev,libSceNpCppWebApi,libSceNpCppWebApi,eboot.bin,function,True,1,False,0,False,,,,,,False,,,,,
O4L+0oCN9zA,_FSinh,libc,libc,eboot.bin,function,True,1,False,0,False,,,,,,False,,,,,
O80NrhUOPGY,sceNpCheckPremium,libSceNpManager,libSceNpManager,eboot.bin,function,True,1,False,0,False,,,,,,False,,,,,
ODJK2sn9w4A,sceAvPlayerEnableStream,libSceAvPlayer,libSceAvPlayer,eboot.bin,function,True,1,True,1,True,sceAvPlayerEnableStream,libSceAvPlayer,"Gen4, Gen5",SharpEmu.Libs.AvPlayer.AvPlayerExports,AvPlayerEnableStream,True,src/SharpEmu.Libs/AvPlayer/AvPlayerExports.cs,452,AvPlayerEnableStream,nontrivial_source_handler,b5fa4beb92c27f233950ae193c0deedf931b70ee69abcc97f4f252dad4e1eec0
OJPTonqdg0I,_ZN3sce4Json6ObjectC1Ev,libSceJson2,libSceJson,eboot.bin;sce_module/libSceNpCppWebApi.prx,function,True,2,False,0,False,,,,,,False,,,,,
OJjm-QOIHlI,sceLibcMspaceMalloc,libSceLibcInternal,libSceLibcInternal,sce_module/libSceNpCppWebApi.prx,function,True,1,True,1,True,sceLibcMspaceMalloc,libSceLibcInternal,Gen5,SharpEmu.Libs.Kernel.KernelMemoryCompatExports,LibcMspaceMalloc,True,src/SharpEmu.Libs/Kernel/KernelMemoryCompatExports.cs,1454,LibcMspaceMalloc,nontrivial_source_handler,2da6d2552519959eed4b958ff2c228abc248d7596159f9631160c4028b49c394
OMDRKKAZ8I4,sceKernelDebugRaiseException,libkernel,libkernel,sce_module/libc.prx,function,True,1,True,1,True,sceKernelDebugRaiseException,libKernel,"Gen4, Gen5",SharpEmu.Libs.Kernel.KernelRuntimeCompatExports,KernelDebugRaiseException,True,src/SharpEmu.Libs/Kernel/KernelRuntimeCompatExports.cs,1765,KernelDebugRaiseException,nontrivial_source_handler,1969ed8894556d00e291c8b5ae5e3f24ad27503e29ba30389a0a9aa2b80c3244
ONT8As5R1ug,_ZNK3sce4Json5Value8getArrayEv,libSceJson2,libSceJson,sce_module/libSceNpCppWebApi.prx,function,True,1,True,1,True,_ZNK3sce4Json5Value8getArrayEv,libSceJson,"Gen4, Gen5",SharpEmu.Libs.Json.JsonExports,ValueGetArray,False,src/SharpEmu.Libs/Json/JsonExports.cs,618,ValueGetArray,nontrivial_source_handler,b7a7b42dba2440c1d17d11a2cc7fc4521aeee9dce8a19d3b4b0c3211223df68b
OOFxrMY+mfI,sceVideoRecordingStop,libSceVideoRecordingP,libSceVideoRecording,eboot.bin,function,True,1,False,0,False,,,,,,False,,,,,
OOY9+ObfKec,sceNpWebApi2ReadData,libSceNpWebApi2,libSceNpWebApi2,eboot.bin;sce_module/libSceNpCppWebApi.prx,function,True,2,False,0,False,,,,,,False,,,,,
OQTgEXyihvA,sceAgcSetAmmSemaphoreMemory,libSceAgc,libSceAgc,eboot.bin;sce_module/libSceJobManager.prx,function,True,2,False,0,False,,,,,,False,,,,,
ORWsxIbk4TE,sceAgcCondExecPatchSetEnd,libSceAgc,libSceAgc,eboot.bin,function,True,1,False,0,False,,,,,,False,,,,,
OVsvmF7lYPQ,_ZN3sce2Np9CppWebApi6Common12IntrusivePtrINS1_14SessionManager2V130PostPlayerSessionsResponseBodyEEC1Ev,libSceNpCppWebApi,libSceNpCppWebApi,eboot.bin,function,True,1,False,0,False,,,,,,False,,,,,
OWCJUmrWH1g,sceContentExportFromFile,libSceContentExport,libSceContentExport,eboot.bin,function,True,1,False,0,False,,,,,,False,,,,,
OXmauLdQ8kY,atan,libc,libc,eboot.bin,function,True,1,False,0,False,,,,,,False,,,,,
ObpPwWnpM8I,_ZN3sce2Np9CppWebApi6Common12IntrusivePtrINS1_14SessionManager2V12ToEEC1ERS7_,libSceNpCppWebApi,libSceNpCppWebApi,eboot.bin,function,True,1,False,0,False,,,,,,False,,,,,
Oc4wsNJNskY,_ZNK3sce2Np9CppWebApi11UserProfile2V112BasicProfile13onlineIdIsSetEv,libSceNpCppWebApi,libSceNpCppWebApi,eboot.bin,function,True,1,False,0,False,,,,,,False,,,,,
OcAgPxcq5Vk,_ZN3sce4Json12MemAllocatorD2Ev,libSceJson2,libSceJson,eboot.bin,function,True,1,True,1,True,_ZN3sce4Json12MemAllocatorD2Ev,libSceJson,"Gen4, Gen5",SharpEmu.Libs.Json.JsonExports,MemAllocatorDestructor,False,src/SharpEmu.Libs/Json/JsonExports.cs,83,MemAllocatorDestructor,nontrivial_source_handler,ae4aa6611b5c9c60215b657cbff4472301f8dc25df3723b531fa7b72d6c36a3c
Oe1W+jARzBQ,_ZN3sce2Np9CppWebApi7Matches2V119RequestInGameRoster10setPlayersERKNS1_6Common6VectorINS5_12IntrusivePtrINS3_18RequestMatchPlayerEEEEE,libSceNpCppWebApi,libSceNpCppWebApi,eboot.bin,function,True,1,False,0,False,,,,,,False,,,,,
OmJ5HIMLuNg,_ZN3sce2Np9CppWebApi6Common12IntrusivePtrINS1_14SessionManager2V110FromMemberEED1Ev,libSceNpCppWebApi,libSceNpCppWebApi,eboot.bin,function,True,1,False,0,False,,,,,,False,,,,,
Oo0S5PH7FIQ,sceVoiceEnd,libSceVoice,libSceVoice,eboot.bin,function,True,1,False,0,False,,,,,,False,,,,,
Op8TBGY5KHg,pthread_cond_wait,libkernel,libkernel,sce_module/libc.prx,function,True,1,True,1,True,pthread_cond_wait,libKernel,"Gen4, Gen5",SharpEmu.Libs.Kernel.KernelPthreadCompatExports,PosixPthreadCondWait,True,src/SharpEmu.Libs/Kernel/KernelPthreadCompatExports.cs,406,PosixPthreadCondWait,nontrivial_source_handler,01202f63d5b25c15288e2444c928d96bac5814ee6104cc681bd3f60b0fb126a6
OtEtHfMgSuk,_ZNK3sce2Np9CppWebApi6Common12IntrusivePtrINS2_6VectorINS3_INS1_14SessionManager2V113PlayerSessionEEEEEEcvbEv,libSceNpCppWebApi,libSceNpCppWebApi,eboot.bin,function,True,1,False,0,False,,,,,,False,,,,,
Ou3iL1abvng,__stack_chk_fail,libkernel,libkernel,eboot.bin;sce_module/libSceJobManager.prx;sce_module/libSceNpCppWebApi.prx;sce_module/libc.prx,function,True,4,True,1,True,__stack_chk_fail,libKernel,"Gen4, Gen5",SharpEmu.Libs.Kernel.KernelRuntimeCompatExports,StackCheckFail,True,src/SharpEmu.Libs/Kernel/KernelRuntimeCompatExports.cs,1825,StackCheckFail,nontrivial_source_handler,f63faaffa449cf91a11d67e245ce3ba010c96dc0004e8a2dd3e2dce95ebd718b
Ovb2dSJOAuE,strcmp,libSceLibcInternal;libc,libSceLibcInternal;libc,eboot.bin;sce_module/libSceNpCppWebApi.prx,function,True,2,True,1,True,strcmp,libc,"Gen4, Gen5",SharpEmu.Libs.Kernel.KernelMemoryCompatExports,Strcmp,True,src/SharpEmu.Libs/Kernel/KernelMemoryCompatExports.cs,700,Strcmp,nontrivial_source_handler,c67cf92377237c6425fb276a1fdb81b4da4aa2dbe788f73c030b5bd1579b6f3a
Oy6IpwgtYOk,lseek,libkernel,libkernel,sce_module/libc.prx,function,True,1,True,1,True,lseek,libKernel,"Gen4, Gen5",SharpEmu.Libs.Kernel.KernelMemoryCompatExports,PosixLseek,True,src/SharpEmu.Libs/Kernel/KernelMemoryCompatExports.cs,3281,PosixLseek,nontrivial_source_handler,7a60dfe0dc90e446b40986a028e5963da3e3610941146e38fc2548d5abd1e1e2
OzKvTvg3ZYU,sceNpAbortRequest,libSceNpManager,libSceNpManager,eboot.bin,function,True,1,False,0,False,,,,,,False,,,,,
P1CugZ99Uzc,sceAgcDcbEndOcclusionQueryGetSize,libSceAgc,libSceAgc,eboot.bin,function,True,1,False,0,False,,,,,,False,,,,,
P330P3dFF68,Need_sceLibc,libc,libc,eboot.bin,object,True,2,False,0,False,,,,,,False,,,,,
P6piso307SE,sceNpNotifyPremiumFeature,libSceNpManager,libSceNpManager,eboot.bin,function,True,1,False,0,False,,,,,,False,,,,,
PE2zHMqLSHs,sceAudioOut2ContextAdvance,libSceAudioOut2,libSceAudioOut,eboot.bin,function,True,1,True,1,True,sceAudioOut2ContextAdvance,libSceAudioOut2,Gen5,SharpEmu.Libs.Audio.AudioOut2Exports,AudioOut2ContextAdvance,True,src/SharpEmu.Libs/Audio/AudioOut2Exports.cs,224,AudioOut2ContextAdvance,nontrivial_source_handler,22d283fa5d187ba26d5c617bb0fb38547cf16ee23d38ca0bfb8ac4441611447b
PGRYlJHDzro,_ZNK3sce2Np9CppWebApi6Common12IntrusivePtrINS1_7Matches2V119CreateMatchResponseEEptEv,libSceNpCppWebApi,libSceNpCppWebApi,eboot.bin,function,True,1,False,0,False,,,,,,False,,,,,
PGbdeeOVRRU,_ZNK3sce2Np9CppWebApi6Common6Binary4sizeEv,libSceNpCppWebApi,libSceNpCppWebApi,eboot.bin,function,True,1,False,0,False,,,,,,False,,,,,
PI7jIZj4pcE,sceRandomGetRandomNumber,libSceRandom,libSceRandom,eboot.bin,function,True,1,False,0,False,,,,,,False,,,,,
PJPIXtFqKBM,_ZN3sce2Np9CppWebApi7Matches2V131UpdateMatchStatusRequestFactory6createEPNS1_6Common10LibContextENS3_12UpdateStatusEPNS5_12IntrusivePtrINS3_24UpdateMatchStatusRequestEEE,libSceNpCppWebApi,libSceNpCppWebApi,eboot.bin,function,True,1,False,0,False,,,,,,False,,,,,
PMVehSlfZ94,sceImeKeyboardClose,libSceIme,libSceIme,eboot.bin,function,True,1,False,0,False,,,,,,False,,,,,
PR5k1penBLM,_ZN3sce4Json11Initializer9terminateEv,libSceJson2,libSceJson,eboot.bin,function,True,1,False,0,False,,,,,,False,,,,,
PSK+Eik919Q,sceWebBrowserDialogClose,libSceWebBrowserDialog,libSceWebBrowserDialog,eboot.bin,function,True,1,False,0,False,,,,,,False,,,,,
PZku4ZrXJqg,sceKernelCancelEventFlag,libkernel,libkernel,sce_module/libSceJobManager.prx,function,True,1,True,1,True,sceKernelCancelEventFlag,libKernel,"Gen4, Gen5",SharpEmu.Libs.Kernel.KernelEventFlagCompatExports,KernelCancelEventFlag,True,src/SharpEmu.Libs/Kernel/KernelEventFlagCompatExports.cs,412,KernelCancelEventFlag,nontrivial_source_handler,ea3037597f874610f3a9d00d78c4ddef17edbfe3af739459a840b20a11b02429
PdnFCFqKGqA,_FCosh,libc,libc,eboot.bin,function,True,1,False,0,False,,,,,,False,,,,,
PjS5uASwcV8,sceVideoOutSetBufferAttribute2,libSceVideoOut,libSceVideoOut,eboot.bin,function,True,1,True,1,True,sceVideoOutSetBufferAttribute2,libSceVideoOut,"Gen4, Gen5",SharpEmu.Libs.VideoOut.VideoOutExports,VideoOutSetBufferAttribute2,True,src/SharpEmu.Libs/VideoOut/VideoOutExports.cs,1137,VideoOutSetBufferAttribute2,nontrivial_source_handler,c681a7bb4a2175580bd9cacc7babd39350e5eb3e98660a43854ea1490cb1b17a
PqRoVXyPIWA,_ZNK3sce2Np9CppWebApi6Common12IntrusivePtrINS1_14SessionManager2V149PostPlayerSessionsSessionIdInvitationsRequestBodyEEptEv,libSceNpCppWebApi,libSceNpCppWebApi,eboot.bin,function,True,1,False,0,False,,,,,,False,,,,,
PrdHuuDekhY,scePthreadKeyDelete,libkernel,libkernel,sce_module/libc.prx,function,True,1,True,1,True,scePthreadKeyDelete,libKernel,"Gen4, Gen5",SharpEmu.Libs.Kernel.KernelPthreadExtendedCompatExports,OrbisPthreadKeyDelete,True,src/SharpEmu.Libs/Kernel/KernelPthreadExtendedCompatExports.cs,1650,OrbisPthreadKeyDelete,nontrivial_source_handler,ccde3fe1c4a9a999d7f608eb168755082418ab3e8283a4a388640208bfd2d6bb
PxKWV2fVAps,sceAgcAcbDispatchIndirectGetSize,libSceAgc,libSceAgc,eboot.bin;sce_module/libSceJobManager.prx,function,True,2,False,0,False,,,,,,False,,,,,
PzLUwQXc7VM,_ZNK3sce2Np9CppWebApi6Common12IntrusivePtrINS1_14SessionManager2V154GetUsersAccountIdPlayerSessionsInvitationsResponseBodyEEptEv,libSceNpCppWebApi,libSceNpCppWebApi,eboot.bin,function,True,1,False,0,False,,,,,,False,,,,,
Q-u6dljYZ9o,_ZN3sce2Np9CppWebApi6Common12IntrusivePtrINS1_7Matches2V118RequestMatchPlayerEEC1Ev,libSceNpCppWebApi,libSceNpCppWebApi,eboot.bin,function,True,1,False,0,False,,,,,,False,,,,,
Q1WNakfGV08,_ZN3sce2Np9CppWebApi14SessionManager2V117PlayerSessionsApi38ParameterToGetPlayerSessionInvitationsC1Ev,libSceNpCppWebApi,libSceNpCppWebApi,eboot.bin,function,True,1,False,0,False,,,,,,False,,,,,
Q2V+iqvjgC0,vsnprintf,libc,libc,eboot.bin,function,True,1,True,1,True,vsnprintf,libc,"Gen4, Gen5",SharpEmu.Libs.Kernel.KernelMemoryCompatExports,Vsnprintf,True,src/SharpEmu.Libs/Kernel/KernelMemoryCompatExports.cs,868,Vsnprintf,nontrivial_source_handler,0e45eef741b63121751202465f50c0e2fc249abdfdd9ef30654881d7ca9db62f
Q3VBxCXhUHs,memcpy,libSceLibcInternal;libc,libSceLibcInternal;libc,eboot.bin;sce_module/libSceJobManager.prx;sce_module/libSceNpCppWebApi.prx,function,True,3,True,1,True,memcpy,libc,"Gen4, Gen5",SharpEmu.Libs.Kernel.KernelMemoryCompatExports,Memcpy,True,src/SharpEmu.Libs/Kernel/KernelMemoryCompatExports.cs,1360,Memcpy,nontrivial_source_handler,49d57c2335e5be0fa96ccf1bbe4dda9c6e899043885aeda1ef07ab314cc7f912
Q3dyFuwGn64,sceAjmModuleRegister,libSceAjm,libSceAjm,eboot.bin,function,True,1,True,1,True,sceAjmModuleRegister,libSceAjm,"Gen4, Gen5",SharpEmu.Libs.Audio.AjmExports,AjmModuleRegister,True,src/SharpEmu.Libs/Audio/AjmExports.cs,81,AjmModuleRegister,nontrivial_source_handler,cb85602069aeb269ecb04aa6eda7f85c9079a8fc07c1d591e378244d4b2d51a4
Q3utJvma4Mo,sceSystemServiceSetNoticeScreenSkipFlag,libSceSystemService,libSceSystemService,eboot.bin,function,True,1,False,0,False,,,,,,False,,,,,
Q4rRL34CEeE,sinf,libc,libc,eboot.bin,function,True,1,False,0,False,,,,,,False,,,,,
Q6vUUPnen-M,_ZN3sce2Np9CppWebApi7Matches2V18MatchApi11createMatchEiRKNS4_22ParameterToCreateMatchERNS1_6Common11TransactionINS8_12IntrusivePtrINS3_19CreateMatchResponseEEENSA_INS8_18ResponseHeaderBaseEEEEE,libSceNpCppWebApi,libSceNpCppWebApi,eboot.bin,function,True,1,False,0,False,,,,,,False,,,,,
QBFoAIjJoXQ,sceVoiceSetVolume,libSceVoice,libSceVoice,eboot.bin,function,True,1,False,0,False,,,,,,False,,,,,
QBi7HCK03hw,sceKernelClockGettime,libkernel,libkernel,sce_module/libc.prx,function,True,1,True,1,True,sceKernelClockGettime,libKernel,"Gen4, Gen5",SharpEmu.Libs.Kernel.KernelRuntimeCompatExports,KernelClockGettime,True,src/SharpEmu.Libs/Kernel/KernelRuntimeCompatExports.cs,256,KernelClockGettime,nontrivial_source_handler,84488fd0731edba2137c68108dc9332bde271777781afeb957a7bbfc12c59792
QI-x0SL8jhw,acosf,libc,libc,eboot.bin,function,True,1,True,1,True,acosf,libc,"Gen4, Gen5",SharpEmu.Libs.Kernel.KernelRuntimeCompatExports,LibcAcosf,True,src/SharpEmu.Libs/Kernel/KernelRuntimeCompatExports.cs,544,LibcAcosf,nontrivial_source_handler,a8ccae29eb5a2940d0454e7c646c9ff69ade217aa39bc4e3f2b1bb250a476cff
QIXCsbipds0,sceAgcDcbRewindGetSize,libSceAgc,libSceAgc,eboot.bin,function,True,1,False,0,False,,,,,,False,,,,,
QKrNgVo170o,_ZNK3sce2Np9CppWebApi6Common11TransactionINS2_12IntrusivePtrINS1_7Matches2V119CreateMatchResponseEEENS4_INS2_18ResponseHeaderBaseEEEE11getResponseERS8_,libSceNpCppWebApi,libSceNpCppWebApi,eboot.bin,function,True,1,False,0,False,,,,,,False,,,,,
QOQtbeDqsT4,sceAudioOutOutput,libSceAudioOut,libSceAudioOut,eboot.bin,function,True,1,True,1,True,sceAudioOutOutput,libSceAudioOut,Gen5,SharpEmu.Libs.Audio.AudioOutExports,AudioOutOutput,True,src/SharpEmu.Libs/Audio/AudioOutExports.cs,183,AudioOutOutput,nontrivial_source_handler,d1dcff18e6b03be921301808ca8b80ae8bc3d92a2ac8eb1f6cc351574d43a27d
QafxeZM3WK4,sceNpWebApi2PushEventDeletePushContext,libSceNpWebApi2,libSceNpWebApi2,eboot.bin,function,True,1,False,0,False,,,,,,False,,,,,
QdU3cirVIdE,_ZN3sce2Np9CppWebApi6Common12IntrusivePtrINS1_14SessionManager2V130RequestPlayerSessionInvitationEED1Ev,libSceNpCppWebApi,libSceNpCppWebApi,eboot.bin,function,True,1,False,0,False,,,,,,False,,,,,
QhCbS4X9Rl8,sceAgcDcbSetMarker,libSceAgc,libSceAgc,eboot.bin,function,True,1,False,0,False,,,,,,False,,,,,
QhPDD513V0w,sceAgcDcbSetShRegisterDirectGetSize,libSceAgc,libSceAgc,eboot.bin,function,True,1,False,0,False,,,,,,False,,,,,
Qn83xIhFHK8,_ZN3sce2Np9CppWebApi7Matches2V111AddedPlayer9setTeamIdEPKc,libSceNpCppWebApi,libSceNpCppWebApi,eboot.bin,function,True,1,False,0,False,,,,,,False,,,,,
QrZZdJ8XsX0,fputs,libc,libc,eboot.bin,function,True,1,True,1,True,fputs,libc,"Gen4, Gen5",SharpEmu.Libs.Kernel.KernelMemoryCompatExports,Fputs,True,src/SharpEmu.Libs/Kernel/KernelMemoryCompatExports.cs,2373,Fputs,nontrivial_source_handler,1621e85bea02d33cb19db814c14e13713246283e5104514afbc59ce3508731b3
Qrj4c+61z4A,sceAgcSetShRegIndirectPatchSetAddress,libSceAgc,libSceAgc,eboot.bin,function,True,1,True,1,True,sceAgcSetShRegIndirectPatchSetAddress,libSceAgc,Gen5,SharpEmu.Libs.Agc.AgcExports,SetShRegIndirectPatchSetAddress,True,src/SharpEmu.Libs/Agc/AgcExports.cs,1292,SetShRegIndirectPatchSetAddress,nontrivial_source_handler,e04892bb1532e57917f6c5213f1ae264f2cba9122577d69f70d84f440e122e2b
Qs1xtplKo0U,sceAmprAprCommandBufferDestructor,libSceAmpr,libSceAmpr,eboot.bin,function,True,1,True,1,True,sceAmprAprCommandBufferDestructor,libSceAmpr,Gen5,SharpEmu.Libs.Ampr.AmprExports,AprCommandBufferDestructor,True,src/SharpEmu.Libs/Ampr/AmprExports.cs,117,AprCommandBufferDestructor,nontrivial_source_handler,9aa8f0c1c9aa914201cfc394aa8f345a88ef208eb1eade62b6372c8e5af35a87
QwOO7vegnV8,sceSaveDataGetSaveDataMemory2,libSceSaveData_native,libSceSaveData_native,eboot.bin,function,True,1,True,1,True,sceSaveDataGetSaveDataMemory2,libSceSaveData,Gen5,SharpEmu.Libs.SaveData.SaveDataExports,SaveDataGetSaveDataMemory2,False,src/SharpEmu.Libs/SaveData/SaveDataExports.cs,1208,SaveDataGetSaveDataMemory2,nontrivial_source_handler,b7f0b2178961c2a7c7394217d3674f22c861bf023a12ac220ddab63409e13586
QzB4O+bJQyA,sceKernelAprResolveFilepathsToIdsAndFileSizesForEach,libkernel,libkernel,eboot.bin,function,True,1,False,0,False,,,,,,False,,,,,
R1Jvn8bSCW8,sceKernelDeleteSema,libkernel,libkernel,eboot.bin;sce_module/libSceJobManager.prx,function,True,2,True,1,True,sceKernelDeleteSema,libKernel,"Gen4, Gen5",SharpEmu.Libs.Kernel.KernelSemaphoreCompatExports,KernelDeleteSema,True,src/SharpEmu.Libs/Kernel/KernelSemaphoreCompatExports.cs,373,KernelDeleteSema,nontrivial_source_handler,56d770f3eb974299a122bd56cf51535b8f6e3d029e8fb9d781789815915388c5
R5UMy7LMszo,_ZN3sce2Np9CppWebApi6Common12IntrusivePtrINS1_14SessionManager2V129GetPlayerSessionsResponseBodyEEC1Ev,libSceNpCppWebApi,libSceNpCppWebApi,eboot.bin,function,True,1,False,0,False,,,,,,False,,,,,
R7FDWtcN6f8,_ZN3sce4Json5Value9serializeERNS0_6StringE,libSceJson2,libSceJson,sce_module/libSceNpCppWebApi.prx,function,True,1,False,0,False,,,,,,False,,,,,
R7d0F1g2qsU,sceAudioOut2ContextGetQueueLevel,libSceAudioOut2,libSceAudioOut,eboot.bin,function,True,1,True,1,True,sceAudioOut2ContextGetQueueLevel,libSceAudioOut2,Gen5,SharpEmu.Libs.Audio.AudioOut2Exports,AudioOut2ContextGetQueueLevel,True,src/SharpEmu.Libs/Audio/AudioOut2Exports.cs,241,AudioOut2ContextGetQueueLevel,nontrivial_source_handler,d8a58f14b8e5e15f0a0a9f1e6491416459b434a0ed0efdc8cabfd163529e86e4
R9lA82OraNs,sceAppContentInitialize,libSceAppContent,libSceAppContentUtil,eboot.bin,function,True,1,True,1,True,sceAppContentInitialize,libSceAppContent,"Gen4, Gen5",SharpEmu.Libs.AppContent.AppContentExports,AppContentInitialize,True,src/SharpEmu.Libs/AppContent/AppContentExports.cs,23,AppContentInitialize,nontrivial_source_handler,01d66b9a6cb5ac8925837d3ead7382c3f422a344e721604548d855d27ea39e15
RPCAhx-aabE,sceAmprCommandBufferGetBufferBaseAddress,libSceAmpr,libSceAmpr,eboot.bin,function,True,1,False,0,False,,,,,,False,,,,,
RQXLbdT2lc4,logf,libc,libc,eboot.bin,function,True,1,False,0,False,,,,,,False,,,,,
RR4novUEENY,scePadSetLightBar,libScePad,libScePad,eboot.bin,function,True,1,True,1,True,scePadSetLightBar,libScePad,"Gen4, Gen5",SharpEmu.Libs.Pad.PadExports,PadSetLightBar,True,src/SharpEmu.Libs/Pad/PadExports.cs,504,PadSetLightBar,nontrivial_source_handler,641d92e4840858541c04e31bdcf9225fddb91726f932809f90f80b9b6c9415fa
RXqt13UAFeY,_ZN3sce2Np9CppWebApi6Common12IntrusivePtrINS1_7Matches2V118CreateMatchRequestEEC1ERS7_,libSceNpCppWebApi,libSceNpCppWebApi,eboot.bin,function,True,1,False,0,False,,,,,,False,,,,,
RbLbuKv8zho,sceAjmInstanceDestroy,libSceAjm,libSceAjm,eboot.bin,function,True,1,True,1,True,sceAjmInstanceDestroy,libSceAjm,"Gen4, Gen5",SharpEmu.Libs.Audio.AjmExports,AjmInstanceDestroy,True,src/SharpEmu.Libs/Audio/AjmExports.cs,183,AjmInstanceDestroy,nontrivial_source_handler,c0c950f3eb077d706f28bb3141df1a12750d655efbea3ae564c30cc5c88b3ab0
RenI1lL1WFk,getsockname,libScePosix,libkernel,eboot.bin,function,True,1,True,1,True,getsockname,libKernel,"Gen4, Gen5",SharpEmu.Libs.Kernel.KernelSocketCompatExports,Getsockname,False,src/SharpEmu.Libs/Kernel/KernelSocketCompatExports.cs,247,Getsockname,nontrivial_source_handler,5913fce4720b5e3e395e3cfce3e0718ef6faa12f8814c735fcd23b2d913e1de5
Rfm9T4Fhns0,_ZNK3sce2Np9CppWebApi6Common6VectorINS2_12IntrusivePtrINS1_11UserProfile2V112BasicProfileEEEE4sizeEv,libSceNpCppWebApi,libSceNpCppWebApi,eboot.bin,function,True,1,False,0,False,,,,,,False,,,,,
Rj1cdK6XqPY,_ZN3sce2Np9CppWebApi6Common6VectorINS2_12IntrusivePtrINS1_7Matches2V116RequestMatchTeamEEEE8pushBackERKS8_,libSceNpCppWebApi,libSceNpCppWebApi,eboot.bin,function,True,1,False,0,False,,,,,,False,,,,,
Rlx+bykm0r0,sceAgcDcbDrawIndexMultiInstanced,libSceAgc,libSceAgc,eboot.bin,function,True,1,False,0,False,,,,,,False,,,,,
RmaJwLtc8rY,sceAgcDcbSetBaseIndirectArgs,libSceAgc,libSceAgc,eboot.bin,function,True,1,True,1,True,sceAgcDcbSetBaseIndirectArgs,libSceAgc,Gen5,SharpEmu.Libs.Agc.AgcExports,DcbSetBaseIndirectArgs,True,src/SharpEmu.Libs/Agc/AgcExports.cs,2776,DcbSetBaseIndirectArgs,nontrivial_source_handler,9dfc543792fb9a33bf538ee89a8a690db8a93e2bdd2f733041a615d38c95d1ed
RolXukwAUco,_ZN3sce2Np9CppWebApi7Matches2V125RequestMatchPlayerFactory6createEPNS1_6Common10LibContextEPKcNS3_10PlayerTypeEPNS5_12IntrusivePtrINS3_18RequestMatchPlayerEEE,libSceNpCppWebApi,libSceNpCppWebApi,eboot.bin,function,True,1,False,0,False,,,,,,False,,,,,
RpQJJVKTiFM,sceKernelGetModuleInfoForUnwind,libkernel,libkernel,sce_module/libc.prx,function,True,1,True,1,True,sceKernelGetModuleInfoForUnwind,libKernel,"Gen4, Gen5",SharpEmu.Libs.Kernel.KernelRuntimeCompatExports,KernelGetModuleInfoForUnwind,True,src/SharpEmu.Libs/Kernel/KernelRuntimeCompatExports.cs,1633,KernelGetModuleInfoForUnwind,nontrivial_source_handler,74d5256fe1e3918771782bbfd76059a5b1cfc3ae4ab6e1c91ed59753832d2d78
Rqm2OnZMCz0,sceNetCtlUnregisterCallback,libSceNetCtl,libSceNetCtl,eboot.bin,function,True,1,False,0,False,,,,,,False,,,,,
Rr1p24Dyq+w,_ZN3sce2Np9CppWebApi11UserProfile2V111PresenceApi17getBasicPresencesEiRKNS4_28ParameterToGetBasicPresencesERNS1_6Common11TransactionINS8_12IntrusivePtrINS3_25GetBasicPresencesResponseEEENSA_INS8_18ResponseHeaderBaseEEEEE,libSceNpCppWebApi,libSceNpCppWebApi,eboot.bin,function,True,1,False,0,False,,,,,,False,,,,,
RujUxbr3haM,_ZN3sce4Json11InitializerD1Ev,libSceJson2,libSceJson,eboot.bin,function,True,1,True,1,True,_ZN3sce4Json11InitializerD1Ev,libSceJson,"Gen4, Gen5",SharpEmu.Libs.Json.JsonExports,InitializerDestructor,False,src/SharpEmu.Libs/Json/JsonExports.cs,113,InitializerDestructor,nontrivial_source_handler,11683d771745bee678c7611ed0a47b8cf5c9aa49f5e79875e86fca39f92baf66
S1GkePI17zQ,sceSaveDataDelete,libSceSaveData_native,libSceSaveData_native,eboot.bin,function,True,1,False,0,False,,,,,,False,,,,,
S3JxD633sV4,_ZN3sce2Np9CppWebApi14SessionManager2V156PostPlayerSessionsSessionIdInvitationsRequestBodyFactory6createEPNS1_6Common10LibContextEPNS5_12IntrusivePtrINS3_49PostPlayerSessionsSessionIdInvitationsRequestBodyEEE,libSceNpCppWebApi,libSceNpCppWebApi,eboot.bin,function,True,1,False,0,False,,,,,,False,,,,,
S5JxQnoGF3E,_ZN3sce4Json6Parser5parseERNS0_5ValueEPKcm,libSceJson2,libSceJson,sce_module/libSceNpCppWebApi.prx,function,True,1,True,1,True,_ZN3sce4Json6Parser5parseERNS0_5ValueEPKcm,libSceJson,"Gen4, Gen5",SharpEmu.Libs.Json.JsonExports,ParserParseBuffer,False,src/SharpEmu.Libs/Json/JsonExports.cs,394,ParserParseBuffer,nontrivial_source_handler,83676642c0ade0999717cddf846b93f48d28396d54a6264643977713e95d2459
S7QTn72PrDw,sceNpDeleteRequest,libSceNpManager,libSceNpManager,eboot.bin,function,True,1,True,1,True,sceNpDeleteRequest,libSceNpManager,"Gen4, Gen5",SharpEmu.Libs.Np.NpManagerExports,NpDeleteRequest,True,src/SharpEmu.Libs/Np/NpManagerExports.cs,184,NpDeleteRequest,nontrivial_source_handler,a1b106b7d44c92594a6688e1250170a8248fd74067c07b9302de7a59927ae693
SAd0Z3wKwLA,tanhf,libc,libc,eboot.bin,function,True,1,False,0,False,,,,,,False,,,,,
SAfhzJPcjuk,sceAgcDriverRequestCaptureStart,libSceAgcDriver,libSceAgcDriver,eboot.bin;sce_module/libSceJobManager.prx,function,True,2,False,0,False,,,,,,False,,,,,
SCoAN5fYlUM,sceAgcDriverUnregisterAllResourcesForOwner,libSceAgcDriver,libSceAgcDriver,eboot.bin,function,True,1,False,0,False,,,,,,False,,,,,
SHtAad20YYM,_ZNK3sce4Json5Value7getTypeEv,libSceJson2,libSceJson,sce_module/libSceNpCppWebApi.prx,function,True,1,True,1,True,_ZNK3sce4Json5Value7getTypeEv,libSceJson,"Gen4, Gen5",SharpEmu.Libs.Json.JsonExports,ValueGetType,False,src/SharpEmu.Libs/Json/JsonExports.cs,434,ValueGetType,nontrivial_source_handler,4876d953d30af9205c3e8c431dd325e65f87e2f7a54a40ba4db2ffbd19c2c4e8
SJBKLQrHqFw,_ZN3sce2Np9CppWebApi6Common8IteratorINS2_12IntrusivePtrINS1_14SessionManager2V136UsersPlayerSessionsInvitationForReadEEEEppEv,libSceNpCppWebApi,libSceNpCppWebApi,eboot.bin,function,True,1,False,0,False,,,,,,False,,,,,
SQMjAiGtsiI,_ZN3sce2Np9CppWebApi14SessionManager2V120RequestPlayerSession19setJoinableUserTypeERKNS3_16JoinableUserTypeE,libSceNpCppWebApi,libSceNpCppWebApi,eboot.bin,function,True,1,False,0,False,,,,,,False,,,,,
SR76Quk0L9Y,_ZNK3sce2Np9CppWebApi6Common11TransactionINS2_12IntrusivePtrINS1_14SessionManager2V154GetUsersAccountIdPlayerSessionsInvitationsResponseBodyEEENS4_INS2_18ResponseHeaderBaseEEEE11getResponseERS8_,libSceNpCppWebApi,libSceNpCppWebApi,eboot.bin,function,True,1,False,0,False,,,,,,False,,,,,
SRI6S9B+-a4,atof,libc,libc,eboot.bin,function,True,1,False,0,False,,,,,,False,,,,,
STSh215IhuM,_ZN3sce2Np9CppWebApi14SessionManager2V117PlayerSessionsApi38ParameterToGetPlayerSessionInvitationsD1Ev,libSceNpCppWebApi,libSceNpCppWebApi,eboot.bin,function,True,1,False,0,False,,,,,,False,,,,,
SY+ctdf-emY,_ZNK3sce2Np9CppWebApi6Common11TransactionINS2_12IntrusivePtrINS1_14SessionManager2V150PostPlayerSessionsSessionIdInvitationsResponseBodyEEENS4_INS2_18ResponseHeaderBaseEEEE11getResponseERS8_,libSceNpCppWebApi,libSceNpCppWebApi,eboot.bin,function,True,1,False,0,False,,,,,,False,,,,,
Smf+fUNblPc,_sceUlobjmgrUnregisterObject,ulobjmgr,ulobjmgr,sce_module/libSceJobManager.prx,function,True,1,False,0,False,,,,,,False,,,,,
T23YLQIlyFY,_ZN3sce2Np9CppWebApi6Common12IntrusivePtrINS1_14SessionManager2V12ToEED1Ev,libSceNpCppWebApi,libSceNpCppWebApi,eboot.bin,function,True,1,False,0,False,,,,,,False,,,,,
T6xuVw0KUJo,sceAgcDebugRaiseException,libSceAgc,libSceAgc,eboot.bin;sce_module/libSceJobManager.prx,function,True,2,False,0,False,,,,,,False,,,,,
T72hz6ffq08,scePthreadYield,libkernel,libkernel,eboot.bin;sce_module/libc.prx,function,True,2,True,1,True,scePthreadYield,libKernel,"Gen4, Gen5",SharpEmu.Libs.Kernel.KernelPthreadCompatExports,PthreadYield,True,src/SharpEmu.Libs/Kernel/KernelPthreadCompatExports.cs,146,PthreadYield,nontrivial_source_handler,fae06571197742b7e2cb5aba9c53b3ff5ac06d73daa2f7dec950aec1f5a97f82
T7uyNqP7vQA,tan,libc,libc,eboot.bin,function,True,1,False,0,False,,,,,,False,,,,,
T8fER+tIGgk,select,libScePosix,libkernel,eboot.bin,function,True,1,True,1,True,select,libKernel,"Gen4, Gen5",SharpEmu.Libs.Kernel.KernelMemoryCompatExports,PosixSelect,False,src/SharpEmu.Libs/Kernel/KernelFileExtendedExports.cs,499,PosixSelect,nontrivial_source_handler,cd1fa0aca2995f609821c091e3772fe451a4c862c3e0cb13d775fdc1b4547faa
T9fjQIINoeE,sceAgcQueueEndOfPipeActionPatchType,libSceAgc,libSceAgc,eboot.bin,function,True,1,True,1,True,sceAgcQueueEndOfPipeActionPatchType,libSceAgc,Gen5,SharpEmu.Libs.Agc.AgcExports,QueueEndOfPipeActionPatchType,True,src/SharpEmu.Libs/Agc/AgcExports.cs,3197,QueueEndOfPipeActionPatchType,nontrivial_source_handler,90b45330f1aee2da472e92fd4e262d863622e58ceee16e16b6f5e79c2b598016
TEW3IKxYfXc,sceContentSearchSearchContent,libSceContentSearch,libSceContentSearch,eboot.bin,function,True,1,False,0,False,,,,,,False,,,,,
TFyU+KFBv54,sceNpEntitlementAccessGetAddcontEntitlementInfoList,libSceNpEntitlementAccess,libSceNpEntitlementAccess,eboot.bin,function,True,1,True,1,True,sceNpEntitlementAccessGetAddcontEntitlementInfoList,libSceNpEntitlementAccess,"Gen4, Gen5",SharpEmu.Libs.Np.NpEntitlementAccessExports,NpEntitlementAccessGetAddcontEntitlementInfoList,True,src/SharpEmu.Libs/Np/NpEntitlementAccessExports.cs,42,NpEntitlementAccessGetAddcontEntitlementInfoList,nontrivial_source_handler,24f324f8510c293aa331156527f85db235415ae670af9ffedfa9199f16151afa
TGEZzUWLbrc,sceAgcCbSetUcRegistersDirectGetSize,libSceAgc,libSceAgc,eboot.bin;sce_module/libSceJobManager.prx,function,True,2,False,0,False,,,,,,False,,,,,
THFniQXBq9E,_ZN3sce2Np9CppWebApi7Matches2V18MatchApi9joinMatchEiRKNS4_20ParameterToJoinMatchERNS1_6Common11TransactionINS8_15DefaultResponseENS8_12IntrusivePtrINS8_18ResponseHeaderBaseEEEEE,libSceNpCppWebApi,libSceNpCppWebApi,eboot.bin,function,True,1,False,0,False,,,,,,False,,,,,
TIdDZeVUTJ4,_ZN3sce2Np9CppWebApi30CommunicationRestrictionStatus2V333CommunicationRestrictionStatusApi44ParameterToGetCommunicationRestrictionStatusC1Ev,libSceNpCppWebApi,libSceNpCppWebApi,eboot.bin,function,True,1,False,0,False,,,,,,False,,,,,
TJIV4zGjz8o,_ZN3sce2Np9CppWebApi11UserProfile2V110FriendsApi21ParameterToGetFriends10initializeEPNS1_6Common10LibContextEPKc,libSceNpCppWebApi,libSceNpCppWebApi,eboot.bin,function,True,1,False,0,False,,,,,,False,,,,,
TRO721eVt4g,sceAgcDcbResetQueue,libSceAgc,libSceAgc,eboot.bin,function,True,1,True,1,True,sceAgcDcbResetQueue,libSceAgc,Gen5,SharpEmu.Libs.Agc.AgcExports,DcbResetQueue,True,src/SharpEmu.Libs/Agc/AgcExports.cs,2039,DcbResetQueue,nontrivial_source_handler,0da6657afff9de425146d4e9b181b829def2fe2ce070f34e4e996d43033c089e
TU-d9PfIHPM,socket,libScePosix,libkernel,eboot.bin,function,True,1,True,1,True,socket,libKernel,"Gen4, Gen5",SharpEmu.Libs.Kernel.KernelSocketCompatExports,Socket,False,src/SharpEmu.Libs/Kernel/KernelSocketCompatExports.cs,131,Socket,nontrivial_source_handler,722ed75ccf97984b3c4e69751c5f3d93c4a12974f95d2582827ada9e2df7e125
TUuiYS2kE8s,shutdown,libScePosix,libkernel,eboot.bin,function,True,1,False,0,False,,,,,,False,,,,,
TVfeSMIkEqc,_ZNK3sce2Np9CppWebApi6Common12IntrusivePtrINS2_6VectorINS3_INS1_11UserProfile2V112BasicProfileEEEEEEdeEv,libSceNpCppWebApi,libSceNpCppWebApi,eboot.bin,function,True,1,False,0,False,,,,,,False,,,,,
TXFFFiNldU8,getpeername,libScePosix,libkernel,eboot.bin,function,True,1,False,0,False,,,,,,False,,,,,
Tn3enK0KXAw,_ZN3sce2Np9CppWebApi7Matches2V118CreateMatchRequest15setInGameRosterERKNS1_6Common12IntrusivePtrINS3_19RequestInGameRosterEEE,libSceNpCppWebApi,libSceNpCppWebApi,eboot.bin,function,True,1,False,0,False,,,,,,False,,,,,
TpeZWm8upgg,_ZN3sce2Np9CppWebApi11UserProfile2V110FriendsApi21ParameterToGetFriends8setorderENS5_5OrderE,libSceNpCppWebApi,libSceNpCppWebApi,eboot.bin,function,True,1,False,0,False,,,,,,False,,,,,
TywrFKCoLGY,sceSaveDataInitialize3,libSceSaveData_native,libSceSaveData_native,eboot.bin,function,True,1,True,1,True,sceSaveDataInitialize3,libSceSaveData,"Gen4, Gen5",SharpEmu.Libs.SaveData.SaveDataExports,SaveDataInitialize3,False,src/SharpEmu.Libs/SaveData/SaveDataExports.cs,84,SaveDataInitialize3,nontrivial_source_handler,c658579ebe5bc0a7d96e2d3dc6c1cf16ac5ac46cf18fc6a5e45dcf996f7ed792
Tz4RNUCBbGI,_sceKernelRtldThreadAtexitIncrement,libkernel,libkernel,sce_module/libc.prx,function,True,1,True,1,True,_sceKernelRtldThreadAtexitIncrement,libKernel,"Gen4, Gen5",SharpEmu.Libs.Kernel.KernelMemoryCompatExports,KernelRtldThreadAtexitIncrement,True,src/SharpEmu.Libs/Kernel/KernelMemoryCompatExports.cs,3592,KernelRtldThreadAtexitIncrement,nontrivial_source_handler,3e3fc6157d358549518d54429efb00d3db00bf81e5d65b911d8b1b4b5d00df08
U9QiJMy8SFA,_ZN3sce2Np9CppWebApi7Matches2V123JoinMatchRequestFactory6createEPNS1_6Common10LibContextERKNS5_6VectorINS5_12IntrusivePtrINS3_11AddedPlayerEEEEEPNS9_INS3_16JoinMatchRequestEEE,libSceNpCppWebApi,libSceNpCppWebApi,eboot.bin,function,True,1,False,0,False,,,,,,False,,,,,
U9ueyEhSkF4,sceAgcDriverRegisterDefaultOwner,libSceAgcDriver,libSceAgcDriver,eboot.bin,function,True,1,True,1,True,sceAgcDriverRegisterDefaultOwner,libSceAgc,Gen5,SharpEmu.Libs.Agc.AgcExports,DriverRegisterDefaultOwner,False,src/SharpEmu.Libs/Agc/AgcExports.cs,13856,DriverRegisterDefaultOwner,nontrivial_source_handler,351ba3e808cfefae26e46d83499d3c88aa8c6002b8e2d58e61b74adcb11ca491
UGYh+3N0mYo,_ZNK3sce2Np9CppWebApi6Common11TransactionINS2_12IntrusivePtrINS1_14SessionManager2V136GetFriendsPlayerSessionsResponseBodyEEENS4_INS2_18ResponseHeaderBaseEEEE11getResponseERS8_,libSceNpCppWebApi,libSceNpCppWebApi,eboot.bin,function,True,1,False,0,False,,,,,,False,,,,,
UGittJii7dI,_ZN3sce2Np9CppWebApi6Common6VectorINS2_12IntrusivePtrINS1_7Matches2V111AddedPlayerEEEED1Ev,libSceNpCppWebApi,libSceNpCppWebApi,eboot.bin,function,True,1,False,0,False,,,,,,False,,,,,
UJ+Z7Q+4ck0,sceNetCtlRegisterCallback,libSceNetCtl,libSceNetCtl,eboot.bin,function,True,1,True,1,True,sceNetCtlRegisterCallback,libSceNetCtl,"Gen4, Gen5",SharpEmu.Libs.Network.NetCtlExports,NetCtlRegisterCallback,True,src/SharpEmu.Libs/Network/NetCtlExports.cs,118,NetCtlRegisterCallback,nontrivial_source_handler,5293ca2cc0ba3186fd8d9ddd059d164df32191d288e75d7758eae5ead293d6c9
UK2Tl2DWUns,sceKernelClose,libkernel,libkernel,eboot.bin;sce_module/libc.prx,function,True,2,True,1,True,sceKernelClose,libKernel,"Gen4, Gen5",SharpEmu.Libs.Kernel.KernelMemoryCompatExports,KernelClose,True,src/SharpEmu.Libs/Kernel/KernelMemoryCompatExports.cs,2670,KernelClose,nontrivial_source_handler,331b622f9d1f49b4ea1b3967655c168f182006316680785be79d6f1dfbc0ee23
ULvXMDz56po,sceAmprCommandBufferClearBuffer,libSceAmpr,libSceAmpr,eboot.bin,function,True,1,True,1,True,sceAmprCommandBufferClearBuffer,libSceAmpr,Gen5,SharpEmu.Libs.Ampr.AmprExports,CommandBufferClearBuffer,True,src/SharpEmu.Libs/Ampr/AmprExports.cs,230,CommandBufferClearBuffer,nontrivial_source_handler,09070efe87a1185f9b9775fadcfd29dc8f33a998c158c8b0903b53e32510b37d
UQGTw4xRlcM,sceAgcDcbSetUcRegistersIndirectGetSize,libSceAgc,libSceAgc,eboot.bin,function,True,1,False,0,False,,,,,,False,,,,,
URZOfbC4fzU,_ZN3sce2Np9CppWebApi11UserProfile2V111PresenceApi28ParameterToGetBasicPresences10initializeEPNS1_6Common10LibContextEPKc,libSceNpCppWebApi,libSceNpCppWebApi,eboot.bin,function,True,1,False,0,False,,,,,,False,,,,,
UReOIxlkMjo,_ZN3sce2Np9CppWebApi6Common12IntrusivePtrINS1_7Matches2V124UpdateMatchStatusRequestEED1Ev,libSceNpCppWebApi,libSceNpCppWebApi,eboot.bin,function,True,1,False,0,False,,,,,,False,,,,,
UTXzJbWhhTE,scePthreadAttrSetstacksize,libkernel,libkernel,eboot.bin;sce_module/libSceJobManager.prx;sce_module/libSceNpCppWebApi.prx;sce_module/libc.prx,function,True,4,True,1,True,scePthreadAttrSetstacksize,libKernel,"Gen4, Gen5",SharpEmu.Libs.Kernel.KernelPthreadExtendedCompatExports,PthreadAttrSetstacksize,True,src/SharpEmu.Libs/Kernel/KernelPthreadExtendedCompatExports.cs,1294,PthreadAttrSetstacksize,nontrivial_source_handler,31db9fd6de32e9b72a6dd0becc92e3f970b96d23979b56da45dd7da407ad64ad
UWIQyDcz1hs,_ZN3sce2Np9CppWebApi14SessionManager2V117PlayerSessionsApi28ParameterToGetPlayerSessions10initializeEPNS1_6Common10LibContextEPKc,libSceNpCppWebApi,libSceNpCppWebApi,eboot.bin,function,True,1,False,0,False,,,,,,False,,,,,
UYPxv8MIzGo,_ZN3sce2Np9CppWebApi6Common10initializeERKNS2_10InitParamsERNS2_10LibContextE,libSceNpCppWebApi,libSceNpCppWebApi,eboot.bin,function,True,1,True,1,True,_ZN3sce2Np9CppWebApi6Common10initializeERKNS2_10InitParamsERNS2_10LibContextE,libSceNpCppWebApi,"Gen4, Gen5",SharpEmu.Libs.Np.NpCppWebApiExports,CppWebApiCommonInitialize,True,src/SharpEmu.Libs/Np/NpCppWebApiExports.cs,17,CppWebApiCommonInitialize,nontrivial_source_handler,658527584e6ae4d06a6476037c0062d3bf02369dc72f6328b7a0a83cfc14af91
UZbQjYAwwXM,sceAgcCbSetShRegistersDirect,libSceAgc,libSceAgc,eboot.bin;sce_module/libSceJobManager.prx,function,True,2,True,1,True,sceAgcCbSetShRegistersDirect,libSceAgc,Gen5,SharpEmu.Libs.Agc.AgcExports,CbSetShRegistersDirect,True,src/SharpEmu.Libs/Agc/AgcExports.cs,1684,CbSetShRegistersDirect,nontrivial_source_handler,0a3fad8b955a116e67fbd8c1f8a6f456bfbbb1f097bfae6049e73fa3c0128a25
UaLjloJinow,sceSharePlayTerminate,libSceSharePlay,libSceSharePlay,eboot.bin,function,True,1,False,0,False,,,,,,False,,,,,
UbQoYawOsfY,sceAvPlayerIsActive,libSceAvPlayer,libSceAvPlayer,eboot.bin,function,True,1,True,1,True,sceAvPlayerIsActive,libSceAvPlayer,"Gen4, Gen5",SharpEmu.Libs.AvPlayer.AvPlayerExports,AvPlayerIsActive,True,src/SharpEmu.Libs/AvPlayer/AvPlayerExports.cs,504,AvPlayerIsActive,nontrivial_source_handler,09150cd3e7af8a32091ac91466120686b8b7445b7db15c8dac15ac8d6a4d9dff
Uc5eSnk3dvE,_ZNK3sce2Np9CppWebApi11UserProfile2V113BasicPresence12getAccountIdEv,libSceNpCppWebApi,libSceNpCppWebApi,eboot.bin,function,True,1,False,0,False,,,,,,False,,,,,
UeuWT+yNdCQ,_ZN3sce4Json5ValueC1Eb,libSceJson2,libSceJson,sce_module/libSceNpCppWebApi.prx,function,True,1,True,1,True,_ZN3sce4Json5ValueC1Eb,libSceJson,"Gen4, Gen5",SharpEmu.Libs.Json.JsonValueExports,ValueBooleanConstructor,False,src/SharpEmu.Libs/Json/JsonValueExports.cs,55,ValueBooleanConstructor,nontrivial_source_handler,500259095af66586c142c5c96e8d00554ffecf3ada9aaca1dbb79a54c645f6cf
UglJIZjGssM,sceAgcDriverSubmitDcb,libSceAgcDriver,libSceAgcDriver,eboot.bin;sce_module/libSceJobManager.prx,function,True,2,True,1,True,sceAgcDriverSubmitDcb,libSceAgcDriver,Gen5,SharpEmu.Libs.Agc.AgcExports,DriverSubmitDcb,True,src/SharpEmu.Libs/Agc/AgcExports.cs,3406,DriverSubmitDcb,nontrivial_source_handler,d27085641fd88657e0892517fa89dd0655b5b3f663b46cfef15be76e2803307f
Up36PTk687E,sceVideoOutOpen,libSceVideoOut,libSceVideoOut,eboot.bin,function,True,1,True,1,True,sceVideoOutOpen,libSceVideoOut,"Gen4, Gen5",SharpEmu.Libs.VideoOut.VideoOutExports,VideoOutOpen,True,src/SharpEmu.Libs/VideoOut/VideoOutExports.cs,284,VideoOutOpen,nontrivial_source_handler,0eefd626bd099e4af7aa9bbfde133e3d0735c63b9d10801afbda309bdd9f7734
UzT-6N3lHz8,_ZN3sce2Np9CppWebApi6Common12IntrusivePtrINS1_7Matches2V113RequestMemberEEC1Ev,libSceNpCppWebApi,libSceNpCppWebApi,eboot.bin,function,True,1,False,0,False,,,,,,False,,,,,
V++UgBtQhn0,,libSceAgc,libSceAgc,eboot.bin,function,True,1,True,1,True,sceAgcGetDataPacketPayloadAddress,libSceAgc,Gen5,SharpEmu.Libs.Agc.AgcExports,GetDataPacketPayloadAddress,True,src/SharpEmu.Libs/Agc/AgcExports.cs,1574,GetDataPacketPayloadAddress,nontrivial_source_handler,25c5f888ece6b7ca462decc291eb13f61b0ee7e7d0b28e5868be5d1b0212e8ed
V1jgl1b2Qog,_ZN3sce2Np9CppWebApi6Common12IntrusivePtrINS2_6VectorINS3_INS1_14SessionManager2V113PlayerSessionEEEEEED1Ev,libSceNpCppWebApi,libSceNpCppWebApi,eboot.bin,function,True,1,False,0,False,,,,,,False,,,,,
VADc3MNQ3cM,signal,libkernel,libkernel,sce_module/libc.prx,function,True,1,False,0,False,,,,,,False,,,,,
VAzswvTOCzI,unlink,libkernel,libkernel,sce_module/libc.prx,function,True,1,False,0,False,,,,,,False,,,,,
VB-BtuIW8Xc,sceKernelAprResolveFilepathsWithPrefixToIdsForEach,libkernel,libkernel,eboot.bin,function,True,1,False,0,False,,,,,,False,,,,,
VEDMaQmJZng,sceAmprCommandBufferGetType,libSceAmpr,libSceAmpr,eboot.bin,function,True,1,False,0,False,,,,,,False,,,,,
VEGu4dixjUg,sceAgcDcbJumpGetSize,libSceAgc,libSceAgc,eboot.bin,function,True,1,False,0,False,,,,,,False,,,,,
VGkEj4d6-Kg,sceAmprMeasureCommandSizeSetMarker,libSceAmpr,libSceAmpr,eboot.bin,function,True,1,False,0,False,,,,,,False,,,,,
VKaRucCPRyU,_ZN3sce2Np9CppWebApi6Common11TransactionINS2_12IntrusivePtrINS1_11UserProfile2V125GetBasicPresencesResponseEEENS4_INS2_18ResponseHeaderBaseEEEEC1Ev,libSceNpCppWebApi,libSceNpCppWebApi,eboot.bin,function,True,1,False,0,False,,,,,,False,,,,,
VOBg+iNwB-4,strtoll,libc,libc,eboot.bin,function,True,1,True,1,True,strtoll,libc,Gen5,SharpEmu.Libs.Kernel.KernelRuntimeCompatExports,LibcStrtoll,True,src/SharpEmu.Libs/Kernel/KernelRuntimeCompatExports.cs,2447,LibcStrtoll,nontrivial_source_handler,61d9f98f4a2d1b2d681a5a1aaf6016845ba5e333c0fdc737aebfcf80c828ecc2
VOMSpd9+vxU,sceAgcDriverSetResourceUserData,libSceAgcDriver,libSceAgcDriver,eboot.bin,function,True,1,False,0,False,,,,,,False,,,,,
VPbJwTCgME0,srand,libc,libc,eboot.bin,function,True,1,False,0,False,,,,,,False,,,,,
VVi2+kwIbCc,_ZN3sce2Np9CppWebApi6Common12IntrusivePtrINS1_14SessionManager2V132RequestPlayerSessionMemberPlayerEEC1ERS7_,libSceNpCppWebApi,libSceNpCppWebApi,eboot.bin,function,True,1,False,0,False,,,,,,False,,,,,
VXm5RXt+uJ0,_ZN3sce2Np9CppWebApi6Common15TransactionBaseINS2_12IntrusivePtrINS1_14SessionManager2V130PostPlayerSessionsResponseBodyEEENS4_INS2_18ResponseHeaderBaseEEEE6finishEv,libSceNpCppWebApi,libSceNpCppWebApi,eboot.bin,function,True,1,False,0,False,,,,,,False,,,,,
VbZ1QQAYHqY,_ZNK3sce2Np9CppWebApi6Common6VectorINS2_12IntrusivePtrINS1_7Matches2V118RequestMatchPlayerEEEE5emptyEv,libSceNpCppWebApi,libSceNpCppWebApi,eboot.bin,function,True,1,False,0,False,,,,,,False,,,,,
Vla-Z+eXlxo,sceLibcMspaceFree,libSceLibcInternal,libSceLibcInternal,sce_module/libSceNpCppWebApi.prx,function,True,1,False,0,False,,,,,,False,,,,,
VmW0Tdpy420,sceAgcDcbWaitRegMem,libSceAgc,libSceAgc,eboot.bin,function,True,1,True,1,True,sceAgcDcbWaitRegMem,libSceAgc,Gen5,SharpEmu.Libs.Agc.AgcExports,DcbWaitRegMem,True,src/SharpEmu.Libs/Agc/AgcExports.cs,2536,DcbWaitRegMem,nontrivial_source_handler,e966207f9272fdb694f02557a610c3f85a2e6b5fce0afafe2365313237a7a55e
Vo5V8KAwCmk,sceSystemServiceHideSplashScreen,libSceSystemService,libSceSystemService,eboot.bin,function,True,1,True,1,True,sceSystemServiceHideSplashScreen,libSceSystemService,"Gen4, Gen5",SharpEmu.Libs.SystemService.SystemServiceExports,SystemServiceHideSplashScreen,True,src/SharpEmu.Libs/SystemService/SystemServiceExports.cs,204,SystemServiceHideSplashScreen,nontrivial_source_handler,d8751b49868fc8db188f284c6b8805d357a7bab5c9caed44f3bca1d8e52a1080
W+-RA2Vn-cc,_ZN3sce2Np9CppWebApi6Common12IntrusivePtrINS1_11UserProfile2V125GetPublicProfilesResponseEEC1Ev,libSceNpCppWebApi,libSceNpCppWebApi,eboot.bin,function,True,1,False,0,False,,,,,,False,,,,,
W04zeKu27w8,_ZNK3sce2Np9CppWebApi6Common8IteratorINS2_12IntrusivePtrINS1_14SessionManager2V16FriendEEEEdeEv,libSceNpCppWebApi,libSceNpCppWebApi,eboot.bin,function,True,1,False,0,False,,,,,,False,,,,,
W0Hpm2X0uPE,scePthreadSetprio,libkernel,libkernel,eboot.bin,function,True,1,True,1,True,scePthreadSetprio,libKernel,"Gen4, Gen5",SharpEmu.Libs.Kernel.KernelPthreadExtendedCompatExports,PthreadSetprio,True,src/SharpEmu.Libs/Kernel/KernelPthreadExtendedCompatExports.cs,613,PthreadSetprio,nontrivial_source_handler,0f9ca5019c4f03c2459d23f26495902e6dd8a284156975ee75bf4e51159ff058
W5z4eZrjEas,sceAgcDriverRegisterResource,libSceAgcDriver,libSceAgcDriver,eboot.bin,function,True,1,True,1,True,sceAgcDriverRegisterResource,libSceAgc,Gen5,SharpEmu.Libs.Agc.AgcExports,DriverRegisterResource,False,src/SharpEmu.Libs/Agc/AgcExports.cs,3648,DriverRegisterResource,nontrivial_source_handler,e9af947c37c5e916a8707def2235755c37099b6bdd20273d8f0ed9bb98527f0f
W6SiVSiCDtI,sceLibcMspaceDestroy,libSceLibcInternal,libSceLibcInternal,sce_module/libSceNpCppWebApi.prx,function,True,1,True,1,True,sceLibcMspaceDestroy,libSceLibcInternal,Gen5,SharpEmu.Libs.Kernel.KernelMemoryCompatExports,LibcMspaceDestroy,True,src/SharpEmu.Libs/Kernel/KernelMemoryCompatExports.cs,1553,LibcMspaceDestroy,nontrivial_source_handler,c8e9ef0ff9ea0857e313c89b34288710b69a0f527f98ea2d122408011e2dde62
WDjBY4VN+Pk,_ZNK3sce2Np9CppWebApi6Common12IntrusivePtrINS1_7Matches2V111AddedPlayerEEptEv,libSceNpCppWebApi,libSceNpCppWebApi,eboot.bin,function,True,1,False,0,False,,,,,,False,,,,,
WDszmSbWuDk,sceKernelAddUserEventEdge,libkernel,libkernel,sce_module/libSceJobManager.prx,function,True,1,True,1,True,sceKernelAddUserEventEdge,libKernel,"Gen4, Gen5",SharpEmu.Libs.Kernel.KernelEventQueueCompatExports,KernelAddUserEventEdge,True,src/SharpEmu.Libs/Kernel/KernelEventQueueCompatExports.cs,165,KernelAddUserEventEdge,nontrivial_source_handler,1f8ca4cbddf8cbf16a40714fd716c9915c330fd0811ad9ec68664245f6c5a637
WFcfL2lzido,sceKernelQueryMemoryProtection,libkernel,libkernel,eboot.bin,function,True,1,True,1,True,sceKernelQueryMemoryProtection,libKernel,"Gen4, Gen5",SharpEmu.Libs.Kernel.KernelMemoryCompatExports,KernelQueryMemoryProtection,True,src/SharpEmu.Libs/Kernel/KernelMemoryCompatExports.cs,4487,KernelQueryMemoryProtection,nontrivial_source_handler,f2ba5664fc2f6208978793dca5f707c5613468470ec97a43cd803ea6c5cdc700
WJ3rqFwymew,sceRtcFormatRFC3339,libSceRtc,libSceRtc,sce_module/libSceNpCppWebApi.prx,function,True,1,False,0,False,,,,,,False,,,,,
WKAXJ4XBPQ4,scePthreadCondWait,libkernel,libkernel,eboot.bin;sce_module/libSceNpCppWebApi.prx;sce_module/libc.prx,function,True,3,True,1,True,scePthreadCondWait,libKernel,"Gen4, Gen5",SharpEmu.Libs.Kernel.KernelPthreadCompatExports,PthreadCondWait,True,src/SharpEmu.Libs/Kernel/KernelPthreadCompatExports.cs,378,PthreadCondWait,nontrivial_source_handler,01202f63d5b25c15288e2444c928d96bac5814ee6104cc681bd3f60b0fb126a6
WNK0UpGK8Ws,_ZN3sce2Np9CppWebApi11UserProfile2V110FriendsApi21ParameterToGetFriendsC1Ev,libSceNpCppWebApi,libSceNpCppWebApi,eboot.bin,function,True,1,False,0,False,,,,,,False,,,,,
WT-5NKy42fw,sceKernelAprResolveFilepathsToIds,libkernel,libkernel,eboot.bin,function,True,1,True,1,True,sceKernelAprResolveFilepathsToIds,libKernel,"Gen4, Gen5",SharpEmu.Libs.Kernel.KernelMemoryCompatExports,KernelAprResolveFilepathsToIds,True,src/SharpEmu.Libs/Kernel/KernelMemoryCompatExports.cs,2874,KernelAprResolveFilepathsToIds,nontrivial_source_handler,0e90a328bd64fff46edffae9d8c8ab19a497f402b2a20098baff3cd35883eb14
WTtYf+cNnXI,_ZN3sce4Json5ValueD1Ev,libSceJson2,libSceJson,eboot.bin;sce_module/libSceNpCppWebApi.prx,function,True,2,True,1,True,_ZN3sce4Json5ValueD1Ev,libSceJson,"Gen4, Gen5",SharpEmu.Libs.Json.JsonValueExports,ValueDestructor,False,src/SharpEmu.Libs/Json/JsonValueExports.cs,118,ValueDestructor,nontrivial_source_handler,8d1208e7375c187b59a7943fd77cbb9a506a30f30c4adb4089a1209da02aa329
WU4eHoqbTKg,_ZNK3sce2Np9CppWebApi6Common11TransactionINS2_12IntrusivePtrINS1_30CommunicationRestrictionStatus2V338CommunicationRestrictionStatusResponseEEENS4_INS2_18ResponseHeaderBaseEEEE11getResponseERS8_,libSceNpCppWebApi,libSceNpCppWebApi,eboot.bin,function,True,1,False,0,False,,,,,,False,,,,,
WV1GwM32NgY,sceNpWebApi2PushEventCreateHandle,libSceNpWebApi2,libSceNpWebApi2,eboot.bin,function,True,1,True,1,True,sceNpWebApi2PushEventCreateHandle,libSceNpWebApi2,"Gen4, Gen5",SharpEmu.Libs.Np.NpWebApi2Exports,NpWebApi2InitializeAlt,True,src/SharpEmu.Libs/Np/NpWebApi2Exports.cs,40,NpWebApi2InitializeAlt,nontrivial_source_handler,ea2bc2f849123f8eb147f4ee1e0ab7f202684ca310d4d46e0344d029f80133dd
WhCc1w3EhSI,_sceKernelSetThreadAtexitReport,libkernel,libkernel,sce_module/libc.prx,function,True,1,True,1,True,_sceKernelSetThreadAtexitReport,libKernel,"Gen4, Gen5",SharpEmu.Libs.Kernel.KernelMemoryCompatExports,KernelSetThreadAtexitReport,True,src/SharpEmu.Libs/Kernel/KernelMemoryCompatExports.cs,3545,KernelSetThreadAtexitReport,nontrivial_source_handler,9c9b982470c923e3119023c0ae2d1ef37eea8ac2b654bd37f34a3f5ff4f756d7
Wi7DtlLV+KI,sceAjmModuleUnregister,libSceAjm,libSceAjm,eboot.bin,function,True,1,True,1,True,sceAjmModuleUnregister,libSceAjm,"Gen4, Gen5",SharpEmu.Libs.Audio.AjmExports,AjmModuleUnregister,True,src/SharpEmu.Libs/Audio/AjmExports.cs,210,AjmModuleUnregister,nontrivial_source_handler,2bbc8f797e40ad50479d39dfe524aa0925cd77a37ad25a76b43e28a0321112d5
WkkeywLJcgU,wcslen,libc,libc,eboot.bin,function,True,1,True,1,True,wcslen,libc,"Gen4, Gen5",SharpEmu.Libs.Kernel.KernelMemoryCompatExports,WcslenWkkey,True,src/SharpEmu.Libs/Kernel/KernelMemoryCompatExports.cs,664,WcslenWkkey,nontrivial_source_handler,16f5b056e95f14abebc017a9d6702b428fdf94a1dccec958ec634b76e20b7744
WlyEA-sLDf0,sceKernelTruncate,libkernel,libkernel,sce_module/libc.prx,function,True,1,True,1,True,sceKernelTruncate,libKernel,"Gen4, Gen5",SharpEmu.Libs.Kernel.KernelMemoryCompatExports,KernelTruncate,True,src/SharpEmu.Libs/Kernel/KernelFileExtendedExports.cs,257,KernelTruncate,nontrivial_source_handler,3696444a7fc8ca8eebf8da399264c5882d345bec12c7de7be31fd27ec336b163
WmAc2MEj6Io,sceAgcDcbDmaData,libSceAgc,libSceAgc,eboot.bin,function,True,1,True,1,True,sceAgcDcbDmaData,libSceAgc,Gen5,SharpEmu.Libs.Agc.AgcExports,DcbDmaData,True,src/SharpEmu.Libs/Agc/AgcExports.cs,2661,DcbDmaData,nontrivial_source_handler,0fb3e70a14163cfb90f75f9ca6d201bdc1b512532eb7319c5e4b43ca8e1834d4
WmWLkS27FxE,_ZN3sce2Np9CppWebApi6Common11TransactionINS2_12IntrusivePtrINS1_14SessionManager2V150PostPlayerSessionsSessionIdInvitationsResponseBodyEEENS4_INS2_18ResponseHeaderBaseEEEED1Ev,libSceNpCppWebApi,libSceNpCppWebApi,eboot.bin,function,True,1,False,0,False,,,,,,False,,,,,
Wnp1OVcrZgk,sceAvPlayerGetAudioData,libSceAvPlayer,libSceAvPlayer,eboot.bin,function,True,1,True,1,True,sceAvPlayerGetAudioData,libSceAvPlayer,"Gen4, Gen5",SharpEmu.Libs.AvPlayer.AvPlayerExports,AvPlayerGetAudioData,True,src/SharpEmu.Libs/AvPlayer/AvPlayerExports.cs,534,AvPlayerGetAudioData,nontrivial_source_handler,0d8a67ad65515a7df87cf43e5ebec43d9e882d4fad305c58d424c3420b83ec9e
WrdP9Zxx3lQ,sceAgcDcbDrawIndexAutoGetSize,libSceAgc,libSceAgc,eboot.bin,function,True,1,False,0,False,,,,,,False,,,,,
WvEu7yl3Ivg,sceKernelAprGetFileSize,libkernel,libkernel,eboot.bin,function,True,1,True,1,True,sceKernelAprGetFileSize,libKernel,"Gen4, Gen5",SharpEmu.Libs.Kernel.KernelAprCompatExports,KernelAprGetFileSize,True,src/SharpEmu.Libs/Kernel/KernelAprCompatExports.cs,154,KernelAprGetFileSize,nontrivial_source_handler,3927e2394be1a76b22469b5491b190ef23689ec0edc0abac8b49203d7af2eb34
Wxbg5x3pTXA,sceNpUniversalDataSystemEventPropertyObjectSetArray,libSceNpUniversalDataSystem,libSceNpUniversalDataSystem,eboot.bin,function,True,1,True,1,True,sceNpUniversalDataSystemEventPropertyObjectSetArray,libSceNpUniversalDataSystem,"Gen4, Gen5",SharpEmu.Libs.Np.NpUniversalDataSystemExports,NpUniversalDataSystemEventPropertyObjectSetArray,True,src/SharpEmu.Libs/Np/NpUniversalDataSystemExports.cs,176,NpUniversalDataSystemEventPropertyObjectSetArray,nontrivial_source_handler,1ddca13f03154b331e59c8f12d1d66bff0dd5c0ac2f452561435d6517404d191
X-Nm5KLREeg,sceAgcDriverRegisterOwner,libSceAgcDriver,libSceAgcDriver,eboot.bin,function,True,1,True,1,True,sceAgcDriverRegisterOwner,libSceAgc,Gen5,SharpEmu.Libs.Agc.AgcExports,DriverRegisterOwner,False,src/SharpEmu.Libs/Agc/AgcExports.cs,13874,DriverRegisterOwner,nontrivial_source_handler,15457ecfc5c0630473ebcbafea45bd21786f5e5cb53233788e8fe223590fc824
X169CE6G3Y4,sceAmprAprCommandBufferMapEnd,libSceAmpr,libSceAmpr,eboot.bin,function,True,1,False,0,False,,,,,,False,,,,,
X1JE3HkJST8,_ZN3sce2Np9CppWebApi11UserProfile2V115BasicProfileApi17getPublicProfilesEiRKNS4_28ParameterToGetPublicProfilesERNS1_6Common11TransactionINS8_12IntrusivePtrINS3_25GetPublicProfilesResponseEEENSA_INS8_18ResponseHeaderBaseEEEEE,libSceNpCppWebApi,libSceNpCppWebApi,eboot.bin,function,True,1,False,0,False,,,,,,False,,,,,
XC9wM+xULz8,sceAvPlayerJumpToTime,libSceAvPlayer,libSceAvPlayer,eboot.bin,function,True,1,True,1,True,sceAvPlayerJumpToTime,libSceAvPlayer,"Gen4, Gen5",SharpEmu.Libs.AvPlayer.AvPlayerExports,AvPlayerJumpToTime,True,src/SharpEmu.Libs/AvPlayer/AvPlayerExports.cs,477,AvPlayerJumpToTime,nontrivial_source_handler,edb8436d71ff42326d7cdf10143d9a9dff0a9bf59490b627c1f3c9ef5aa38d7b
XDncXQIJUSk,sceNpGetOnlineId,libSceNpManager,libSceNpManager,eboot.bin,function,True,1,True,1,True,sceNpGetOnlineId,libSceNpManager,"Gen4, Gen5",SharpEmu.Libs.Np.NpManagerExports,NpGetOnlineId,True,src/SharpEmu.Libs/Np/NpManagerExports.cs,208,NpGetOnlineId,documented_stub_or_compatibility_shim,642afa7c90f0fe19e5b97e4875e0fc4102d87cd1c62a71622fb9bca52657db17
XKKuA6VkSRc,sceAgcAcbAtomicMem,libSceAgc,libSceAgc,eboot.bin;sce_module/libSceJobManager.prx,function,True,2,False,0,False,,,,,,False,,,,,
XKRegsFpEpk,catchReturnFromMain,libc,libc,eboot.bin,function,True,1,True,1,True,catchReturnFromMain,libc,"Gen4, Gen5",SharpEmu.Libs.Kernel.KernelExports,CatchReturnFromMain,True,src/SharpEmu.Libs/Kernel/KernelExports.cs,96,CatchReturnFromMain,nontrivial_source_handler,08ecea77133df5ce5c63cbea1b40adc100a8111bc02bb9836266afa5ad22eb16
XN+Iuu7XsM8,sceAgcDcbSetZPassPredicationEnableGetSize,libSceAgc,libSceAgc,eboot.bin,function,True,1,False,0,False,,,,,,False,,,,,
XUeWyaje50Q,_ZN3sce2Np9CppWebApi6Common15TransactionBaseINS2_12IntrusivePtrINS1_14SessionManager2V154GetUsersAccountIdPlayerSessionsInvitationsResponseBodyEEENS4_INS2_18ResponseHeaderBaseEEEE5startEPNS2_10LibContextE,libSceNpCppWebApi,libSceNpCppWebApi,eboot.bin,function,True,1,False,0,False,,,,,,False,,,,,
XVL8So3QJUk,connect,libScePosix,libkernel,eboot.bin,function,True,1,True,1,True,connect,libKernel,"Gen4, Gen5",SharpEmu.Libs.Kernel.KernelSocketCompatExports,Connect,False,src/SharpEmu.Libs/Kernel/KernelSocketCompatExports.cs,148,Connect,nontrivial_source_handler,5553ea1323f77508d4ac0b140f69b2cd164de7e4bf9cb4d165d1cbe4e623a27e
XgTZbDTvQio,_ZNK3sce2Np9CppWebApi6Common13ConstIteratorINS2_12IntrusivePtrINS1_11UserProfile2V112BasicProfileEEEEdeEv,libSceNpCppWebApi,libSceNpCppWebApi,eboot.bin,function,True,1,False,0,False,,,,,,False,,,,,
XkdGinZ2HtA,_ZN3sce2Np9CppWebApi14SessionManager2V117PlayerSessionsApi31ParameterToCreatePlayerSessionsC1Ev,libSceNpCppWebApi,libSceNpCppWebApi,eboot.bin,function,True,1,False,0,False,,,,,,False,,,,,
XlNp7jzGiPo,sceAgcDriverSetTFRing,libSceAgcDriver,libSceAgcDriver,eboot.bin,function,True,1,False,0,False,,,,,,False,,,,,
XlWbvieLj2M,_ZNK3sce4Json5ValueixEm,libSceJson2,libSceJson,sce_module/libSceNpCppWebApi.prx,function,True,1,True,1,True,_ZNK3sce4Json5ValueixEm,libSceJson,"Gen4, Gen5",SharpEmu.Libs.Json.JsonExports,ValueIndexPosition,False,src/SharpEmu.Libs/Json/JsonExports.cs,543,ValueIndexPosition,nontrivial_source_handler,56a1a24654b5c90d0ac24495d6c1cf852f7d91fa5d791b103024dba98480c9c9
Xp85BP3+BBI,sceAmprMeasureCommandSizeNopWithData,libSceAmpr,libSceAmpr,eboot.bin,function,True,1,False,0,False,,,,,,False,,,,,
Xq5WmbwPTnQ,sceAgcDriverTriggerCapture,libSceAgcDriver,libSceAgcDriver,eboot.bin;sce_module/libSceJobManager.prx,function,True,2,False,0,False,,,,,,False,,,,,
Xs9hdiD7sAA,pthread_setschedparam,libScePosix,libkernel,eboot.bin,function,True,1,True,1,True,pthread_setschedparam,libKernel,"Gen4, Gen5",SharpEmu.Libs.Kernel.KernelPthreadExtendedCompatExports,PosixPthreadSetschedparam,False,src/SharpEmu.Libs/Kernel/KernelPthreadExtendedCompatExports.cs,639,PosixPthreadSetschedparam,nontrivial_source_handler,b91c69c8ea435b5ad76b3832ea917d61308b26008a79cd70b9ad5381bbaa9926
Y-5vneiBtzk,sceAgcAcbEventWriteGetSize,libSceAgc,libSceAgc,eboot.bin;sce_module/libSceJobManager.prx,function,True,2,False,0,False,,,,,,False,,,,,
Y295ygEccqk,_ZN3sce2Np9CppWebApi6Common10LibContextC1Ev,libSceNpCppWebApi,libSceNpCppWebApi,eboot.bin,function,True,1,False,0,False,,,,,,False,,,,,
Y2onZmaIziI,_ZN3sce2Np9CppWebApi7Matches2V18MatchApi22ParameterToCreateMatchC1Ev,libSceNpCppWebApi,libSceNpCppWebApi,eboot.bin,function,True,1,False,0,False,,,,,,False,,,,,
Y3ymLfZ1384,sceAgcUpdatePrimState,libSceAgc,libSceAgc,eboot.bin;sce_module/libSceJobManager.prx,function,True,2,False,0,False,,,,,,False,,,,,
Y5DhuDKGlnQ,log2,libc,libc,eboot.bin,function,True,1,False,0,False,,,,,,False,,,,,
YBiIdcDPrxs,sceShareFeaturePermit,libSceShare,libSceShare,eboot.bin,function,True,1,False,0,False,,,,,,False,,,,,
YE4dbtbz6OE,sceNpUniversalDataSystemEventPropertyObjectSetInt32,libSceNpUniversalDataSystem,libSceNpUniversalDataSystem,eboot.bin,function,True,1,False,0,False,,,,,,False,,,,,
YMNOVOOSPxU,_ZNK3sce2Np9CppWebApi6Common12IntrusivePtrINS2_6VectorINS3_INS1_14SessionManager2V125FriendJoinedPlayerSessionEEEEEEptEv,libSceNpCppWebApi,libSceNpCppWebApi,eboot.bin,function,True,1,False,0,False,,,,,,False,,,,,
YNzNkJzYqEg,strncpy_s,libSceLibcInternal,libSceLibcInternal,sce_module/libSceJobManager.prx,function,True,1,True,1,True,strncpy_s,libc,Gen5,SharpEmu.Libs.Kernel.KernelRuntimeCompatExports,LibcStrncpySecure,False,src/SharpEmu.Libs/Kernel/KernelRuntimeCompatExports.cs,2228,LibcStrncpySecure,nontrivial_source_handler,f6f38e9c6133a846130c5adf675f33de70b0dd539a57720901b08b5974a5ab5c
YPxkUDhgoNI,sceAmprAprCommandBufferResetGatherScatterState,libSceAmpr,libSceAmpr,eboot.bin,function,True,1,False,0,False,,,,,,False,,,,,
YQ0navp+YIc,puts,libc,libc,eboot.bin,function,True,1,True,1,True,puts,libc,"Gen4, Gen5",SharpEmu.Libs.Kernel.KernelMemoryCompatExports,Puts,True,src/SharpEmu.Libs/Kernel/KernelMemoryCompatExports.cs,2409,Puts,nontrivial_source_handler,9b62949baf2a93e70dd34d9ddf2c3a38e006798c65318b279d17d6812ff919af
YUeqkyT7mEQ,sceAgcDcbSetFlip,libSceAgc,libSceAgc,eboot.bin,function,True,1,True,1,True,sceAgcDcbSetFlip,libSceAgc,Gen5,SharpEmu.Libs.Agc.AgcExports,DcbSetFlip,True,src/SharpEmu.Libs/Agc/AgcExports.cs,3330,DcbSetFlip,nontrivial_source_handler,783377482710d98bee34d96732c77c3f3052294f76ced913e1de1e2a44c9c1bd
YWTKOju587o,sceAgcCondExecPatchSetCommandAddress,libSceAgc,libSceAgc,eboot.bin,function,True,1,False,0,False,,,,,,False,,,,,
YXcNoxF0DcA,_ZN3sce2Np9CppWebApi6Common6VectorINS2_12IntrusivePtrINS1_7Matches2V116RequestMatchTeamEEEED1Ev,libSceNpCppWebApi,libSceNpCppWebApi,eboot.bin,function,True,1,False,0,False,,,,,,False,,,,,
YaHc3GS7y7g,_Mtx_init,libc,libc,eboot.bin,function,True,1,False,0,False,,,,,,False,,,,,
YeJl6yDlhW0,sceVoiceWriteToIPort,libSceVoice,libSceVoice,eboot.bin,function,True,1,False,0,False,,,,,,False,,,,,
Yf3CvohSksE,_ZN3sce2Np9CppWebApi6Common12IntrusivePtrINS1_14SessionManager2V113PlayerSessionEED1Ev,libSceNpCppWebApi,libSceNpCppWebApi,eboot.bin,function,True,1,False,0,False,,,,,,False,,,,,
YndgXqQVV7c,scePadReadState,libScePad,libScePad,eboot.bin,function,True,1,True,1,True,scePadReadState,libScePad,"Gen4, Gen5",SharpEmu.Libs.Pad.PadExports,PadReadState,True,src/SharpEmu.Libs/Pad/PadExports.cs,371,PadReadState,nontrivial_source_handler,8f3e099bbe59d941f7e83e146ae3474ad4c6aa88de6f254c2e56030cf92cc118
YuH2FA7azqQ,sceSaveDataDialogTerminate,libSceSaveDataDialog.native,libSceSaveDataDialog,eboot.bin,function,True,1,True,1,True,sceSaveDataDialogTerminate,libSceSaveDataDialog,"Gen4, Gen5",SharpEmu.Libs.SaveData.SaveDataDialogExports,SaveDataDialogTerminate,False,src/SharpEmu.Libs/SaveData/SaveDataDialogExports.cs,157,SaveDataDialogTerminate,nontrivial_source_handler,f1687beedcac11a9fe02f0c8400f0fc7066431d42d3ee1416f01dd856ea56fb0
YuOW3dDAKYc,sceHttpUriEscape,libSceHttp,libSceHttp,sce_module/libSceNpCppWebApi.prx,function,True,1,False,0,False,,,,,,False,,,,,
Yw0jKSqop+E,sceAgcDcbDrawIndexAuto,libSceAgc,libSceAgc,eboot.bin,function,True,1,True,1,True,sceAgcDcbDrawIndexAuto,libSceAgc,Gen5,SharpEmu.Libs.Agc.AgcExports,DcbDrawIndexAuto,True,src/SharpEmu.Libs/Agc/AgcExports.cs,2222,DcbDrawIndexAuto,nontrivial_source_handler,b620a30e07c820ca9e9e2b6fa3679471e2de59619b95c8df6c5cea5e18418107
Z+zAL-Z6eQk,_ZN3sce2Np9CppWebApi6Common12IntrusivePtrINS1_7Matches2V116RequestMatchTeamEEC1Ev,libSceNpCppWebApi,libSceNpCppWebApi,eboot.bin,function,True,1,False,0,False,,,,,,False,,,,,
Z-IQIsCmGnQ,_ZN3sce2Np9CppWebApi6Common12IntrusivePtrINS1_30CommunicationRestrictionStatus2V338CommunicationRestrictionStatusResponseEEC1Ev,libSceNpCppWebApi,libSceNpCppWebApi,eboot.bin,function,True,1,False,0,False,,,,,,False,,,,,
Z0eQj8m7XA8,sceNpEntitlementAccessDeleteRequest,libSceNpEntitlementAccess,libSceNpEntitlementAccess,eboot.bin,function,True,1,False,0,False,,,,,,False,,,,,
Z4nTIsAp+QM,_ZNK3sce2Np9CppWebApi6Common12IntrusivePtrINS1_11UserProfile2V118GetFriendsResponseEEptEv,libSceNpCppWebApi,libSceNpCppWebApi,eboot.bin,function,True,1,False,0,False,,,,,,False,,,,,
Z4wwCFiBELQ,sceNetCtlTerm,libSceNetCtl,libSceNetCtl,eboot.bin,function,True,1,False,0,False,,,,,,False,,,,,
Z7z6HXWORJY,sceSaveDataSaveIconByPath,libSceSaveData_native,libSceSaveData_native,eboot.bin,function,True,1,False,0,False,,,,,,False,,,,,
ZBkm0cyqmsU,_ZN3sce2Np9CppWebApi14SessionManager2V117PlayerSessionsApi28ParameterToGetPlayerSessionsC1Ev,libSceNpCppWebApi,libSceNpCppWebApi,eboot.bin,function,True,1,False,0,False,,,,,,False,,,,,
ZC17w3vB5Lo,sceAvPlayerStop,libSceAvPlayer,libSceAvPlayer,eboot.bin,function,True,1,True,1,True,sceAvPlayerStop,libSceAvPlayer,"Gen4, Gen5",SharpEmu.Libs.AvPlayer.AvPlayerExports,AvPlayerStop,True,src/SharpEmu.Libs/AvPlayer/AvPlayerExports.cs,361,AvPlayerStop,nontrivial_source_handler,c46c7c4253e00133e60108e0d5d8d3d2ea9db025d9fabe85cf3d758c3890ebdf
ZE6RNL+eLbk,tanf,libc,libc,eboot.bin,function,True,1,False,0,False,,,,,,False,,,,,
ZL5Znq6YsMY,_ZN3sce2Np9CppWebApi6Common6VectorINS2_12IntrusivePtrINS1_14SessionManager2V113PlayerSessionEEEEixEm,libSceNpCppWebApi,libSceNpCppWebApi,eboot.bin,function,True,1,False,0,False,,,,,,False,,,,,
ZLJk9r2+2Aw,sceAgcDriverUnregisterOwnerAndResources,libSceAgcDriver,libSceAgcDriver,eboot.bin,function,True,1,False,0,False,,,,,,False,,,,,
ZP4e7rlzOUk,sceSaveDataMount3,libSceSaveData_native,libSceSaveData_native,eboot.bin,function,True,1,True,1,True,sceSaveDataMount3,libSceSaveData,Gen5,SharpEmu.Libs.SaveData.SaveDataExports,SaveDataMount3,False,src/SharpEmu.Libs/SaveData/SaveDataExports.cs,204,SaveDataMount3,nontrivial_source_handler,930993b0ff58666584fd4b5247aa8d03c021094a77e6353472162f71c1d8f786
ZPD1YOKI+Kw,sceRtcGetCurrentClockLocalTime,libSceRtc,libSceRtc,eboot.bin,function,True,1,True,1,True,sceRtcGetCurrentClockLocalTime,libSceRtc,"Gen4, Gen5",SharpEmu.Libs.Rtc.RtcExports,RtcGetCurrentClockLocalTime,True,src/SharpEmu.Libs/Rtc/RtcExports.cs,207,RtcGetCurrentClockLocalTime,nontrivial_source_handler,059ac6e9ac560b1f6a96e6f72b37fce7ce0e32f2bb899501c57ae3988c6378d4
ZPUDWmgk5Jo,_ZN3sce2Np9CppWebApi6Common12IntrusivePtrINS2_6VectorINS3_INS1_11UserProfile2V112BasicProfileEEEEEEaSERKSA_,libSceNpCppWebApi,libSceNpCppWebApi,eboot.bin,function,True,1,False,0,False,,,,,,False,,,,,
ZT4ODD2Ts9o,Need_sceLibcInternal,libSceLibcInternal,libSceLibcInternal,sce_module/libSceJobManager.prx;sce_module/libSceNpCppWebApi.prx,object,True,2,False,0,False,,,,,,False,,,,,
ZUn0ZQBDyVQ,_ZNK3sce2Np9CppWebApi6Common12IntrusivePtrINS1_11UserProfile2V113BasicPresenceEEptEv,libSceNpCppWebApi,libSceNpCppWebApi,eboot.bin,function,True,1,False,0,False,,,,,,False,,,,,
ZYTehDq4VkA,_ZNK3sce2Np9CppWebApi6Common12IntrusivePtrINS1_11UserProfile2V125GetPublicProfilesResponseEEptEv,libSceNpCppWebApi,libSceNpCppWebApi,eboot.bin,function,True,1,False,0,False,,,,,,False,,,,,
ZZpDSZob2Bs,_ZN3sce2Np9CppWebApi14SessionManager2V117PlayerSessionsApi29ParameterToLeavePlayerSession10initializeEPNS1_6Common10LibContextEPKcSA_,libSceNpCppWebApi,libSceNpCppWebApi,eboot.bin,function,True,1,False,0,False,,,,,,False,,,,,
ZdVlyQI3f-c,_ZN3sce2Np9CppWebApi11UserProfile2V110FriendsApi21ParameterToGetFriendsD1Ev,libSceNpCppWebApi,libSceNpCppWebApi,eboot.bin,function,True,1,False,0,False,,,,,,False,,,,,
ZiJqTZVDuPM,_ZNK3sce2Np9CppWebApi6Common8IteratorImEneERKS4_,libSceNpCppWebApi,libSceNpCppWebApi,eboot.bin,function,True,1,False,0,False,,,,,,False,,,,,
Zj-yNSTs8bE,_ZN3sce2Np9CppWebApi6Common6VectorINS2_12IntrusivePtrINS1_7Matches2V113RequestMemberEEEED1Ev,libSceNpCppWebApi,libSceNpCppWebApi,eboot.bin,function,True,1,False,0,False,,,,,,False,,,,,
Zkxpy0zdodA,_ZN3sce2Np9CppWebApi6Common12IntrusivePtrINS1_14SessionManager2V115LocalizedStringEED1Ev,libSceNpCppWebApi,libSceNpCppWebApi,eboot.bin,function,True,1,False,0,False,,,,,,False,,,,,
ZpmffbrCBFM,_ZN3sce2Np9CppWebApi6Common6VectorINS2_12IntrusivePtrINS1_11UserProfile2V113BasicPresenceEEEEixEm,libSceNpCppWebApi,libSceNpCppWebApi,eboot.bin,function,True,1,False,0,False,,,,,,False,,,,,
ZuRinzzVx1M,_ZN3sce2Np9CppWebApi6Common12IntrusivePtrINS2_6VectorINS3_INS1_11UserProfile2V113BasicPresenceEEEEEED1Ev,libSceNpCppWebApi,libSceNpCppWebApi,eboot.bin,function,True,1,False,0,False,,,,,,False,,,,,
ZvWzS2wTIMc,sceVideoRecordingQueryMemSize,libSceVideoRecordingP,libSceVideoRecording,eboot.bin,function,True,1,False,0,False,,,,,,False,,,,,
ZvwO9euwYzc,sceAgcDcbSetCxRegistersIndirect,libSceAgc,libSceAgc,eboot.bin,function,True,1,True,1,True,sceAgcDcbSetCxRegistersIndirect,libSceAgc,Gen5,SharpEmu.Libs.Agc.AgcExports,DcbSetCxRegistersIndirect,True,src/SharpEmu.Libs/Agc/AgcExports.cs,2065,DcbSetCxRegistersIndirect,nontrivial_source_handler,caa7784dc83774be409e333b6d498de38c0948951127b05e4639fb851b4af30b
Zw7uUVPulbw,sceAgcDriverGetEqContextId,libSceAgcDriver,libSceAgcDriver,eboot.bin;sce_module/libSceJobManager.prx,function,True,2,False,0,False,,,,,,False,,,,,
Zxa0VhQVTsk,sceKernelWaitSema,libkernel,libkernel,eboot.bin;sce_module/libSceJobManager.prx,function,True,2,True,1,True,sceKernelWaitSema,libKernel,"Gen4, Gen5",SharpEmu.Libs.Kernel.KernelSemaphoreCompatExports,KernelWaitSema,True,src/SharpEmu.Libs/Kernel/KernelSemaphoreCompatExports.cs,91,KernelWaitSema,nontrivial_source_handler,2ce8e8dddadad72eab7e3e0d32569ff432acf57d7cc0c0dd4c87fb573e635d0d
a+W7HHlwpBs,_ZN3sce4Json6ObjectC1ERKS1_,libSceJson2,libSceJson,eboot.bin;sce_module/libSceNpCppWebApi.prx,function,True,2,False,0,False,,,,,,False,,,,,
a8uLzYY--tM,sceAmprAprCommandBufferConstructor,libSceAmpr,libSceAmpr,eboot.bin,function,True,1,True,1,True,sceAmprAprCommandBufferConstructor,libSceAmpr,Gen5,SharpEmu.Libs.Ampr.AmprExports,AprCommandBufferConstructor,True,src/SharpEmu.Libs/Ampr/AmprExports.cs,96,AprCommandBufferConstructor,nontrivial_source_handler,ede0b7ed529a28ad2ca70604135f6c1eb0e11b8e545ea7a8b636033b35034105
aEt4aNpeLwQ,_ZN3sce2Np9CppWebApi6Common12IntrusivePtrINS1_11UserProfile2V125GetPublicProfilesResponseEED1Ev,libSceNpCppWebApi,libSceNpCppWebApi,eboot.bin,function,True,1,False,0,False,,,,,,False,,,,,
aI+OeCz8xrQ,scePthreadSelf,libkernel,libkernel,eboot.bin;sce_module/libc.prx,function,True,2,True,1,True,scePthreadSelf,libKernel,"Gen4, Gen5",SharpEmu.Libs.Kernel.KernelPthreadCompatExports,PthreadSelf,True,src/SharpEmu.Libs/Kernel/KernelPthreadCompatExports.cs,98,PthreadSelf,nontrivial_source_handler,831b8be5d7efcd792ac08835e3be31655e79d1941061518d8766d8ac58eaf6a1
aII9h5nli9U,sceAudioOut2ContextPush,libSceAudioOut2,libSceAudioOut,eboot.bin,function,True,1,True,1,True,sceAudioOut2ContextPush,libSceAudioOut2,Gen5,SharpEmu.Libs.Audio.AudioOut2Exports,AudioOut2ContextPush,True,src/SharpEmu.Libs/Audio/AudioOut2Exports.cs,199,AudioOut2ContextPush,nontrivial_source_handler,df480fa3d1435577ec187123e5ff9257db3b774530abfe65faa145128a7bac96
aJf+j5yntiU,sceAgcDcbEventWrite,libSceAgc,libSceAgc,eboot.bin,function,True,1,True,1,True,sceAgcDcbEventWrite,libSceAgc,Gen5,SharpEmu.Libs.Agc.AgcExports,DcbEventWrite,True,src/SharpEmu.Libs/Agc/AgcExports.cs,2347,DcbEventWrite,nontrivial_source_handler,f9c2bfeb0f096f873147a16e6ce940e03e825c23f6ffd288167ef86998e4767d
aP1Ki9G3++4,sceAgcDcbSetUcRegisterDirectGetSize,libSceAgc,libSceAgc,eboot.bin,function,True,1,False,0,False,,,,,,False,,,,,
aesyjrHVWy4,strncmp,libSceLibcInternal;libc,libSceLibcInternal;libc,eboot.bin;sce_module/libSceNpCppWebApi.prx,function,True,2,True,1,True,strncmp,libc,"Gen4, Gen5",SharpEmu.Libs.Kernel.KernelMemoryCompatExports,Strncmp,True,src/SharpEmu.Libs/Kernel/KernelMemoryCompatExports.cs,798,Strncmp,nontrivial_source_handler,de8a409c1c11cbcb46dd36e169fae6298b887f20ce353ce23ff46d22bc6b8850
aixppP6tkFs,_ZN3sce2Np9CppWebApi6Common12IntrusivePtrINS1_7Matches2V119RequestInGameRosterEEC1Ev,libSceNpCppWebApi,libSceNpCppWebApi,eboot.bin,function,True,1,False,0,False,,,,,,False,,,,,
ajVj3QG2um4,sceVoiceDisconnectIPortFromOPort,libSceVoice,libSceVoice,eboot.bin,function,True,1,False,0,False,,,,,,False,,,,,
al3JzFI9MQ0,sceLibcInternalHeapErrorReportForGame,libSceLibcInternalExt,libSceLibcInternal,sce_module/libc.prx,function,True,1,True,1,True,sceLibcInternalHeapErrorReportForGame,libSceLibcInternal,"Gen4, Gen5",SharpEmu.Libs.Kernel.KernelMemoryCompatExports,LibcInternalHeapErrorReportForGame,False,src/SharpEmu.Libs/Kernel/KernelMemoryCompatExports.cs,8442,LibcInternalHeapErrorReportForGame,nontrivial_source_handler,978fab6fb8842e49652d7590eed55cf89651b67776c013a8e29058c4a2e54b15
anOM+-Ryi+o,_ZN3sce2Np9CppWebApi6Common12IntrusivePtrINS2_6VectorINS2_6StringEEEEC1ERS7_,libSceNpCppWebApi,libSceNpCppWebApi,eboot.bin,function,True,1,False,0,False,,,,,,False,,,,,
avsgLCaJz0w,_ZN3sce2Np9CppWebApi6Common6VectorINS2_12IntrusivePtrINS1_7Matches2V113RequestMemberEEEEC1EPNS2_10LibContextE,libSceNpCppWebApi,libSceNpCppWebApi,eboot.bin,function,True,1,False,0,False,,,,,,False,,,,,
awTPhlC4368,_ZNK3sce2Np9CppWebApi6Common8IteratorINS2_12IntrusivePtrINS1_14SessionManager2V136UsersPlayerSessionsInvitationForReadEEEEdeEv,libSceNpCppWebApi,libSceNpCppWebApi,eboot.bin,function,True,1,False,0,False,,,,,,False,,,,,
b+uAV89IlxE,sceAudioOutSetVolume,libSceAudioOut,libSceAudioOut,eboot.bin,function,True,1,True,1,True,sceAudioOutSetVolume,libSceAudioOut,"Gen4, Gen5",SharpEmu.Libs.Audio.AudioOutExports,AudioOutSetVolume,True,src/SharpEmu.Libs/Audio/AudioOutExports.cs,247,AudioOutSetVolume,nontrivial_source_handler,6422e79e79537b56a79dc05fa3a4f1171e79f247b80b285d3ec0474ccec4d235
b-oySn+G2tE,sceAgcAcbJumpGetSize,libSceAgc,libSceAgc,eboot.bin;sce_module/libSceJobManager.prx,function,True,2,False,0,False,,,,,,False,,,,,
b06Hh0DPEaE,sceMsgDialogOpen,libSceMsgDialog.native,libSceMsgDialog,eboot.bin,function,True,1,True,1,True,sceMsgDialogOpen,libSceMsgDialog,"Gen4, Gen5",SharpEmu.Libs.CommonDialog.MsgDialogExports,MsgDialogOpen,False,src/SharpEmu.Libs/CommonDialog/MsgDialogExports.cs,65,MsgDialogOpen,nontrivial_source_handler,7026337b42899df2f5525c28e9daec5d318c3128f7bd1f6fe2a7b0c15c21bbd9
b5u0Jzm8TF8,sceAgcDcbCopyDataGetSize,libSceAgc,libSceAgc,eboot.bin,function,True,1,False,0,False,,,,,,False,,,,,
b7kJI+nx2hg,sceVoiceDeletePort,libSceVoice,libSceVoice,eboot.bin,function,True,1,False,0,False,,,,,,False,,,,,
b9V6fmppLXY,_ZN3sce4Json5ValueC1EPKc,libSceJson2,libSceJson,sce_module/libSceNpCppWebApi.prx,function,True,1,True,1,True,_ZN3sce4Json5ValueC1EPKc,libSceJson,"Gen4, Gen5",SharpEmu.Libs.Json.JsonValueExports,ValueCStringConstructor,False,src/SharpEmu.Libs/Json/JsonValueExports.cs,91,ValueCStringConstructor,nontrivial_source_handler,b829d8bea807fe4fe3ccd85d4dbb56c964e093353b2580ba104ac3d9e2a2b319
bAM9Qwofus0,_ZNK3sce4Json5Array4backEv,libSceJson2,libSceJson,sce_module/libSceNpCppWebApi.prx,function,True,1,False,0,False,,,,,,False,,,,,
bDEVVP4bTjQ,sceRtcSetTime_t,libSceRtc,libSceRtc,eboot.bin,function,True,1,True,1,True,sceRtcSetTime_t,libSceRtc,"Gen4, Gen5",SharpEmu.Libs.Rtc.RtcExports,RtcSetTimeT,True,src/SharpEmu.Libs/Rtc/RtcExports.cs,699,RtcSetTimeT,nontrivial_source_handler,bd2f58f77b90c2174714ebb3ce6b7c6fafaa8d317dc651d01d91ddcd9d6a4006
bEvXpcEk200,sceNpWebApi2Terminate,libSceNpWebApi2,libSceNpWebApi2,eboot.bin,function,True,1,True,1,True,sceNpWebApi2Terminate,libSceNpWebApi2,"Gen4, Gen5",SharpEmu.Libs.Np.NpWebApi2Exports,NpWebApi2Terminate,True,src/SharpEmu.Libs/Np/NpWebApi2Exports.cs,65,NpWebApi2Terminate,nontrivial_source_handler,d8e1df6f15a140f2b671513a967a072bf68d1f2c00cd8f8bfebaf5083a5b354d
bFEs0Gs6D2A,sceAmprAprCommandBufferMapDirectBegin,libSceAmpr,libSceAmpr,eboot.bin,function,True,1,False,0,False,,,,,,False,,,,,
bIDov3wBu5Q,sceNpTrophy2RegisterContext,libSceNpTrophy2,libSceNpTrophy2,eboot.bin,function,True,1,True,1,True,sceNpTrophy2RegisterContext,libSceNpTrophy2,Gen5,SharpEmu.Libs.Np.NpTrophy2Exports,NpTrophy2RegisterContext,True,src/SharpEmu.Libs/Np/NpTrophy2Exports.cs,60,NpTrophy2RegisterContext,nontrivial_source_handler,b6c23ca3eedad2e375493221697c0a595836df17728e1df9242ecb5e155a235e
bLK1FEABaM8,_ZN3sce2Np9CppWebApi6Common13ConstIteratorINS2_12IntrusivePtrINS1_11UserProfile2V112BasicProfileEEEED1Ev,libSceNpCppWebApi,libSceNpCppWebApi,eboot.bin,function,True,1,False,0,False,,,,,,False,,,,,
bPNJIPCmGqI,_ZN3sce2Np9CppWebApi6Common12IntrusivePtrINS1_7Matches2V111AddedPlayerEEC1Ev,libSceNpCppWebApi,libSceNpCppWebApi,eboot.bin,function,True,1,False,0,False,,,,,,False,,,,,
bRujIheWlB0,_ZSt14_Throw_C_errori,libc,libc,eboot.bin,function,True,1,False,0,False,,,,,,False,,,,,
bTZjr816ME4,_ZN3sce2Np9CppWebApi11UserProfile2V111PresenceApi28ParameterToGetBasicPresencesC1Ev,libSceNpCppWebApi,libSceNpCppWebApi,eboot.bin,function,True,1,False,0,False,,,,,,False,,,,,
bTaEyd6uzzE,_ZN3sce2Np9CppWebApi14SessionManager2V117PlayerSessionsApi38ParameterToGetPlayerSessionInvitations9setfieldsENS1_6Common12IntrusivePtrINS6_6VectorINS6_6StringEEEEE,libSceNpCppWebApi,libSceNpCppWebApi,eboot.bin,function,True,1,False,0,False,,,,,,False,,,,,
bY-PO6JhzhQ,close,libScePosix,libkernel,eboot.bin,function,True,1,True,1,True,close,libKernel,"Gen4, Gen5",SharpEmu.Libs.Kernel.KernelMemoryCompatExports,PosixClose,False,src/SharpEmu.Libs/Kernel/KernelMemoryCompatExports.cs,2663,PosixClose,nontrivial_source_handler,331b622f9d1f49b4ea1b3967655c168f182006316680785be79d6f1dfbc0ee23
bZx+FFSlkUM,_ZdlPvSt11align_val_t,libc,libc,eboot.bin,function,True,1,False,0,False,,,,,,False,,,,,
baQO9ez2gL4,sceAmprCommandBufferReset,libSceAmpr,libSceAmpr,eboot.bin,function,True,1,True,1,True,sceAmprCommandBufferReset,libSceAmpr,Gen5,SharpEmu.Libs.Ampr.AmprExports,CommandBufferReset,True,src/SharpEmu.Libs/Ampr/AmprExports.cs,184,CommandBufferReset,nontrivial_source_handler,1dde5a7e153fbe928b6d092e1fe2f193e359a784b76b361adff4d87587bb66e5
bbFueFP+J4k,sceAgcDcbSetPredication,libSceAgc,libSceAgc,eboot.bin,function,True,1,True,1,True,sceAgcDcbSetPredication,libSceAgc,Gen5,SharpEmu.Libs.Agc.AgcExports,DcbSetPredication,True,src/SharpEmu.Libs/Agc/AgcExports.cs,13688,DcbSetPredication,nontrivial_source_handler,1f54b6281f090e858417c4129dc9e031b5fe14a1415fcf84aa1d435a04e7d179
beRjXBn-z+o,sceNetSend,libSceNet,libSceNet,eboot.bin,function,True,1,False,0,False,,,,,,False,,,,,
biWNVs-42is,_ZN3sce2Np9CppWebApi6Common11TransactionINS2_12IntrusivePtrINS1_7Matches2V119CreateMatchResponseEEENS4_INS2_18ResponseHeaderBaseEEEEC1Ev,libSceNpCppWebApi,libSceNpCppWebApi,eboot.bin,function,True,1,False,0,False,,,,,,False,,,,,
bnZxYgAFeA0,sceKernelGetSanitizerNewReplaceExternal,libkernel,libkernel,sce_module/libc.prx,function,True,1,True,1,True,sceKernelGetSanitizerNewReplaceExternal,libKernel,"Gen4, Gen5",SharpEmu.Libs.Kernel.KernelRuntimeCompatExports,KernelGetSanitizerNewReplaceExternal,True,src/SharpEmu.Libs/Kernel/KernelRuntimeCompatExports.cs,1302,KernelGetSanitizerNewReplaceExternal,nontrivial_source_handler,8d6bc48b6d79739dcedfef13e69120547ae0e0ded2afd248ba2a1c9493c8d39d
boO7DKyXql4,_ZN3sce2Np9CppWebApi7Matches2V119RequestInGameRoster8setTeamsERKNS1_6Common6VectorINS5_12IntrusivePtrINS3_16RequestMatchTeamEEEEE,libSceNpCppWebApi,libSceNpCppWebApi,eboot.bin,function,True,1,False,0,False,,,,,,False,,,,,
br2jlJMs1lQ,_ZN3sce2Np9CppWebApi6Common12IntrusivePtrINS1_7Matches2V116JoinMatchRequestEEC1Ev,libSceNpCppWebApi,libSceNpCppWebApi,eboot.bin,function,True,1,False,0,False,,,,,,False,,,,,
bt3CTBKmGyI,scePthreadSetaffinity,libkernel,libkernel,eboot.bin,function,True,1,True,1,True,scePthreadSetaffinity,libKernel,"Gen4, Gen5",SharpEmu.Libs.Kernel.KernelPthreadExtendedCompatExports,PthreadSetaffinity,True,src/SharpEmu.Libs/Kernel/KernelPthreadExtendedCompatExports.cs,529,PthreadSetaffinity,nontrivial_source_handler,07dd1d0a15c5b1417ea5ff499e335b6cbfd44edf425a8a64c0839b960f2a82ff
bt3LHR9xjK4,sceAmprCommandBufferWriteAddressFromTimeCounter_04_00,libSceAmpr,libSceAmpr,eboot.bin,function,True,1,False,0,False,,,,,,False,,,,,
buYbeLOGWmA,sceAppContentTemporaryDataMount2,libSceAppContent,libSceAppContentUtil,eboot.bin,function,True,1,True,1,True,sceAppContentTemporaryDataMount2,libSceAppContent,"Gen4, Gen5",SharpEmu.Libs.AppContent.AppContentExports,AppContentTemporaryDataMount2,True,src/SharpEmu.Libs/AppContent/AppContentExports.cs,105,AppContentTemporaryDataMount2,nontrivial_source_handler,9cfc04629b61e65a76896f25b761692c83ec5d48b81c4ea54ccdf38a8c45c564
bvfjdByaA6Q,_ZNK3sce2Np9CppWebApi6Common6VectorINS2_12IntrusivePtrINS1_11UserProfile2V113BasicPresenceEEEE4sizeEv,libSceNpCppWebApi,libSceNpCppWebApi,eboot.bin,function,True,1,False,0,False,,,,,,False,,,,,
bxGoVxpdSPQ,sceAgcCbSetShRegisterRangeDirectGetSize,libSceAgc,libSceAgc,eboot.bin;sce_module/libSceJobManager.prx,function,True,2,False,0,False,,,,,,False,,,,,
bzQExy189ZI,_init_env,libc,libc,eboot.bin,function,True,1,True,1,True,_init_env,libc,"Gen4, Gen5",SharpEmu.Libs.Kernel.KernelExports,InitEnv,True,src/SharpEmu.Libs/Kernel/KernelExports.cs,110,InitEnv,nontrivial_source_handler,a1b106b7d44c92594a6688e1250170a8248fd74067c07b9302de7a59927ae693
c7ZnT7V1B98,rmdir,libkernel,libkernel,sce_module/libc.prx,function,True,1,False,0,False,,,,,,False,,,,,
cE7wIsqXdZ8,sceNpAuthAbortRequest,libSceNpAuth,libSceNpAuth,eboot.bin,function,True,1,False,0,False,,,,,,False,,,,,
cFazmnXpJOE,sceAgcAcbEventWrite,libSceAgc,libSceAgc,eboot.bin;sce_module/libSceJobManager.prx,function,True,2,True,1,True,sceAgcAcbEventWrite,libSceAgc,Gen5,SharpEmu.Libs.Agc.AgcExports,AcbEventWrite,True,src/SharpEmu.Libs/Agc/AgcExports.cs,1775,AcbEventWrite,nontrivial_source_handler,666d310471624ef6567fbd96e75804e3f991f17118e0ee531c7f26996271212f
cG1VE2HMl6c,_ZN3sce4Json6StringD1Ev,libSceJson2,libSceJson,eboot.bin;sce_module/libSceNpCppWebApi.prx,function,True,2,True,1,True,_ZN3sce4Json6StringD1Ev,libSceJson,"Gen4, Gen5",SharpEmu.Libs.Json.JsonValueExports,StringDestructor,False,src/SharpEmu.Libs/Json/JsonValueExports.cs,231,StringDestructor,nontrivial_source_handler,2a7ab48fbafaa9afc9fe1a0bb1f3cebe56950bfe2527d32d3a738667bb8c6f48
cJLufzou6bc,sceVoiceGetBitRate,libSceVoice,libSceVoice,eboot.bin,function,True,1,False,0,False,,,,,,False,,,,,
cK6bYHf-Q5E,_ZN3sce4Json11InitializerC1Ev,libSceJson2,libSceJson,eboot.bin,function,True,1,True,1,True,_ZN3sce4Json11InitializerC1Ev,libSceJson,"Gen4, Gen5",SharpEmu.Libs.Json.JsonExports,InitializerConstructor,False,src/SharpEmu.Libs/Json/JsonExports.cs,95,InitializerConstructor,nontrivial_source_handler,6654ca007222e64d6a48bb6f7c43981f1bfff2dc5b67e52e136e11b555c668fa
cMtWfMUFIY8,_ZN3sce2Np9CppWebApi6Common15TransactionBaseINS2_12IntrusivePtrINS1_11UserProfile2V125GetPublicProfilesResponseEEENS4_INS2_18ResponseHeaderBaseEEEE5startEPNS2_10LibContextE,libSceNpCppWebApi,libSceNpCppWebApi,eboot.bin,function,True,1,False,0,False,,,,,,False,,,,,
cQ6DGsQEjV4,sceVoiceReadFromOPort,libSceVoice,libSceVoice,eboot.bin,function,True,1,False,0,False,,,,,,False,,,,,
cQb8Zr8Q0Y0,sceAmprCommandBufferWaitOnCounter_04_00,libSceAmpr,libSceAmpr,eboot.bin,function,True,1,False,0,False,,,,,,False,,,,,
cQke9UuBQOk,sceKernelMunmap,libkernel,libkernel,eboot.bin;sce_module/libSceNpCppWebApi.prx;sce_module/libc.prx,function,True,3,True,1,True,sceKernelMunmap,libKernel,"Gen4, Gen5",SharpEmu.Libs.Kernel.KernelMemoryCompatExports,KernelMunmap,True,src/SharpEmu.Libs/Kernel/KernelMemoryCompatExports.cs,4315,KernelMunmap,nontrivial_source_handler,2de570dd488d831ca12a40f98f0c0c0b8e41b8ce26515e3e98c4dd34fa9a468a
cTLUQmCfWNQ,_ZN3sce2Np9CppWebApi6Common15DefaultResponseD1Ev,libSceNpCppWebApi,libSceNpCppWebApi,eboot.bin,function,True,1,False,0,False,,,,,,False,,,,,
ca4KPvp0qLQ,sceAgcDcbSetIndexSizeGetSize,libSceAgc,libSceAgc,eboot.bin,function,True,1,False,0,False,,,,,,False,,,,,
cahotuEYsKo,_ZN3sce2Np9CppWebApi6Common12IntrusivePtrINS1_14SessionManager2V120PlayerSessionForReadEEC1ERS7_,libSceNpCppWebApi,libSceNpCppWebApi,eboot.bin,function,True,1,False,0,False,,,,,,False,,,,,
cd+Rtw+D1x8,sceAudioOut2PortDestroy,libSceAudioOut2,libSceAudioOut,eboot.bin,function,True,1,True,1,True,sceAudioOut2PortDestroy,libSceAudioOut2,Gen5,SharpEmu.Libs.Audio.AudioOut2Exports,AudioOut2PortDestroy,True,src/SharpEmu.Libs/Audio/AudioOut2Exports.cs,340,AudioOut2PortDestroy,nontrivial_source_handler,8d359b670e8bd21b20707df56240c1d50aa7a3b2fd5914a006495fcc93f0522f
cdDRpqcFGbU,sceAgcDmaDataPatchSetSrcAddressOrOffsetOrImmediate,libSceAgc,libSceAgc,eboot.bin,function,True,1,True,1,True,sceAgcDmaDataPatchSetSrcAddressOrOffsetOrImmediate,libSceAgc,Gen5,SharpEmu.Libs.Agc.AgcExports,DmaDataPatchSetSrcAddressOrOffsetOrImmediate,True,src/SharpEmu.Libs/Agc/AgcExports.cs,2930,DmaDataPatchSetSrcAddressOrOffsetOrImmediate,nontrivial_source_handler,ee65533ea6b639e5de1cd15c073f289073df2653abdd1dccb3fb82d6aa232432
cduy9v4YmT4,sceSaveDataSetSaveDataMemory2,libSceSaveData_native,libSceSaveData_native,eboot.bin,function,True,1,True,1,True,sceSaveDataSetSaveDataMemory2,libSceSaveData,Gen5,SharpEmu.Libs.SaveData.SaveDataExports,SaveDataSetSaveDataMemory2,False,src/SharpEmu.Libs/SaveData/SaveDataExports.cs,1216,SaveDataSetSaveDataMemory2,nontrivial_source_handler,8ca6dc1bc42e4c8c6d9c16f2a66ca3e779829b4fcb877f21e32e88f120a0fdde
cfu8UjoKktY,_ZNK3sce2Np9CppWebApi6Common11TransactionINS2_12IntrusivePtrINS1_11UserProfile2V118GetFriendsResponseEEENS4_INS2_18ResponseHeaderBaseEEEE11getResponseERS8_,libSceNpCppWebApi,libSceNpCppWebApi,eboot.bin,function,True,1,False,0,False,,,,,,False,,,,,
cfwBSQyr5Ys,sceKernelDebugWriteCppExceptionInfo,libkernel,libkernel,sce_module/libc.prx,function,True,1,False,0,False,,,,,,False,,,,,
ch-tDZCG1+k,_ZNK3sce2Np9CppWebApi14SessionManager2V136UsersPlayerSessionsInvitationForRead20getInvitationInvalidEv,libSceNpCppWebApi,libSceNpCppWebApi,eboot.bin,function,True,1,False,0,False,,,,,,False,,,,,
ckpI53I9ZWw,_ZN3sce2Np9CppWebApi6Common6VectorINS2_12IntrusivePtrINS1_7Matches2V116RequestMatchTeamEEEEC1EPNS2_10LibContextE,libSceNpCppWebApi,libSceNpCppWebApi,eboot.bin,function,True,1,False,0,False,,,,,,False,,,,,
clyKUyi3RYU,sceVoiceSetThreadsParams,libSceVoice,libSceVoice,eboot.bin,function,True,1,False,0,False,,,,,,False,,,,,
cmo1RIYva9o,scePthreadMutexInit,libkernel,libkernel,eboot.bin;sce_module/libSceJobManager.prx;sce_module/libSceNpCppWebApi.prx;sce_module/libc.prx,function,True,4,True,1,True,scePthreadMutexInit,libKernel,"Gen4, Gen5",SharpEmu.Libs.Kernel.KernelPthreadCompatExports,PthreadMutexInit,True,src/SharpEmu.Libs/Kernel/KernelPthreadCompatExports.cs,196,PthreadMutexInit,nontrivial_source_handler,e9f976ff19d0de6adca890d12c9f3bc4ff03a11ac8d0035403865109e3dacf03
cn9svYGWKDQ,_ZN3sce4Json6StringaSERKS1_,libSceJson2,libSceJson,sce_module/libSceNpCppWebApi.prx,function,True,1,False,0,False,,,,,,False,,,,,
cokIsGCANB0,_ZN3sce2Np9CppWebApi6Common11TransactionINS2_12IntrusivePtrINS1_7Matches2V119CreateMatchResponseEEENS4_INS2_18ResponseHeaderBaseEEEED1Ev,libSceNpCppWebApi,libSceNpCppWebApi,eboot.bin,function,True,1,False,0,False,,,,,,False,,,,,
cpCILPya5Zk,sceAgcAcbPushMarker,libSceAgc,libSceAgc,eboot.bin;sce_module/libSceJobManager.prx,function,True,2,True,1,True,sceAgcAcbPushMarker,libSceAgc,Gen5,SharpEmu.Libs.Agc.AgcExports,AcbPushMarker,True,src/SharpEmu.Libs/Agc/AgcExports.cs,2865,AcbPushMarker,nontrivial_source_handler,28354c89dfb341102a6f0aaf30e86dd8b2d75a0200df07d6dd2475028c5d25df
cpCOXWMgha0,rand,libc,libc,eboot.bin,function,True,1,False,0,False,,,,,,False,,,,,
crb5j7mkk1c,_is_signal_return,libkernel,libkernel,sce_module/libc.prx,function,True,1,False,0,False,,,,,,False,,,,,
cxPZ4Wgvdj8,sceAgcDcbDrawIndirectGetSize,libSceAgc,libSceAgc,eboot.bin,function,True,1,False,0,False,,,,,,False,,,,,
d-6uF9sZDIU,sceAgcSetCxRegIndirectPatchAddRegisters,libSceAgc,libSceAgc,eboot.bin,function,True,1,True,1,True,sceAgcSetCxRegIndirectPatchAddRegisters,libSceAgc,Gen5,SharpEmu.Libs.Agc.AgcExports,SetCxRegIndirectPatchAddRegisters,True,src/SharpEmu.Libs/Agc/AgcExports.cs,1308,SetCxRegIndirectPatchAddRegisters,nontrivial_source_handler,a3a0cbca2bb0fdc1758d3ac63e99845707b6578a82d1646af1b9d1485c2f5c7e
d3BbxfGmStE,_ZN3sce2Np9CppWebApi6Common11TransactionINS2_12IntrusivePtrINS1_11UserProfile2V124GetBlockingUsersResponseEEENS4_INS2_18ResponseHeaderBaseEEEEC1Ev,libSceNpCppWebApi,libSceNpCppWebApi,eboot.bin,function,True,1,False,0,False,,,,,,False,,,,,
d8FcbzfAdQw,sceAvPlayerGetStreamInfo,libSceAvPlayer,libSceAvPlayer,eboot.bin,function,True,1,True,1,True,sceAvPlayerGetStreamInfo,libSceAvPlayer,"Gen4, Gen5",SharpEmu.Libs.AvPlayer.AvPlayerExports,AvPlayerGetStreamInfo,True,src/SharpEmu.Libs/AvPlayer/AvPlayerExports.cs,632,AvPlayerGetStreamInfo,nontrivial_source_handler,4b6ad0c2a09bc851ef93c24f2c6bc2969310ce7ef5d4c194cae5f8005778b39b
d8P11CI40KE,sceNpTrophy2DestroyHandle,libSceNpTrophy2,libSceNpTrophy2,eboot.bin,function,True,1,True,1,True,sceNpTrophy2DestroyHandle,libSceNpTrophy2,Gen5,SharpEmu.Libs.Np.NpTrophy2Exports,NpTrophy2DestroyHandle,True,src/SharpEmu.Libs/Np/NpTrophy2Exports.cs,46,NpTrophy2DestroyHandle,nontrivial_source_handler,b6c23ca3eedad2e375493221697c0a595836df17728e1df9242ecb5e155a235e
dEdd7MSM2Mc,_ZNK3sce2Np9CppWebApi7Matches2V119CreateMatchResponse10getMatchIdEv,libSceNpCppWebApi,libSceNpCppWebApi,eboot.bin,function,True,1,False,0,False,,,,,,False,,,,,
dPj4ZtRcIWk,sceContentSearchInit,libSceContentSearch,libSceContentSearch,eboot.bin,function,True,1,False,0,False,,,,,,False,,,,,
dVCh5JiPsSY,_ZNK3sce2Np9CppWebApi6Common6String5c_strEv,libSceNpCppWebApi,libSceNpCppWebApi,eboot.bin,function,True,1,False,0,False,,,,,,False,,,,,
dXPaz65HNmk,sceAmprCommandBufferPushMarker,libSceAmpr,libSceAmpr,eboot.bin,function,True,1,False,0,False,,,,,,False,,,,,
da1Sm8-QDoU,sceAgcAcbAtomicMemGetSize,libSceAgc,libSceAgc,eboot.bin;sce_module/libSceJobManager.prx,function,True,2,False,0,False,,,,,,False,,,,,
dgJBaeJnGpo,sceNetPoolCreate,libSceNet,libSceNet,eboot.bin,function,True,1,True,1,True,sceNetPoolCreate,libSceNet,"Gen4, Gen5",SharpEmu.Libs.Network.NetExports,NetPoolCreate,True,src/SharpEmu.Libs/Network/NetExports.cs,299,NetPoolCreate,nontrivial_source_handler,22b35ac229dcbc20736defc612e903b1484cba23a44d51dc5bedafa5bca5f45e
dgNbQrqIIgs,_ZNK3sce2Np9CppWebApi6Common12IntrusivePtrINS2_6VectorINS3_INS1_14SessionManager2V136UsersPlayerSessionsInvitationForReadEEEEEEcvbEv,libSceNpCppWebApi,libSceNpCppWebApi,eboot.bin,function,True,1,False,0,False,,,,,,False,,,,,
djxxOmW6-aw,__progname,libkernel,libkernel,sce_module/libc.prx,object,True,1,False,0,False,,,,,,False,,,,,
dl+4eHSzUu4,sceAjmInitialize,libSceAjm,libSceAjm,eboot.bin,function,True,1,True,1,True,sceAjmInitialize,libSceAjm,"Gen4, Gen5",SharpEmu.Libs.Ajm.AjmExports,Initialize,True,src/SharpEmu.Libs/Ajm/AjmExports.cs,15,Initialize,nontrivial_source_handler,b18c03516152c701ebe01f688ab1462a686e0b039ba2a60439158f072df7aee2
dnEdyY4+klQ,sceRazorCpuJobManagerDispatch,libSceRazorCpu,libSceRazorCpu,sce_module/libSceJobManager.prx,function,True,1,False,0,False,,,,,,False,,,,,
dnaeGXbjP6E,exp2,libc,libc,eboot.bin,function,True,1,False,0,False,,,,,,False,,,,,
dolOmWH+huQ,,libSceAgc,libSceAgc,eboot.bin;sce_module/libSceJobManager.prx,function,True,2,True,1,True,unknown_dolOmWH_huQ,libSceAgc,Gen5,SharpEmu.Libs.Agc.AgcExports,UnknownGetCombinedShaderRegisterStorageSize,True,src/SharpEmu.Libs/Agc/AgcExports.cs,856,UnknownGetCombinedShaderRegisterStorageSize,nontrivial_source_handler,912af31270acd978511ed6a921f71dfba0cfb61daf4ee8b5e5e525f0a03a1821
dpPikaYGTPg,_ZN3sce2Np9CppWebApi7Matches2V111AddedPlayer12setAccountIdEPKc,libSceNpCppWebApi,libSceNpCppWebApi,eboot.bin,function,True,1,False,0,False,,,,,,False,,,,,
dqGIvYiZAso,_ZN3sce2Np9CppWebApi6Common6VectorINS2_12IntrusivePtrINS1_14SessionManager2V120RequestPlayerSessionEEEEC1EPNS2_10LibContextE,libSceNpCppWebApi,libSceNpCppWebApi,eboot.bin,function,True,1,False,0,False,,,,,,False,,,,,
dsqCVsNM0Zg,sceNpCommerceHidePsStoreIcon,libSceNpCommerce,libSceNpCommerce,eboot.bin,function,True,1,False,0,False,,,,,,False,,,,,
dv8KUvfjc8c,_ZN3sce2Np9CppWebApi11UserProfile2V125GetPublicProfilesResponse11getProfilesEv,libSceNpCppWebApi,libSceNpCppWebApi,eboot.bin,function,True,1,False,0,False,,,,,,False,,,,,
dyIhnXq-0SM,sceSaveDataDirNameSearch,libSceSaveData_native,libSceSaveData_native,eboot.bin,function,True,1,True,1,True,sceSaveDataDirNameSearch,libSceSaveData,"Gen4, Gen5",SharpEmu.Libs.SaveData.SaveDataExports,SaveDataDirNameSearch,False,src/SharpEmu.Libs/SaveData/SaveDataExports.cs,111,SaveDataDirNameSearch,nontrivial_source_handler,7fb3623539aba3901626e0bbe8a1b6fc0f2e5ed64c915ff91ebf5404cbdd7397
e1DFTg+Sd8U,sceAgcAcbJump,libSceAgc,libSceAgc,eboot.bin;sce_module/libSceJobManager.prx,function,True,2,False,0,False,,,,,,False,,,,,
eCjKaqeeQ5s,sceAgcAcbPrimeUtcl2GetSize,libSceAgc,libSceAgc,eboot.bin;sce_module/libSceJobManager.prx,function,True,2,False,0,False,,,,,,False,,,,,
eE4Szl8sil8,sceKernelAprSubmitCommandBuffer,libkernel,libkernel,eboot.bin,function,True,1,True,1,True,sceKernelAprSubmitCommandBuffer,libKernel,"Gen4, Gen5",SharpEmu.Libs.Kernel.KernelAprCompatExports,KernelAprSubmitCommandBuffer,True,src/SharpEmu.Libs/Kernel/KernelAprCompatExports.cs,93,KernelAprSubmitCommandBuffer,nontrivial_source_handler,430eb3913f4f1c0a5588a96c9f855565badb2215a13e51afa5a55c16c7a96bdd
eGRZTvsrK1Q,_ZN3sce2Np9CppWebApi6Common6VectorINS2_12IntrusivePtrINS1_7Matches2V113RemovedPlayerEEEED1Ev,libSceNpCppWebApi,libSceNpCppWebApi,eboot.bin,function,True,1,False,0,False,,,,,,False,,,,,
eLdDw6l0-bU,snprintf,libSceLibcInternal;libc,libSceLibcInternal;libc,eboot.bin;sce_module/libSceNpCppWebApi.prx,function,True,2,True,1,True,snprintf,libc,"Gen4, Gen5",SharpEmu.Libs.Kernel.KernelMemoryCompatExports,Snprintf,True,src/SharpEmu.Libs/Kernel/KernelMemoryCompatExports.cs,848,Snprintf,nontrivial_source_handler,25757358a6a4e669d40233c26f06b6915267fc1d527e37ff9f2c2b53ff0cefe3
eOxGbG3sPb0,sceNpEntitlementAccessRequestConsumeUnifiedEntitlement,libSceNpEntitlementAccess,libSceNpEntitlementAccess,eboot.bin,function,True,1,False,0,False,,,,,,False,,,,,
ePw-kqZmelo,sceMsgDialogTerminate,libSceMsgDialog.native,libSceMsgDialog,eboot.bin,function,True,1,True,1,True,sceMsgDialogTerminate,libSceMsgDialog,"Gen4, Gen5",SharpEmu.Libs.CommonDialog.MsgDialogExports,MsgDialogTerminate,False,src/SharpEmu.Libs/CommonDialog/MsgDialogExports.cs,50,MsgDialogTerminate,nontrivial_source_handler,7efbe05dbbc39fbe44fc0d0b28a405c800f5282ee95323dca1479ddb8b029ce0
eQH7nWPcAgc,sceNpGetState,libSceNpManager,libSceNpManager,eboot.bin,function,True,1,True,1,True,sceNpGetState,libSceNpManager,"Gen4, Gen5",SharpEmu.Libs.Np.NpManagerExports,NpGetState,True,src/SharpEmu.Libs/Np/NpManagerExports.cs,252,NpGetState,nontrivial_source_handler,5203d6cd21168fbf046b8fc7766d2f392dee1c510319dfc64127d08625f95c61
eR2bZFAAU0Q,sceSysmoduleUnloadModule,libSceSysmodule,libSceSysmodule,eboot.bin,function,True,1,True,1,True,sceSysmoduleUnloadModule,libSceSysmodule,"Gen4, Gen5",SharpEmu.Libs.Kernel.KernelRuntimeCompatExports,SysmoduleUnloadModule,True,src/SharpEmu.Libs/Kernel/KernelRuntimeCompatExports.cs,2768,SysmoduleUnloadModule,nontrivial_source_handler,ce6b66dbfc0c6c14d86d00f2d082a24d1af551ac499f99cde2f7aae167b8029f
eSiHCxqbKas,_ZN3sce2Np9CppWebApi7Matches2V118CreateMatchRequest17setExpirationTimeERKi,libSceNpCppWebApi,libSceNpCppWebApi,eboot.bin,function,True,1,False,0,False,,,,,,False,,,,,
eT2UsmTewbU,_ZSt11_Xbad_allocv,libc,libc,eboot.bin,function,True,1,False,0,False,,,,,,False,,,,,
eV9wAD2riIA,sceKernelStat,libkernel,libkernel,eboot.bin;sce_module/libc.prx,function,True,2,True,1,True,sceKernelStat,libKernel,"Gen4, Gen5",SharpEmu.Libs.Kernel.KernelMemoryCompatExports,KernelStat,True,src/SharpEmu.Libs/Kernel/KernelMemoryCompatExports.cs,2677,KernelStat,nontrivial_source_handler,51f26da51ac4bb51959fc898e0285673119db6717e0008423090d649e1aee1d7
eVU3cXIJz0w,_ZN3sce2Np9CppWebApi14SessionManager2V117PlayerSessionsApi20createPlayerSessionsEiRKNS4_31ParameterToCreatePlayerSessionsERNS1_6Common11TransactionINS8_12IntrusivePtrINS3_30PostPlayerSessionsResponseBodyEEENSA_INS8_18ResponseHeaderBaseEEEEE,libSceNpCppWebApi,libSceNpCppWebApi,eboot.bin,function,True,1,False,0,False,,,,,,False,,,,,
eWaWyFegzgQ,sceAgcAsyncRewindPatchSetRewindState,libSceAgc,libSceAgc,eboot.bin,function,True,1,False,0,False,,,,,,False,,,,,
eXbUSpEaTsA,scePthreadAttrSetinheritsched,libkernel,libkernel,eboot.bin;sce_module/libSceJobManager.prx;sce_module/libc.prx,function,True,3,True,1,True,scePthreadAttrSetinheritsched,libKernel,"Gen4, Gen5",SharpEmu.Libs.Kernel.KernelPthreadExtendedCompatExports,PthreadAttrSetinheritsched,True,src/SharpEmu.Libs/Kernel/KernelPthreadExtendedCompatExports.cs,1188,PthreadAttrSetinheritsched,nontrivial_source_handler,0ff70792ca36f0babcf06262e5a62e1746a5d6b76a51dde52dae78fac20b4ad9
eYAh2vlCY-U,sceKernelAprResolveFilepathsToIdsForEach,libkernel,libkernel,eboot.bin,function,True,1,False,0,False,,,,,,False,,,,,
eZ4+17OQz4Q,sceAgcAcbWriteData,libSceAgc,libSceAgc,eboot.bin;sce_module/libSceJobManager.prx,function,True,2,True,1,True,sceAgcAcbWriteData,libSceAgc,Gen5,SharpEmu.Libs.Agc.AgcExports,AcbWriteData,True,src/SharpEmu.Libs/Agc/AgcExports.cs,1902,AcbWriteData,nontrivial_source_handler,0ccb6997f7b4b48e988fe6f81d3713edc2371dc2fa1d76f3e769c1aee773b1a5
eaFXjfJv3xs,sceImeKeyboardOpen,libSceIme,libSceIme,eboot.bin,function,True,1,True,1,True,sceImeKeyboardOpen,libSceIme,"Gen4, Gen5",SharpEmu.Libs.Ime.ImeExports,ImeKeyboardOpen,True,src/SharpEmu.Libs/Ime/ImeExports.cs,30,ImeKeyboardOpen,nontrivial_source_handler,a1b106b7d44c92594a6688e1250170a8248fd74067c07b9302de7a59927ae693
ebixW91gpPw,sceAgcAcbSetFlip,libSceAgc,libSceAgc,eboot.bin;sce_module/libSceJobManager.prx,function,True,2,False,0,False,,,,,,False,,,,,
edOjjRsxL1o,_ZNK3sce2Np9CppWebApi6Common8IteratorINS2_12IntrusivePtrINS1_11UserProfile2V113BasicPresenceEEEEdeEv,libSceNpCppWebApi,libSceNpCppWebApi,eboot.bin,function,True,1,False,0,False,,,,,,False,,,,,
egOOvrnF6mI,sceNpWebApi2AddHttpRequestHeader,libSceNpWebApi2,libSceNpWebApi2,sce_module/libSceNpCppWebApi.prx,function,True,1,False,0,False,,,,,,False,,,,,
egm8uuznnW4,_ZN3sce2Np9CppWebApi30CommunicationRestrictionStatus2V333CommunicationRestrictionStatusApi44ParameterToGetCommunicationRestrictionStatusD1Ev,libSceNpCppWebApi,libSceNpCppWebApi,eboot.bin,function,True,1,False,0,False,,,,,,False,,,,,
eiqMCt9UshI,sceNpCreateAsyncRequest,libSceNpManager,libSceNpManager,eboot.bin,function,True,1,False,0,False,,,,,,False,,,,,
ejekcaNQNq0,sceKernelGettimeofday,libkernel,libkernel,eboot.bin,function,True,1,True,1,True,sceKernelGettimeofday,libKernel,"Gen4, Gen5",SharpEmu.Libs.Kernel.KernelRuntimeCompatExports,KernelGettimeofday,True,src/SharpEmu.Libs/Kernel/KernelRuntimeCompatExports.cs,305,KernelGettimeofday,nontrivial_source_handler,9815f673ea6a692f46c27460b1cc8be4a66f62c1601294aa21420889760fbfdc
ekNvsT22rsY,sceAudioOutOpen,libSceAudioOut,libSceAudioOut,eboot.bin,function,True,1,True,1,True,sceAudioOutOpen,libSceAudioOut,"Gen4, Gen5",SharpEmu.Libs.Audio.AudioOutExports,AudioOutOpen,True,src/SharpEmu.Libs/Audio/AudioOutExports.cs,95,AudioOutOpen,nontrivial_source_handler,eed48097c06f0159cb2a45ad03911bd2e6b603e6d4043cb28e2a05e4f2a4a836
elcxZTEfHZM,sceVoiceGetPortAttr,libSceVoice,libSceVoice,eboot.bin,function,True,1,False,0,False,,,,,,False,,,,,
emP3ckeS2uo,sceAgcDriverRegisterGdsResource,libSceAgcDriver,libSceAgcDriver,eboot.bin,function,True,1,False,0,False,,,,,,False,,,,,
enZm-6GjWqw,sceAmprCommandBufferWriteAddressFromCounterPair_04_00,libSceAmpr,libSceAmpr,eboot.bin,function,True,1,False,0,False,,,,,,False,,,,,
enqPGLfmVNU,strtok_r,libc,libc,eboot.bin,function,True,1,True,1,True,strtok_r,libc,Gen5,SharpEmu.Libs.Kernel.KernelRuntimeCompatExports,LibcStrtokReentrant,True,src/SharpEmu.Libs/Kernel/KernelRuntimeCompatExports.cs,2269,LibcStrtokReentrant,nontrivial_source_handler,2b32bc03626a64f462e7f94e4fa93b8be923c736d52532875c5f13f249cf8453
eoht7mQOCmo,scePthreadGetspecific,libkernel,libkernel,sce_module/libc.prx,function,True,1,True,1,True,scePthreadGetspecific,libKernel,"Gen4, Gen5",SharpEmu.Libs.Kernel.KernelPthreadExtendedCompatExports,OrbisPthreadGetspecific,True,src/SharpEmu.Libs/Kernel/KernelPthreadExtendedCompatExports.cs,1713,OrbisPthreadGetspecific,nontrivial_source_handler,1ccc12f876607ed502c3a725354d6d78dd265bbf8b588f0769d28a7aa8b962f2
epJ6x2LV0kU,_ZNK3sce4Json5Value9getStringEv,libSceJson2,libSceJson,sce_module/libSceNpCppWebApi.prx,function,True,1,True,1,True,_ZNK3sce4Json5Value9getStringEv,libSceJson,"Gen4, Gen5",SharpEmu.Libs.Json.JsonExports,ValueGetString,False,src/SharpEmu.Libs/Json/JsonExports.cs,585,ValueGetString,nontrivial_source_handler,c3b2b206d77daf88c2766c39dcad377a7c9ad6b6b4728f010b1a900bd487e978
erCWQR5eKiQ,sceAudioOut2SpeakerArrayDestroy,libSceAudioOut2,libSceAudioOut,eboot.bin,function,True,1,False,0,False,,,,,,False,,,,,
ewobAQeMo5k,sceAgcAcbAcquireMemGetSize,libSceAgc,libSceAgc,eboot.bin;sce_module/libSceJobManager.prx,function,True,2,False,0,False,,,,,,False,,,,,
f12ObAMEi9A,sceAmprCommandBufferPushMarkerWithColor,libSceAmpr,libSceAmpr,eboot.bin,function,True,1,False,0,False,,,,,,False,,,,,
f3dg2CSgRKY,sceAgcCreateShader,libSceAgc,libSceAgc,eboot.bin;sce_module/libSceJobManager.prx,function,True,2,True,1,True,sceAgcCreateShader,libSceAgc,Gen5,SharpEmu.Libs.Agc.AgcExports,CreateShader,True,src/SharpEmu.Libs/Agc/AgcExports.cs,760,CreateShader,nontrivial_source_handler,d570b90191e4a861ff20719f7eebd8aeb9f2c3d4287f85a3072205cfe4a3e2f4
f69FYKsbeMI,_ZN3sce2Np9CppWebApi6Common12IntrusivePtrINS1_14SessionManager2V130RequestPlayerSessionInvitationEEC1Ev,libSceNpCppWebApi,libSceNpCppWebApi,eboot.bin,function,True,1,False,0,False,,,,,,False,,,,,
f7KBOafysXo,sceKernelGetModuleInfoFromAddr,libkernel,libkernel,sce_module/libc.prx,function,True,1,True,1,True,sceKernelGetModuleInfoFromAddr,libKernel,"Gen4, Gen5",SharpEmu.Libs.Kernel.KernelRuntimeCompatExports,KernelGetModuleInfoFromAddr,True,src/SharpEmu.Libs/Kernel/KernelRuntimeCompatExports.cs,1582,KernelGetModuleInfoFromAddr,nontrivial_source_handler,eeea2c5f6ed409696ae8b62548777453e039a0747660a015011599614d264ade
f7uOxY9mM1U,__stack_chk_guard,libkernel,libkernel,eboot.bin;sce_module/libSceJobManager.prx;sce_module/libSceNpCppWebApi.prx;sce_module/libc.prx,object,True,4,True,1,True,__stack_chk_guard,libKernel,"Gen4, Gen5",SharpEmu.Libs.Kernel.KernelRuntimeCompatExports,StackCheckGuard,True,src/SharpEmu.Libs/Kernel/KernelRuntimeCompatExports.cs,1787,StackCheckGuard,nontrivial_source_handler,8d72f9efd72d051c23e4a5e786c04312a6f0c56d896de0f64533294bd7a16063
f9jTmCiIUVA,_ZN3sce2Np9CppWebApi11UserProfile2V110FriendsApi10getFriendsEiRKNS4_21ParameterToGetFriendsERNS1_6Common11TransactionINS8_12IntrusivePtrINS3_18GetFriendsResponseEEENSA_INS8_18ResponseHeaderBaseEEEEE,libSceNpCppWebApi,libSceNpCppWebApi,eboot.bin,function,True,1,False,0,False,,,,,,False,,,,,
fDex2lyDL+I,_ZNK3sce2Np9CppWebApi14SessionManager2V136UsersPlayerSessionsInvitationForRead9fromIsSetEv,libSceNpCppWebApi,libSceNpCppWebApi,eboot.bin,function,True,1,False,0,False,,,,,,False,,,,,
fFkhOgztiCA,sceCoredumpUnregisterCoredumpHandler,libSceCoredump,libkernel,eboot.bin,function,True,1,False,0,False,,,,,,False,,,,,
fFxGkxF2bVo,setsockopt,libScePosix,libkernel,eboot.bin,function,True,1,False,0,False,,,,,,False,,,,,
fIATVMo4Y1w,sceNpWebApi2PushEventDeleteHandle,libSceNpWebApi2,libSceNpWebApi2,eboot.bin,function,True,1,False,0,False,,,,,,False,,,,,
fIzsqjyD5oY,_ZN3sce2Np9CppWebApi14SessionManager2V127RequestPlayerSessionFactory6createEPNS1_6Common10LibContextEiNS5_12IntrusivePtrINS3_32RequestPlayerSessionMemberPlayerEEERKNS5_6VectorINS5_6StringEEENS8_INS3_15LocalizedStringEEEPNS8_INS3_20RequestPlayerSessionEEE,libSceNpCppWebApi,libSceNpCppWebApi,eboot.bin,function,True,1,False,0,False,,,,,,False,,,,,
fJuX5gEyZwU,_ZNK3sce2Np9CppWebApi6Common11TransactionINS2_12IntrusivePtrINS1_14SessionManager2V130PostPlayerSessionsResponseBodyEEENS4_INS2_18ResponseHeaderBaseEEEE11getResponseERS8_,libSceNpCppWebApi,libSceNpCppWebApi,eboot.bin,function,True,1,False,0,False,,,,,,False,,,,,
fMP5NHUOaMk,sceSysmoduleIsLoaded,libSceSysmodule,libSceSysmodule,eboot.bin,function,True,1,True,1,True,sceSysmoduleIsLoaded,libSceSysmodule,"Gen4, Gen5",SharpEmu.Libs.Kernel.KernelRuntimeCompatExports,SysmoduleIsLoaded,True,src/SharpEmu.Libs/Kernel/KernelRuntimeCompatExports.cs,2009,SysmoduleIsLoaded,nontrivial_source_handler,463a3a14c62035fb8d897917a9a086d88c388452a45fc0bf6d58d316ba249df9
fPhymKNvK-A,sceUserServiceGetLoginUserIdList,libSceUserService,libSceUserService,eboot.bin,function,True,1,True,1,True,sceUserServiceGetLoginUserIdList,libSceUserService,"Gen4, Gen5",SharpEmu.Libs.UserService.UserServiceExports,UserServiceGetLoginUserIdList,True,src/SharpEmu.Libs/UserService/UserServiceExports.cs,61,UserServiceGetLoginUserIdList,nontrivial_source_handler,5c1a6f455edf7532e6807369b5878a10bceb640eb88aab2e74f971e74637544a
fRG-JOH5+sI,sceAgcSetUcRegIndirectPatchSetNumRegisters,libSceAgc,libSceAgc,eboot.bin,function,True,1,False,0,False,,,,,,False,,,,,
fTx66l5iWIA,sceKernelFsync,libkernel,libkernel,eboot.bin,function,True,1,True,1,True,sceKernelFsync,libKernel,"Gen4, Gen5",SharpEmu.Libs.Kernel.KernelMemoryCompatExports,KernelFsync,True,src/SharpEmu.Libs/Kernel/KernelFileExtendedExports.cs,160,KernelFsync,nontrivial_source_handler,f82d7fb30de196f154ba2d6997addb8a0c27e3eb795df2c7494fad545a47c6ec
fY3QqeNkF8k,sceNpWebApi2PushEventRegisterCallback,libSceNpWebApi2,libSceNpWebApi2,eboot.bin,function,True,1,False,0,False,,,,,,False,,,,,
fYapWA9xVmA,sceNpTrophy2AbortHandle,libSceNpTrophy2,libSceNpTrophy2,eboot.bin,function,True,1,True,1,True,sceNpTrophy2AbortHandle,libSceNpTrophy2,Gen5,SharpEmu.Libs.Np.NpTrophy2Exports,NpTrophy2AbortHandle,True,src/SharpEmu.Libs/Np/NpTrophy2Exports.cs,53,NpTrophy2AbortHandle,nontrivial_source_handler,b6c23ca3eedad2e375493221697c0a595836df17728e1df9242ecb5e155a235e
fZJQzFK4Gv4,sceVideoRecordingGetStatus,libSceVideoRecordingP,libSceVideoRecording,eboot.bin,function,True,1,False,0,False,,,,,,False,,,,,
fZOeZIOEmLw,send,libScePosix,libkernel,eboot.bin,function,True,1,False,0,False,,,,,,False,,,,,
fZo48un7LK4,sceSystemServiceParamGetInt,libSceSystemService,libSceSystemService,eboot.bin,function,True,1,True,1,True,sceSystemServiceParamGetInt,libSceSystemService,"Gen4, Gen5",SharpEmu.Libs.SystemService.SystemServiceExports,SystemServiceParamGetInt,True,src/SharpEmu.Libs/SystemService/SystemServiceExports.cs,80,SystemServiceParamGetInt,nontrivial_source_handler,dd33914b604126917b5f08bbff8141b7daf196b63de593572d768a26e67d1097
fd5Bp5tGTgo,,libSceAgc,libSceAgc,eboot.bin;sce_module/libSceJobManager.prx,function,True,2,True,1,True,unknown_fd5Bp5tGTgo,libSceAgc,Gen5,SharpEmu.Libs.Agc.AgcExports,UnknownCreateCombinedShader,True,src/SharpEmu.Libs/Agc/AgcExports.cs,904,UnknownCreateCombinedShader,nontrivial_source_handler,f356af1b6d2fdeb844d6222544730bfb5118e898fcf7778065ff91aaf003d0fc
feck3i1FOo0,_ZNK3sce2Np9CppWebApi6Common12IntrusivePtrINS1_14SessionManager2V120PlayerSessionForReadEEcvbEv,libSceNpCppWebApi,libSceNpCppWebApi,eboot.bin,function,True,1,False,0,False,,,,,,False,,,,,
fffwELXNVFA,fprintf,libc,libc,eboot.bin,function,True,1,True,1,True,fprintf,libc,"Gen4, Gen5",SharpEmu.Libs.LibcStdio.LibcStdioExports,Fprintf,True,src/SharpEmu.Libs/LibcStdioExports.cs,581,Fprintf,nontrivial_source_handler,ef8b7605ab936c0f70d5c087843ee1f16f1ad9a9b7e070f244656a6447a7c860
fgIsQ10xYVA,sceKernelChmod,libkernel,libkernel,sce_module/libc.prx,function,True,1,True,1,True,sceKernelChmod,libKernel,"Gen4, Gen5",SharpEmu.Libs.Kernel.KernelMemoryCompatExports,KernelChmod,True,src/SharpEmu.Libs/Kernel/KernelMemoryCompatExports.cs,8664,KernelChmod,nontrivial_source_handler,7fc9c85f67b8ff3e4e3bb9637300ce9fdf9e1eee7b2042bc1be09c6fb594f53d
fiiNDnNBKVY,localtime_s,libc,libc,eboot.bin,function,True,1,False,0,False,,,,,,False,,,,,
fryecGqawns,_ZNK3sce2Np9CppWebApi6Common8IteratorINS2_12IntrusivePtrINS1_14SessionManager2V16FriendEEEEneERKS9_,libSceNpCppWebApi,libSceNpCppWebApi,eboot.bin,function,True,1,False,0,False,,,,,,False,,,,,
fsdh0JMoYYk,_ZN3sce2Np9CppWebApi14SessionManager2V19ToFactory6createEPNS1_6Common10LibContextERKmPNS5_12IntrusivePtrINS3_2ToEEE,libSceNpCppWebApi,libSceNpCppWebApi,eboot.bin,function,True,1,False,0,False,,,,,,False,,,,,
fzyMKs9kim0,sceKernelWaitEqueue,libkernel,libkernel,sce_module/libSceJobManager.prx,function,True,1,True,1,True,sceKernelWaitEqueue,libKernel,"Gen4, Gen5",SharpEmu.Libs.Kernel.KernelEventQueueCompatExports,KernelWaitEqueue,True,src/SharpEmu.Libs/Kernel/KernelEventQueueCompatExports.cs,379,KernelWaitEqueue,nontrivial_source_handler,78f3cac13b0a93ff009717fbe54a4304cd1f476ee1889d40b6b9e602ac506f14
g+PZd2hiacg,scePthreadCondDestroy,libkernel,libkernel,eboot.bin;sce_module/libSceNpCppWebApi.prx;sce_module/libc.prx,function,True,3,True,1,True,scePthreadCondDestroy,libKernel,"Gen4, Gen5",SharpEmu.Libs.Kernel.KernelPthreadCompatExports,PthreadCondDestroy,True,src/SharpEmu.Libs/Kernel/KernelPthreadCompatExports.cs,363,PthreadCondDestroy,nontrivial_source_handler,3beaf1754b49fb63d15c0b7cd089050b4f6bf5ad3ab61f70880d520dffb8402d
g+wkbeAPQ-M,_ZNK3sce2Np9CppWebApi6Common12IntrusivePtrINS2_6VectorImEEEcvbEv,libSceNpCppWebApi,libSceNpCppWebApi,eboot.bin,function,True,1,False,0,False,,,,,,False,,,,,
g2tViFIohHE,sceAudioOut2Initialize,libSceAudioOut2,libSceAudioOut,eboot.bin,function,True,1,True,1,True,sceAudioOut2Initialize,libSceAudioOut2,Gen5,SharpEmu.Libs.Audio.AudioOut2Exports,AudioOut2Initialize,True,src/SharpEmu.Libs/Audio/AudioOut2Exports.cs,76,AudioOut2Initialize,nontrivial_source_handler,a1b106b7d44c92594a6688e1250170a8248fd74067c07b9302de7a59927ae693
g3PNjYKWqnQ,sceRemoteplayGetConnectionStatus,libSceRemoteplay,libSceRemoteplay,eboot.bin,function,True,1,False,0,False,,,,,,False,,,,,
g8VFzqnRHX8,_ZNK3sce2Np9CppWebApi6Common11TransactionINS2_12IntrusivePtrINS1_14SessionManager2V129GetPlayerSessionsResponseBodyEEENS4_INS2_18ResponseHeaderBaseEEEE11getResponseERS8_,libSceNpCppWebApi,libSceNpCppWebApi,eboot.bin,function,True,1,False,0,False,,,,,,False,,,,,
g8cM39EUZ6o,sceSysmoduleLoadModule,libSceSysmodule,libSceSysmodule,eboot.bin,function,True,1,True,1,True,sceSysmoduleLoadModule,libSceSysmodule,"Gen4, Gen5",SharpEmu.Libs.Kernel.KernelRuntimeCompatExports,SysmoduleLoadModule,True,src/SharpEmu.Libs/Kernel/KernelRuntimeCompatExports.cs,1984,SysmoduleLoadModule,nontrivial_source_handler,99f5c7995c61d22f84ba6d8969dab87b69e2c6a9a8cb9d1709a0914b16d02ef8
g9FmpQw2M-U,_ZNK3sce2Np9CppWebApi6Common6Binary9getBinaryEv,libSceNpCppWebApi,libSceNpCppWebApi,eboot.bin,function,True,1,False,0,False,,,,,,False,,,,,
gAtc79UTt5E,sceAmprMeasureCommandSizeWriteAddressFromTimeCounter_04_00,libSceAmpr,libSceAmpr,eboot.bin,function,True,1,False,0,False,,,,,,False,,,,,
gDm5a6GSE94,scePlayerInvitationDialogTerminate,libScePlayerInvitationDialog,libScePlayerInvitationDialog,eboot.bin,function,True,1,False,0,False,,,,,,False,,,,,
gEpBkcwxUjw,sceKernelAprResolveFilepathsToIdsAndFileSizes,libkernel,libkernel,eboot.bin,function,True,1,True,1,True,sceKernelAprResolveFilepathsToIdsAndFileSizes,libKernel,"Gen4, Gen5",SharpEmu.Libs.Kernel.KernelMemoryCompatExports,KernelAprResolveFilepathsToIdsAndFileSizes,True,src/SharpEmu.Libs/Kernel/KernelMemoryCompatExports.cs,2795,KernelAprResolveFilepathsToIdsAndFileSizes,nontrivial_source_handler,4c6e1b9a830550865f549439588608d50f9c5990ccec397204862954c4e1a19e
gNQ1V2vfXDE,setjmp,libc,libc,eboot.bin,function,True,1,True,1,True,setjmp,libSceLibcInternal,"Gen4, Gen5",SharpEmu.Libs.LibcInternal.LibcInternalExports,SetJmpInitialReturnCompat,False,src/SharpEmu.Libs/LibcInternalExports.cs,42,SetJmpInitialReturnCompat,nontrivial_source_handler,fce0a8bf95551b5406b426a1e5d8e3bae61da01fb6392c33089c162b5d6be106
gPe3KXjSgig,_ZN3sce2Np9CppWebApi6Common6VectorINS2_12IntrusivePtrINS1_14SessionManager2V130RequestPlayerSessionInvitationEEEEC1EPNS2_10LibContextE,libSceNpCppWebApi,libSceNpCppWebApi,eboot.bin,function,True,1,False,0,False,,,,,,False,,,,,
gQX+4GDQjpM,malloc,libc,libc,eboot.bin,function,True,1,True,1,True,malloc,libc,"Gen4, Gen5",SharpEmu.Libs.Kernel.KernelMemoryCompatExports,Malloc,True,src/SharpEmu.Libs/Kernel/KernelMemoryCompatExports.cs,1394,Malloc,nontrivial_source_handler,e0768c0c01a8440129c18d3d9d1b11016baf7c7e9d2e9a9fa882eeef2f25d43e
gQkqkLttcpw,,libSceAgc,libSceAgc,eboot.bin;sce_module/libSceJobManager.prx,function,True,2,False,0,False,,,,,,False,,,,,
gSRnr79F8tQ,sceAgcDriverSubmitAcb,libSceAgcDriver,libSceAgcDriver,eboot.bin;sce_module/libSceJobManager.prx,function,True,2,True,1,True,sceAgcDriverSubmitAcb,libSceAgcDriver,Gen5,SharpEmu.Libs.Agc.AgcExports,DriverSubmitAcb,True,src/SharpEmu.Libs/Agc/AgcExports.cs,3457,DriverSubmitAcb,nontrivial_source_handler,44596a0ea0d10b07c84291a3650e29d4dbc458414a1907be64a20c63b5631ed2
gTuXQwP9rrs,_Mtx_unlock,libc,libc,eboot.bin,function,True,1,False,0,False,,,,,,False,,,,,
gVfZ1j2bhPM,_ZN3sce2Np9CppWebApi6Common12IntrusivePtrINS1_14SessionManager2V124PlayerSessionPushContextEED1Ev,libSceNpCppWebApi,libSceNpCppWebApi,eboot.bin,function,True,1,False,0,False,,,,,,False,,,,,
gatEUKG+Ea4,sceAudioOut2PortGetState,libSceAudioOut2,libSceAudioOut,eboot.bin,function,True,1,True,1,True,sceAudioOut2PortGetState,libSceAudioOut2,Gen5,SharpEmu.Libs.Audio.AudioOut2Exports,AudioOut2PortGetState,True,src/SharpEmu.Libs/Audio/AudioOut2Exports.cs,288,AudioOut2PortGetState,nontrivial_source_handler,8e3f69383a1adb6ad3ae021ece43d5afe1af16aba4075eec05b322766b624b30
geDaqgH9lTg,scePthreadKeyCreate,libkernel,libkernel,sce_module/libc.prx,function,True,1,True,1,True,scePthreadKeyCreate,libKernel,"Gen4, Gen5",SharpEmu.Libs.Kernel.KernelPthreadExtendedCompatExports,OrbisPthreadKeyCreate,True,src/SharpEmu.Libs/Kernel/KernelPthreadExtendedCompatExports.cs,1621,OrbisPthreadKeyCreate,nontrivial_source_handler,d9c3bcd331a3b7543ab3df8dd3d843c2cb28daefeef528bd6ac19adef5200a7f
geae-6xMaag,_ZN3sce2Np9CppWebApi7Matches2V125CreateMatchRequestFactory6createEPNS1_6Common10LibContextEPKcPNS5_12IntrusivePtrINS3_18CreateMatchRequestEEE,libSceNpCppWebApi,libSceNpCppWebApi,eboot.bin,function,True,1,False,0,False,,,,,,False,,,,,
gglj0cQ9K1E,_ZN3sce2Np9CppWebApi14SessionManager2V131PlayerSessionPushContextFactory6createEPNS1_6Common10LibContextEPKcPNS5_12IntrusivePtrINS3_24PlayerSessionPushContextEEE,libSceNpCppWebApi,libSceNpCppWebApi,eboot.bin,function,True,1,False,0,False,,,,,,False,,,,,
gigoVHZvVPE,sceLibcMspaceRealloc,libSceLibcInternal,libSceLibcInternal,sce_module/libSceNpCppWebApi.prx,function,True,1,False,0,False,,,,,,False,,,,,
gijCqBFE3p0,_ZNK3sce2Np9CppWebApi6Common12IntrusivePtrINS2_6VectorINS3_INS1_11UserProfile2V113BasicPresenceEEEEEEptEv,libSceNpCppWebApi,libSceNpCppWebApi,eboot.bin,function,True,1,False,0,False,,,,,,False,,,,,
gjRZNnw0JPE,sceSaveDataCreateTransactionResource,libSceSaveData_native,libSceSaveData_native,eboot.bin,function,True,1,True,1,True,sceSaveDataCreateTransactionResource,libSceSaveData,"Gen4, Gen5",SharpEmu.Libs.SaveData.SaveDataExports,SaveDataCreateTransactionResource,False,src/SharpEmu.Libs/SaveData/SaveDataExports.cs,559,SaveDataCreateTransactionResource,documented_stub_or_compatibility_shim,83d1d5cd74021eeab9d6a1c062aba7dbbd75ede6cba1175b11aa82b4d2dc3c4a
gjSyfzSsDcE,sceNpAuthPollAsync,libSceNpAuth,libSceNpAuth,eboot.bin,function,True,1,False,0,False,,,,,,False,,,,,
gw7fieR8fC4,_ZN3sce2Np9CppWebApi6Common12IntrusivePtrINS1_14SessionManager2V129PostPlayerSessionsRequestBodyEED1Ev,libSceNpCppWebApi,libSceNpCppWebApi,eboot.bin,function,True,1,False,0,False,,,,,,False,,,,,
gyTyVn+bXMw,sceImeDialogTerm,libSceImeDialog,libSceImeDialog,eboot.bin,function,True,1,False,0,False,,,,,,False,,,,,
gzndltBEzWc,sceAmprCommandBufferGetNumCommands,libSceAmpr,libSceAmpr,eboot.bin,function,True,1,True,1,True,sceAmprCommandBufferGetNumCommands,libSceAmpr,Gen5,SharpEmu.Libs.Ampr.AmprExports,CommandBufferGetNumCommands,True,src/SharpEmu.Libs/Ampr/AmprExports.cs,430,CommandBufferGetNumCommands,nontrivial_source_handler,67569392f4577f445a1d8316a7a4ed0c9e2d70cf57cd99e9c69b9f8050b91758
h1dR-t5ISgg,sceWebBrowserDialogUpdateStatus,libSceWebBrowserDialog,libSceWebBrowserDialog,eboot.bin,function,True,1,False,0,False,,,,,,False,,,,,
h9z6+0hEydk,sceAgcSuspendPoint,libSceAgc,libSceAgc,eboot.bin;sce_module/libSceJobManager.prx,function,True,2,True,1,True,sceAgcSuspendPoint,libSceAgc,Gen5,SharpEmu.Libs.Agc.AgcExports,SuspendPoint,True,src/SharpEmu.Libs/Agc/AgcExports.cs,3686,SuspendPoint,nontrivial_source_handler,b96c8ceba950d7a13b315eb970951000b4af624540f68e14fb14ed3c1434bf65
hEK26Wdny6s,sceAgcDcbSetWorkloadComplete,libSceAgc,libSceAgc,eboot.bin,function,True,1,False,0,False,,,,,,False,,,,,
hFQ9pUxoLQ4,sceAgcGetSemaphoreLabel,libSceAgc,libSceAgc,eboot.bin;sce_module/libSceJobManager.prx,function,True,2,False,0,False,,,,,,False,,,,,
hHlZQUnlxSM,getrusage,libkernel,libkernel,sce_module/libc.prx,function,True,1,False,0,False,,,,,,False,,,,,
hL7C0IRpWZI,sceAgcCbQueueEndOfPipeActionGetSize,libSceAgc,libSceAgc,eboot.bin;sce_module/libSceJobManager.prx,function,True,2,False,0,False,,,,,,False,,,,,
hLuXdjHnhiI,sceNetGetSockInfo,libSceNet,libSceNet,eboot.bin,function,True,1,False,0,False,,,,,,False,,,,,
hMxydTJQ670,_ZN3sce2Np9CppWebApi6Common6VectorINS2_12IntrusivePtrINS1_11UserProfile2V113BasicPresenceEEEE3endEv,libSceNpCppWebApi,libSceNpCppWebApi,eboot.bin,function,True,1,False,0,False,,,,,,False,,,,,
hOnIlcGrO6g,sceNpWebApi2PushEventUnregisterCallback,libSceNpWebApi2,libSceNpWebApi2,eboot.bin,function,True,1,False,0,False,,,,,,False,,,,,
hRiJ8r7O1zA,_ZN3sce2Np9CppWebApi14SessionManager2V117PlayerSessionsApi24getFriendsPlayerSessionsEiRKNS4_35ParameterToGetFriendsPlayerSessionsERNS1_6Common11TransactionINS8_12IntrusivePtrINS3_36GetFriendsPlayerSessionsResponseBodyEEENSA_INS8_18ResponseHeaderBaseEEEEE,libSceNpCppWebApi,libSceNpCppWebApi,eboot.bin,function,True,1,False,0,False,,,,,,False,,,,,
hT0IAEvN+M0,sceNpUniversalDataSystemCreateHandle,libSceNpUniversalDataSystem,libSceNpUniversalDataSystem,eboot.bin,function,True,1,True,1,True,sceNpUniversalDataSystemCreateHandle,libSceNpUniversalDataSystem,"Gen4, Gen5",SharpEmu.Libs.Np.NpUniversalDataSystemExports,NpUniversalDataSystemCreateHandle,True,src/SharpEmu.Libs/Np/NpUniversalDataSystemExports.cs,89,NpUniversalDataSystemCreateHandle,nontrivial_source_handler,37d1bed7d380fe7a943db3e6c92a873f7aae2c82f0eb2d1efdcb67424f21e008
hZTfKpftpsU,_ZN3sce2Np9CppWebApi6Common15TransactionBaseINS2_12IntrusivePtrINS1_11UserProfile2V118GetFriendsResponseEEENS4_INS2_18ResponseHeaderBaseEEEE5startEPNS2_10LibContextE,libSceNpCppWebApi,libSceNpCppWebApi,eboot.bin,function,True,1,False,0,False,,,,,,False,,,,,
hbD28nqQKoc,_ZNK3sce2Np9CppWebApi14SessionManager2V120PlayerSessionForRead13getMaxPlayersEv,libSceNpCppWebApi,libSceNpCppWebApi,eboot.bin,function,True,1,False,0,False,,,,,,False,,,,,
hcIxS8pmXF4,sceAgcAcbAtomicGdsGetSize,libSceAgc,libSceAgc,eboot.bin;sce_module/libSceJobManager.prx,function,True,2,False,0,False,,,,,,False,,,,,
hcuQgD53UxM,printf,libSceLibcInternal;libc,libSceLibcInternal;libc,eboot.bin;sce_module/libSceNpCppWebApi.prx,function,True,2,True,1,True,printf,libc,"Gen4, Gen5",SharpEmu.Libs.Kernel.KernelExports,Printf,True,src/SharpEmu.Libs/Kernel/KernelExports.cs,482,Printf,nontrivial_source_handler,553149a12eba855714f0e0067ec1a5124fe3b25b3a5960b0218b2cf110c31b92
hdTyRzCXQeQ,sceAvPlayerStreamCount,libSceAvPlayer,libSceAvPlayer,eboot.bin,function,True,1,True,1,True,sceAvPlayerStreamCount,libSceAvPlayer,"Gen4, Gen5",SharpEmu.Libs.AvPlayer.AvPlayerExports,AvPlayerStreamCount,True,src/SharpEmu.Libs/AvPlayer/AvPlayerExports.cs,619,AvPlayerStreamCount,nontrivial_source_handler,4b9ae147ed716bb6bdfd103ef3ec5c16a10c270858629433d69590f96f549a3d
hdm0YfMa7TQ,_Znam,libSceLibcInternal,libSceLibcInternal,sce_module/libSceJobManager.prx,function,True,1,True,1,True,_Znam,libc,Gen5,SharpEmu.Libs.Kernel.KernelMemoryCompatExports,OperatorNewArray,False,src/SharpEmu.Libs/Kernel/KernelMemoryCompatExports.cs,1586,OperatorNewArray,nontrivial_source_handler,c98a700f68f1f7418b1836cc1f687ce45f98d9a462239b772c37564424d00504
hdpVEUDFW3s,sceSslInit,libSceSsl,libSceSsl,eboot.bin,function,True,1,True,1,True,sceSslInit,libSceSsl,"Gen4, Gen5",SharpEmu.Libs.Network.SslExports,SslInit,True,src/SharpEmu.Libs/Network/SslExports.cs,24,SslInit,nontrivial_source_handler,e5f1f50e3c9bc53addd3b184cbf073dede83579ce76a790e79ef260814e19b97
hedUKkqxVb4,_ZN3sce2Np9CppWebApi6Common12IntrusivePtrINS1_7Matches2V117LeaveMatchRequestEEC1Ev,libSceNpCppWebApi,libSceNpCppWebApi,eboot.bin,function,True,1,False,0,False,,,,,,False,,,,,
hj40eDtISJY,_ZN3sce2Np9CppWebApi11UserProfile2V19BlocksApi27ParameterToGetBlockingUsersD1Ev,libSceNpCppWebApi,libSceNpCppWebApi,eboot.bin,function,True,1,False,0,False,,,,,,False,,,,,
hksbskNToEA,sceNpWebApi2GetHttpResponseHeaderValue,libSceNpWebApi2,libSceNpWebApi2,sce_module/libSceNpCppWebApi.prx,function,True,1,False,0,False,,,,,,False,,,,,
hqzi1IHdQQQ,sceNpBandwidthTestInitStartDownload,libSceNpUtility,libSceNpUtility,eboot.bin,function,True,1,False,0,False,,,,,,False,,,,,
hsi9drzHR2k,log2f,libc,libc,eboot.bin,function,True,1,False,0,False,,,,,,False,,,,,
htn36gPnBk4,sceAgcAcbWaitRegMem,libSceAgc,libSceAgc,eboot.bin;sce_module/libSceJobManager.prx,function,True,2,True,1,True,sceAgcAcbWaitRegMem,libSceAgc,Gen5,SharpEmu.Libs.Agc.AgcExports,AcbWaitRegMem,True,src/SharpEmu.Libs/Agc/AgcExports.cs,1847,AcbWaitRegMem,nontrivial_source_handler,3e85e3a28e320aabf2298c46e70ad1719365ca858192cd7470cc3d09c502caee
hv1luiJrqQM,scePadInit,libScePad,libScePad,eboot.bin,function,True,1,True,1,True,scePadInit,libScePad,"Gen4, Gen5",SharpEmu.Libs.Pad.PadExports,PadInit,True,src/SharpEmu.Libs/Pad/PadExports.cs,55,PadInit,nontrivial_source_handler,02ae8db09509ce6f6536854236cbb11654a7ee159a85fd8741c3fb95df93ddf4
hvUfkUIQcOE,sceAgcDcbSetUcRegistersIndirect,libSceAgc,libSceAgc,eboot.bin,function,True,1,True,1,True,sceAgcDcbSetUcRegistersIndirect,libSceAgc,Gen5,SharpEmu.Libs.Agc.AgcExports,DcbSetUcRegistersIndirect,True,src/SharpEmu.Libs/Agc/AgcExports.cs,2081,DcbSetUcRegistersIndirect,nontrivial_source_handler,411f8dbbf16e08d79aca7598e1fbec8a3cf3a308444925c5f4cbc7e1164d4bea
hw5KNqAAels,sceNpRegisterNpReachabilityStateCallback,libSceNpManager,libSceNpManager,eboot.bin,function,True,1,False,0,False,,,,,,False,,,,,
i1jyy49AjXU,sceAgcDcbWriteData,libSceAgc,libSceAgc,eboot.bin,function,True,1,True,1,True,sceAgcDcbWriteData,libSceAgc,Gen5,SharpEmu.Libs.Agc.AgcExports,DcbWriteData,True,src/SharpEmu.Libs/Agc/AgcExports.cs,1903,DcbWriteData,nontrivial_source_handler,1e13a8d051137b9442949d00305509006066adbf99cf84b36778d60482413978
i3HWvW35jao,sceKernelAprResolveFilepathsWithPrefixToIds,libkernel,libkernel,eboot.bin,function,True,1,False,0,False,,,,,,False,,,,,
iGjsr1WAtI0,pthread_rwlock_rdlock,libkernel,libkernel,sce_module/libc.prx,function,True,1,True,1,True,pthread_rwlock_rdlock,libKernel,"Gen4, Gen5",SharpEmu.Libs.Kernel.KernelPthreadExtendedCompatExports,PosixPthreadRwlockRdlock,True,src/SharpEmu.Libs/Kernel/KernelPthreadExtendedCompatExports.cs,1464,PosixPthreadRwlockRdlock,nontrivial_source_handler,e224c77e9bde4e2f1f83f4f75aadec4a7003868d7f8e47a638da91c272764182
iMcKgGtukyA,_ZN3sce2Np9CppWebApi6Common12IntrusivePtrINS1_14SessionManager2V154GetUsersAccountIdPlayerSessionsInvitationsResponseBodyEEC1Ev,libSceNpCppWebApi,libSceNpCppWebApi,eboot.bin,function,True,1,False,0,False,,,,,,False,,,,,
iMgibUAAwdg,_ZNK3sce2Np9CppWebApi6Common12IntrusivePtrINS2_6VectorINS3_INS1_14SessionManager2V120PlayerSessionForReadEEEEEEdeEv,libSceNpCppWebApi,libSceNpCppWebApi,eboot.bin,function,True,1,False,0,False,,,,,,False,,,,,
iMp8QpE+XO4,scePthreadMutexattrSettype,libkernel,libkernel,eboot.bin;sce_module/libSceJobManager.prx;sce_module/libSceNpCppWebApi.prx;sce_module/libc.prx,function,True,4,True,1,True,scePthreadMutexattrSettype,libKernel,"Gen4, Gen5",SharpEmu.Libs.Kernel.KernelPthreadCompatExports,PthreadMutexattrSettype,True,src/SharpEmu.Libs/Kernel/KernelPthreadCompatExports.cs,307,PthreadMutexattrSettype,nontrivial_source_handler,c0ceffe7e6dfe17d4e075f71a3074cbb40b92f787cb8d2f9e3e6b8cb77c91d0b
iQS6DUtLybE,,libSceVideoRecordingP,libSceVideoRecording,eboot.bin,function,True,1,False,0,False,,,,,,False,,,,,
iQw3iQPhvUQ,sceNetCtlCheckCallback,libSceNetCtl,libSceNetCtl,eboot.bin,function,True,1,True,1,True,sceNetCtlCheckCallback,libSceNetCtl,"Gen4, Gen5",SharpEmu.Libs.Network.NetCtlExports,NetCtlCheckCallback,True,src/SharpEmu.Libs/Network/NetCtlExports.cs,88,NetCtlCheckCallback,nontrivial_source_handler,8bd09fe4c679e34cc4a3a306135206b3c6189c617b9bee132cf7f29d74af4591
iS4aWbUonl0,_Mtx_lock,libc,libc,eboot.bin,function,True,1,False,0,False,,,,,,False,,,,,
iTIgJfwD0MY,_ZN3sce2Np9CppWebApi6Common6VectorINS2_6StringEE8pushBackERKS4_,libSceNpCppWebApi,libSceNpCppWebApi,eboot.bin,function,True,1,False,0,False,,,,,,False,,,,,
idlaArvdXEs,sceAgcAcbWaitOnAddressGetSize,libSceAgc,libSceAgc,eboot.bin;sce_module/libSceJobManager.prx,function,True,2,False,0,False,,,,,,False,,,,,
ie7qhZ4X0Cc,sceSaveDataCommit,libSceSaveData_native,libSceSaveData_native,eboot.bin,function,True,1,True,1,True,sceSaveDataCommit,libSceSaveData,"Gen4, Gen5",SharpEmu.Libs.SaveData.SaveDataExports,SaveDataCommit,False,src/SharpEmu.Libs/SaveData/SaveDataExports.cs,1126,SaveDataCommit,nontrivial_source_handler,9c071d6df687abe42eb672425e11b2056c10cb7138394931fd5514585290e550
ihI86U50NSU,_ZN3sce2Np9CppWebApi6Common6VectorINS2_12IntrusivePtrINS1_14SessionManager2V16FriendEEEE3endEv,libSceNpCppWebApi,libSceNpCppWebApi,eboot.bin,function,True,1,False,0,False,,,,,,False,,,,,
imYRy1ayWs4,_ZN3sce2Np9CppWebApi6Common6VectorINS2_12IntrusivePtrINS1_14SessionManager2V16FriendEEEE5beginEv,libSceNpCppWebApi,libSceNpCppWebApi,eboot.bin,function,True,1,False,0,False,,,,,,False,,,,,
ipZRT3HMuJA,_ZN3sce2Np9CppWebApi7Matches2V118CreateMatchRequest9setZoneIdEPKc,libSceNpCppWebApi,libSceNpCppWebApi,eboot.bin,function,True,1,False,0,False,,,,,,False,,,,,
iqbJFecSCAw,_ZNK3sce2Np9CppWebApi14SessionManager2V125FriendJoinedPlayerSession23getPlayerJoinableStatusEv,libSceNpCppWebApi,libSceNpCppWebApi,eboot.bin,function,True,1,False,0,False,,,,,,False,,,,,
isruqthpYcw,sceSharePlayInitialize,libSceSharePlay,libSceSharePlay,eboot.bin,function,True,1,False,0,False,,,,,,False,,,,,
iwTNhyaemnw,sceAmprMeasureCommandSizeMapEnd,libSceAmpr,libSceAmpr,eboot.bin,function,True,1,False,0,False,,,,,,False,,,,,
j0+3uJMxYJY,sceAmprCommandBufferWriteAddress_04_00,libSceAmpr,libSceAmpr,eboot.bin,function,True,1,False,0,False,,,,,,False,,,,,
j2AIqSqJP0w,sceKernelGetdents,libkernel,libkernel,eboot.bin;sce_module/libc.prx,function,True,2,True,1,True,sceKernelGetdents,libKernel,"Gen4, Gen5",SharpEmu.Libs.Kernel.KernelMemoryCompatExports,KernelGetdents,True,src/SharpEmu.Libs/Kernel/KernelMemoryCompatExports.cs,3341,KernelGetdents,nontrivial_source_handler,bbb7937ff3cfc4697bf57f569d617f33376291b78509b7cf02c6ecd526f3b6da
j3EtxFkSIhQ,sceAgcAcbDispatchIndirect,libSceAgc,libSceAgc,eboot.bin;sce_module/libSceJobManager.prx,function,True,2,True,1,True,sceAgcAcbDispatchIndirect,libSceAgc,Gen5,SharpEmu.Libs.Agc.AgcExports,AcbDispatchIndirect,True,src/SharpEmu.Libs/Agc/AgcExports.cs,1910,AcbDispatchIndirect,nontrivial_source_handler,1e13a8d051137b9442949d00305509006066adbf99cf84b36778d60482413978
j3YMu1MVNNo,sceUserServiceInitialize,libSceUserService,libSceUserService,eboot.bin,function,True,1,True,1,True,sceUserServiceInitialize,libSceUserService,"Gen4, Gen5",SharpEmu.Libs.UserService.UserServiceExports,UserServiceInitialize,True,src/SharpEmu.Libs/UserService/UserServiceExports.cs,31,UserServiceInitialize,nontrivial_source_handler,db9aae1bcfaffb36c04b47c9a7d78c97ab6f859eb860d8cac2af835667069213
j4ViWNHEgww,strlen,libSceLibcInternal;libc,libSceLibcInternal;libc,eboot.bin;sce_module/libSceNpCppWebApi.prx,function,True,2,True,1,True,strlen,libc,"Gen4, Gen5",SharpEmu.Libs.Kernel.KernelMemoryCompatExports,Strlen,True,src/SharpEmu.Libs/Kernel/KernelMemoryCompatExports.cs,553,Strlen,nontrivial_source_handler,f8a5b08be792f9e33e352723a2ce604b0ee5db2fe63a0f331ccb5eb63a308a64
j4emHHndCPY,sceAgcDcbSetIndexBufferGetSize,libSceAgc,libSceAgc,eboot.bin,function,True,1,False,0,False,,,,,,False,,,,,
jEIXUAr9XE8,sceNpGameIntentReceiveIntent,libSceNpGameIntent,libSceNpGameIntent,eboot.bin,function,True,1,False,0,False,,,,,,False,,,,,
jK+yuYCI7MA,sceAmprCommandBufferWriteCounter_04_00,libSceAmpr,libSceAmpr,eboot.bin,function,True,1,False,0,False,,,,,,False,,,,,
jMB7EFyu30Y,sincos,libc,libc,eboot.bin,function,True,1,False,0,False,,,,,,False,,,,,
jO8DM8oyego,sceNpEntitlementAccessInitialize,libSceNpEntitlementAccess,libSceNpEntitlementAccess,eboot.bin,function,True,1,True,1,True,sceNpEntitlementAccessInitialize,libSceNpEntitlementAccess,"Gen4, Gen5",SharpEmu.Libs.Np.NpEntitlementAccessExports,NpEntitlementAccessInitialize,True,src/SharpEmu.Libs/Np/NpEntitlementAccessExports.cs,18,NpEntitlementAccessInitialize,nontrivial_source_handler,35a760221c33da423f3e65426dbb53c773ad3606fa3db0e54bd6eb07391e005f
jYAXNHlcQAc,_ZNK3sce2Np9CppWebApi6Common8IteratorINS2_12IntrusivePtrINS1_14SessionManager2V136UsersPlayerSessionsInvitationForReadEEEEneERKS9_,libSceNpCppWebApi,libSceNpCppWebApi,eboot.bin,function,True,1,False,0,False,,,,,,False,,,,,
jZCqWFgMehE,sceNpUniversalDataSystemAbortHandle,libSceNpUniversalDataSystem,libSceNpUniversalDataSystem,eboot.bin,function,True,1,False,0,False,,,,,,False,,,,,
jbtZsZc96Nw,_ZNK3sce2Np9CppWebApi6Common6VectorINS2_12IntrusivePtrINS1_7Matches2V116RequestMatchTeamEEEE5emptyEv,libSceNpCppWebApi,libSceNpCppWebApi,eboot.bin,function,True,1,False,0,False,,,,,,False,,,,,
jbz9I9vkqkk,vsprintf,libc,libc,eboot.bin,function,True,1,True,1,True,vsprintf,libc,"Gen4, Gen5",SharpEmu.Libs.Kernel.KernelMemoryCompatExports,Vsprintf,True,src/SharpEmu.Libs/Kernel/KernelMemoryCompatExports.cs,8412,Vsprintf,nontrivial_source_handler,b93e089e5a5e5f5d0195ed19845fdd2a32a8bb8743d633cb8f83996ce2caa108
jh+8XiK4LeE,sceKernelIsAddressSanitizerEnabled,libkernel,libkernel,sce_module/libc.prx,function,True,1,True,1,True,sceKernelIsAddressSanitizerEnabled,libKernel,"Gen4, Gen5",SharpEmu.Libs.Kernel.KernelRuntimeCompatExports,KernelIsAddressSanitizerEnabled,True,src/SharpEmu.Libs/Kernel/KernelRuntimeCompatExports.cs,1344,KernelIsAddressSanitizerEnabled,nontrivial_source_handler,a1b106b7d44c92594a6688e1250170a8248fd74067c07b9302de7a59927ae693
jpFjmgAC5AE,sceKernelDeleteEqueue,libkernel,libkernel,sce_module/libSceJobManager.prx,function,True,1,True,1,True,sceKernelDeleteEqueue,libKernel,"Gen4, Gen5",SharpEmu.Libs.Kernel.KernelEventQueueCompatExports,KernelDeleteEqueue,True,src/SharpEmu.Libs/Kernel/KernelEventQueueCompatExports.cs,144,KernelDeleteEqueue,nontrivial_source_handler,2c5803e04ccb2d1bb97c3d4b7393eb6f609ac7e900d3c04ea24ece1b6d9c05e6
jqb7HntFQFc,sceWebBrowserDialogInitialize,libSceWebBrowserDialog,libSceWebBrowserDialog,eboot.bin,function,True,1,False,0,False,,,,,,False,,,,,
jt3pl7EN17o,sceAgcDcbPrimeUtcl2,libSceAgc,libSceAgc,eboot.bin,function,True,1,False,0,False,,,,,,False,,,,,
jxM0UUOggXU,_ZN3sce2Np9CppWebApi7Matches2V18MatchApi22ParameterToCreateMatchD1Ev,libSceNpCppWebApi,libSceNpCppWebApi,eboot.bin,function,True,1,False,0,False,,,,,,False,,,,,
k-JpyR2dYAM,sceAgcAsyncCondExecPatchSetEnd,libSceAgc,libSceAgc,eboot.bin,function,True,1,False,0,False,,,,,,False,,,,,
k0E7vkgqAuE,,libSceAgc,libSceAgc,eboot.bin;sce_module/libSceJobManager.prx,function,True,2,False,0,False,,,,,,False,,,,,
k1-l3-S82-Y,_ZN3sce2Np9CppWebApi14SessionManager2V117PlayerSessionsApi38ParameterToGetPlayerSessionInvitations10initializeEPNS1_6Common10LibContextEPKc,libSceNpCppWebApi,libSceNpCppWebApi,eboot.bin,function,True,1,False,0,False,,,,,,False,,,,,
k1SwgkMSOM8,sceRemoteplayInitialize,libSceRemoteplay,libSceRemoteplay,eboot.bin,function,True,1,False,0,False,,,,,,False,,,,,
k3GhuSNmBLU,sceAgcCbDispatch,libSceAgc,libSceAgc,eboot.bin;sce_module/libSceJobManager.prx,function,True,2,True,1,True,sceAgcCbDispatch,libSceAgc,Gen5,SharpEmu.Libs.Agc.AgcExports,CbDispatch,True,src/SharpEmu.Libs/Agc/AgcExports.cs,1650,CbDispatch,nontrivial_source_handler,22b4e82d2a47687713b01453db1cb2cd2b5a2ce8f41175c03fcf831d4a03d070
k7+6XfiVmCw,_ZN3sce2Np9CppWebApi11UserProfile2V110FriendsApi21ParameterToGetFriends8setlimitEi,libSceNpCppWebApi,libSceNpCppWebApi,eboot.bin,function,True,1,False,0,False,,,,,,False,,,,,
kBwCPsYX-m4,sceKernelFstat,libkernel,libkernel,eboot.bin,function,True,1,True,1,True,sceKernelFstat,libKernel,"Gen4, Gen5",SharpEmu.Libs.Kernel.KernelMemoryCompatExports,KernelFstat,True,src/SharpEmu.Libs/Kernel/KernelMemoryCompatExports.cs,2965,KernelFstat,nontrivial_source_handler,28872c817e7540f89610d9c3f1ee45d70fcf12fadba3d2245b8ec205fb12d2a0
kDh-NfxgMtE,scePthreadCondSignal,libkernel,libkernel,eboot.bin;sce_module/libSceNpCppWebApi.prx;sce_module/libc.prx,function,True,3,True,1,True,scePthreadCondSignal,libKernel,"Gen4, Gen5",SharpEmu.Libs.Kernel.KernelPthreadCompatExports,PthreadCondSignal,True,src/SharpEmu.Libs/Kernel/KernelPthreadCompatExports.cs,392,PthreadCondSignal,nontrivial_source_handler,5798cd2d048977429d197eafc7a3403305f45db41a47bcbd4fa5b70d68d87c95
kFhuwHrIUqs,scePlayerInvitationDialogUpdateStatus,libScePlayerInvitationDialog,libScePlayerInvitationDialog,eboot.bin,function,True,1,False,0,False,,,,,,False,,,,,
kHg45qPC6f0,strncat,libSceLibcInternal;libc,libSceLibcInternal;libc,eboot.bin;sce_module/libSceNpCppWebApi.prx,function,True,2,True,1,True,strncat,libc,"Gen4, Gen5",SharpEmu.Libs.Kernel.KernelMemoryCompatExports,Strncat,True,src/SharpEmu.Libs/Kernel/KernelMemoryCompatExports.cs,8598,Strncat,nontrivial_source_handler,f7896ce273dd926c139fbfe7eee59d8920cf0d98dadb3f461c4ffe40cf9e386c
kI0wgtzMZC0,_ZNK3sce2Np9CppWebApi6Common12IntrusivePtrINS1_14SessionManager2V130PostPlayerSessionsResponseBodyEEptEv,libSceNpCppWebApi,libSceNpCppWebApi,eboot.bin,function,True,1,False,0,False,,,,,,False,,,,,
kJlYH5uMAWI,sceNetResolverDestroy,libSceNet,libSceNet,eboot.bin,function,True,1,True,1,True,sceNetResolverDestroy,libSceNet,"Gen4, Gen5",SharpEmu.Libs.Network.NetExports,NetResolverDestroy,True,src/SharpEmu.Libs/Network/NetExports.cs,425,NetResolverDestroy,nontrivial_source_handler,0f6f3cf2e0027b8cf18faf200f54be355781c57e7e67e97e7d5f42cee91a3c9a
kOeBKp8TgFk,_ZN3sce2Np9CppWebApi6Common15TransactionBaseINS2_12IntrusivePtrINS1_11UserProfile2V125GetBasicPresencesResponseEEENS4_INS2_18ResponseHeaderBaseEEEE5startEPNS2_10LibContextE,libSceNpCppWebApi,libSceNpCppWebApi,eboot.bin,function,True,1,False,0,False,,,,,,False,,,,,
kUlvghKs-mA,sceAgcDcbDrawIndirectMulti,libSceAgc,libSceAgc,eboot.bin,function,True,1,False,0,False,,,,,,False,,,,,
kbw4UHHSYy0,__pthread_cxa_finalize,libkernel,libkernel,sce_module/libc.prx,function,True,2,True,1,True,__pthread_cxa_finalize,libKernel,"Gen4, Gen5",SharpEmu.Libs.Kernel.KernelExports,PthreadCxaFinalize,True,src/SharpEmu.Libs/Kernel/KernelExports.cs,191,PthreadCxaFinalize,nontrivial_source_handler,1969ed8894556d00e291c8b5ae5e3f24ad27503e29ba30389a0a9aa2b80c3244
kdFImtTD0hc,sceAmprMeasureCommandSizeMapBegin,libSceAmpr,libSceAmpr,eboot.bin,function,True,1,False,0,False,,,,,,False,,,,,
kiZSXIWd9vg,strcpy,libc,libc,eboot.bin,function,True,1,True,1,True,strcpy,libc,"Gen4, Gen5",SharpEmu.Libs.Kernel.KernelMemoryCompatExports,Strcpy,True,src/SharpEmu.Libs/Kernel/KernelMemoryCompatExports.cs,948,Strcpy,nontrivial_source_handler,795954cfae35d58d12c57c63914e369d2c3d3112f1e9b33c266ba42b2fc2274d
kn0yiYeExgA,ldexpf,libc,libc,eboot.bin,function,True,1,False,0,False,,,,,,False,,,,,
kvYEw2lBndk,sceGameLiveStreamingInitialize,libSceGameLiveStreaming,libSceGameLiveStreaming,eboot.bin,function,True,1,False,0,False,,,,,,False,,,,,
kvdMF48mB3Y,sceNpBandwidthTestAbort,libSceNpUtility,libSceNpUtility,eboot.bin,function,True,1,False,0,False,,,,,,False,,,,,
l4fM9K-Lyks,sceAgcDcbSetIndexBuffer,libSceAgc,libSceAgc,eboot.bin,function,True,1,True,1,True,sceAgcDcbSetIndexBuffer,libSceAgc,Gen5,SharpEmu.Libs.Agc.AgcExports,DcbSetIndexBuffer,True,src/SharpEmu.Libs/Agc/AgcExports.cs,3240,DcbSetIndexBuffer,nontrivial_source_handler,41b59c5461777b64cdc8a3f2ea50d8f68fc4a1088f8b21611c293c0c8f715e50
lA94ZgT+vMM,__isnanf,libc,libc,eboot.bin,function,True,1,False,0,False,,,,,,False,,,,,
lCcoeldiMhM,_ZN3sce2Np9CppWebApi6Common12IntrusivePtrINS1_14SessionManager2V154GetUsersAccountIdPlayerSessionsInvitationsResponseBodyEED1Ev,libSceNpCppWebApi,libSceNpCppWebApi,eboot.bin,function,True,1,False,0,False,,,,,,False,,,,,
lDqxaY1UbEo,sceMsgDialogInitialize,libSceMsgDialog.native,libSceMsgDialog,eboot.bin,function,True,1,True,1,True,sceMsgDialogInitialize,libSceMsgDialog,"Gen4, Gen5",SharpEmu.Libs.CommonDialog.MsgDialogExports,MsgDialogInitialize,False,src/SharpEmu.Libs/CommonDialog/MsgDialogExports.cs,36,MsgDialogInitialize,nontrivial_source_handler,abd3194b38d2a728ba935e99eb9c59c21326fe0cf188dfc80e7ed5222e98a832
lJUQuaKqoKY,sceSaveDataDeleteTransactionResource,libSceSaveData_native,libSceSaveData_native,eboot.bin,function,True,1,True,1,True,sceSaveDataDeleteTransactionResource,libSceSaveData,"Gen4, Gen5",SharpEmu.Libs.SaveData.SaveDataExports,SaveDataDeleteTransactionResource,False,src/SharpEmu.Libs/SaveData/SaveDataExports.cs,601,SaveDataDeleteTransactionResource,nontrivial_source_handler,835cbef17190dcd964b490e59ff39bc5b75eae86e26852e2fc34ba594cf645b3
lKEN2IebgJ0,longjmp,libc,libc,eboot.bin,function,True,1,False,0,False,,,,,,False,,,,,
lLMT9vJAck0,clock_gettime,libkernel,libkernel,sce_module/libc.prx,function,True,1,True,1,True,clock_gettime,libKernel,"Gen4, Gen5",SharpEmu.Libs.Kernel.KernelMemoryCompatExports,ClockGettime,True,src/SharpEmu.Libs/Kernel/KernelMemoryCompatExports.cs,3480,ClockGettime,nontrivial_source_handler,fab43d4d77085bf2ebc155755a8f6fcee3bea795c955c79e027fb0c3ec6fe97e
lQOCF84lvzw,sceNpWebApi2SendRequest,libSceNpWebApi2,libSceNpWebApi2,eboot.bin;sce_module/libSceNpCppWebApi.prx,function,True,2,False,0,False,,,,,,False,,,,,
lSe4Oe+76o4,_ZN3sce2Np9CppWebApi6Common12IntrusivePtrINS1_11UserProfile2V124GetBlockingUsersResponseEEC1Ev,libSceNpCppWebApi,libSceNpCppWebApi,eboot.bin,function,True,1,False,0,False,,,,,,False,,,,,
lUk6wrGXyMw,recvfrom,libScePosix,libkernel,eboot.bin,function,True,1,False,0,False,,,,,,False,,,,,
lUnwldMIM7w,_ZN3sce2Np9CppWebApi6Common15TransactionBaseINS2_12IntrusivePtrINS1_14SessionManager2V136GetFriendsPlayerSessionsResponseBodyEEENS4_INS2_18ResponseHeaderBaseEEEE5startEPNS2_10LibContextE,libSceNpCppWebApi,libSceNpCppWebApi,eboot.bin,function,True,1,False,0,False,,,,,,False,,,,,
lhpd6Wk6ccs,log10f,libc,libc,eboot.bin,function,True,1,False,0,False,,,,,,False,,,,,
ls4jfY576lw,sceAgcDriverGetResourceUserData,libSceAgcDriver,libSceAgcDriver,eboot.bin,function,True,1,False,0,False,,,,,,False,,,,,
ltCfaGr2JGE,pthread_mutex_destroy,libScePosix,libkernel,eboot.bin,function,True,1,True,1,True,pthread_mutex_destroy,libKernel,"Gen4, Gen5",SharpEmu.Libs.Kernel.KernelPthreadCompatExports,PosixPthreadMutexDestroy,False,src/SharpEmu.Libs/Kernel/KernelPthreadCompatExports.cs,238,PosixPthreadMutexDestroy,nontrivial_source_handler,aba85ad5d18405caea9376715e6668cb40a9c5179fc1bd5e41dc321d32383ca6
lydPjwJQufI,_ZN3sce2Np9CppWebApi7Matches2V120RequestMemberFactory6createEPNS1_6Common10LibContextEPKcPNS5_12IntrusivePtrINS3_13RequestMemberEEE,libSceNpCppWebApi,libSceNpCppWebApi,eboot.bin,function,True,1,False,0,False,,,,,,False,,,,,
m-I92Ab50W8,sceNpCommerceDialogTerminate,libSceNpCommerce,libSceNpCommerce,eboot.bin,function,True,1,False,0,False,,,,,,False,,,,,
m5-2bsNfv7s,scePthreadCondattrInit,libkernel,libkernel,eboot.bin,function,True,1,True,1,True,scePthreadCondattrInit,libKernel,"Gen4, Gen5",SharpEmu.Libs.Kernel.KernelPthreadCompatExports,PthreadCondattrInit,True,src/SharpEmu.Libs/Kernel/KernelPthreadCompatExports.cs,512,PthreadCondattrInit,nontrivial_source_handler,2288151042802c876ba0bdc7f51fe7d21cd30e836e553ee3789afcd3a588b656
m5CYKX20wfg,sceSystemServiceInitializePlayerDialogParam,libSceSystemService,libSceSystemService,eboot.bin,function,True,1,False,0,False,,,,,,False,,,,,
m5wN+SwZOR4,putchar,libc,libc,eboot.bin,function,True,1,True,1,True,putchar,libc,Gen5,SharpEmu.Libs.Kernel.KernelRuntimeCompatExports,LibcPutchar,True,src/SharpEmu.Libs/Kernel/KernelRuntimeCompatExports.cs,2460,LibcPutchar,nontrivial_source_handler,11d563c328cd925c18942972a3beff4cd684521ccee96907f42d89d2708c07cb
m6o+BHqSlG8,_ZN3sce2Np9CppWebApi6Common12IntrusivePtrINS2_6VectorINS3_INS1_14SessionManager2V120PlayerSessionForReadEEEEEED1Ev,libSceNpCppWebApi,libSceNpCppWebApi,eboot.bin,function,True,1,False,0,False,,,,,,False,,,,,
m7ykSknwnRg,_ZN3sce2Np9CppWebApi6Common12IntrusivePtrINS2_6VectorINS2_6StringEEEED1Ev,libSceNpCppWebApi,libSceNpCppWebApi,eboot.bin,function,True,1,False,0,False,,,,,,False,,,,,
m87BHxt-H60,sceNpGameIntentInitialize,libSceNpGameIntent,libSceNpGameIntent,eboot.bin,function,True,1,True,1,True,sceNpGameIntentInitialize,libSceNpGameIntent,"Gen4, Gen5",SharpEmu.Libs.NpGameIntent.NpGameIntentExports,NpGameIntentInitialize,True,src/SharpEmu.Libs/NpGameIntent/NpGameIntentExports.cs,18,NpGameIntentInitialize,nontrivial_source_handler,5ad48b7d1b194ccfe00579a02cf75cfd7dad8130420c7a0c32e947b5ccf58eeb
mA0zsbqm+kA,sceNpBandwidthTestInitStartUpload,libSceNpUtility,libSceNpUtility,eboot.bin,function,True,1,False,0,False,,,,,,False,,,,,
mGsBNF15gDU,_ZNK3sce2Np9CppWebApi6Common12IntrusivePtrINS1_7Matches2V116RequestMatchTeamEEptEv,libSceNpCppWebApi,libSceNpCppWebApi,eboot.bin,function,True,1,False,0,False,,,,,,False,,,,,
mJ7aghmgvfc,sceKernelGetEventId,libkernel,libkernel,sce_module/libSceJobManager.prx,function,True,1,True,1,True,sceKernelGetEventId,libKernel,"Gen4, Gen5",SharpEmu.Libs.Kernel.KernelEventQueueCompatExports,KernelGetEventId,True,src/SharpEmu.Libs/Kernel/KernelEventQueueCompatExports.cs,340,KernelGetEventId,nontrivial_source_handler,e5abadc1984455027a02bd841dcd59fd306a0381c6259bbf675f1e146d8cd468
mL8NDH86iQI,sceKernelMapNamedFlexibleMemory,libkernel,libkernel,sce_module/libSceNpCppWebApi.prx;sce_module/libc.prx,function,True,2,True,1,True,sceKernelMapNamedFlexibleMemory,libKernel,"Gen4, Gen5",SharpEmu.Libs.Kernel.KernelMemoryCompatExports,KernelMapNamedFlexibleMemory,True,src/SharpEmu.Libs/Kernel/KernelMemoryCompatExports.cs,4143,KernelMapNamedFlexibleMemory,nontrivial_source_handler,492d19f208e9279b8e304398c3258909ce63b36c1205269ad13e87c264847132
mQ16-QdKv7k,sceAmprAprCommandBufferReadFile,libSceAmpr,libSceAmpr,eboot.bin,function,True,1,True,1,True,sceAmprAprCommandBufferReadFile,libSceAmpr,Gen5,SharpEmu.Libs.Ampr.AmprExports,AprCommandBufferReadFile,True,src/SharpEmu.Libs/Ampr/AmprExports.cs,282,AprCommandBufferReadFile,nontrivial_source_handler,612a12c95b4c5e00631bf4c1b853fb61125ffb656dc794a78ce4bf84eeff62d9
mR9j7+SfM34,sceAgcDcbDrawIndexMultiInstancedGetSize,libSceAgc,libSceAgc,eboot.bin,function,True,1,False,0,False,,,,,,False,,,,,
mStuvI0zOtc,sceAgcDcbDrawIndexIndirectGetSize,libSceAgc,libSceAgc,eboot.bin,function,True,1,True,1,True,sceAgcDcbDrawIndexIndirectGetSize,libSceAgc,Gen5,SharpEmu.Libs.Agc.AgcExports,DcbDrawIndexIndirectGetSize,True,src/SharpEmu.Libs/Agc/AgcExports.cs,2280,DcbDrawIndexIndirectGetSize,nontrivial_source_handler,1af9f05f4b65a526b2b2869ca3d4bc8378b4965f9f66d4ea04f5f0bfacd9f6ef
mXlxhmLNMPg,strtol,libc,libc,eboot.bin,function,True,1,True,1,True,strtol,libc,Gen5,SharpEmu.Libs.Kernel.KernelRuntimeCompatExports,LibcStrtol,True,src/SharpEmu.Libs/Kernel/KernelRuntimeCompatExports.cs,2354,LibcStrtol,nontrivial_source_handler,13881673a6343bf2f76b8037754b3b4567140af5d03a55afddcf713998d4bb73
mXn+K9E-wOA,sceAgcDriverGetResourceShaderGuid,libSceAgcDriver,libSceAgcDriver,eboot.bin,function,True,1,False,0,False,,,,,,False,,,,,
mYo06zO7G3c,_ZN3sce2Np9CppWebApi6Common12IntrusivePtrINS1_7Matches2V117LeaveMatchRequestEED1Ev,libSceNpCppWebApi,libSceNpCppWebApi,eboot.bin,function,True,1,False,0,False,,,,,,False,,,,,
mZSbNJVJpV8,sceAmprAprCommandBufferReadFileGather,libSceAmpr,libSceAmpr,eboot.bin,function,True,1,False,0,False,,,,,,False,,,,,
mbakKLPSO4o,sceContentExportFromFileWithThumbnail,libSceContentExport,libSceContentExport,eboot.bin,function,True,1,False,0,False,,,,,,False,,,,,
mfHdJTIvhuo,sceLibcMspaceMallocStats,libSceLibcInternal,libSceLibcInternal,sce_module/libSceNpCppWebApi.prx,function,True,1,False,0,False,,,,,,False,,,,,
mfJBpJ+qoLA,_ZN3sce2Np9CppWebApi6Common12IntrusivePtrINS1_7Matches2V119CreateMatchResponseEED1Ev,libSceNpCppWebApi,libSceNpCppWebApi,eboot.bin,function,True,1,False,0,False,,,,,,False,,,,,
mkx2fVhNMsg,pthread_cond_broadcast,libkernel,libkernel,sce_module/libc.prx,function,True,1,True,1,True,pthread_cond_broadcast,libKernel,"Gen4, Gen5",SharpEmu.Libs.Kernel.KernelPthreadCompatExports,PosixPthreadCondBroadcast,True,src/SharpEmu.Libs/Kernel/KernelPthreadCompatExports.cs,491,PosixPthreadCondBroadcast,nontrivial_source_handler,b962903ece72263e1eec3efaa8113d18f25b4af754385042ce7154718bba4502
mlYGfmqE3fQ,sceSigninDialogInitialize,libSceSigninDialog,libSceSigninDialog,eboot.bin,function,True,1,False,0,False,,,,,,False,,,,,
mljzuGDZRQ4,sceAgcDcbSetIndexCountGetSize,libSceAgc,libSceAgc,eboot.bin,function,True,1,True,1,True,sceAgcDcbSetIndexCountGetSize,libSceAgc,Gen5,SharpEmu.Libs.Agc.AgcExports,DcbSetIndexCountGetSize,True,src/SharpEmu.Libs/Agc/AgcExports.cs,2135,DcbSetIndexCountGetSize,nontrivial_source_handler,16e53dc3580f7e97dc4927a62661ec659a281325c37fe980e0b399bc4c3948b3
mqM7+dpduR0,_ZN3sce2Np9CppWebApi14SessionManager2V154GetUsersAccountIdPlayerSessionsInvitationsResponseBody14getInvitationsEv,libSceNpCppWebApi,libSceNpCppWebApi,eboot.bin,function,True,1,False,0,False,,,,,,False,,,,,
ms1xVoZ-Vwc,sceAgcDcbBeginOcclusionQueryGetSize,libSceAgc,libSceAgc,eboot.bin,function,True,1,False,0,False,,,,,,False,,,,,
mv0O8Zg0woU,sceAmprCommandBufferPopMarker,libSceAmpr,libSceAmpr,eboot.bin,function,True,1,False,0,False,,,,,,False,,,,,
mxFJwBFDCvg,_ZNK3sce2Np9CppWebApi6Common12IntrusivePtrINS2_6VectorINS3_INS1_11UserProfile2V113BasicPresenceEEEEEEdeEv,libSceNpCppWebApi,libSceNpCppWebApi,eboot.bin,function,True,1,False,0,False,,,,,,False,,,,,
n2fD4A+pb+g,sceAgcCbSetShRegisterRangeDirect,libSceAgc,libSceAgc,eboot.bin;sce_module/libSceJobManager.prx,function,True,2,True,1,True,sceAgcCbSetShRegisterRangeDirect,libSceAgc,Gen5,SharpEmu.Libs.Agc.AgcExports,CbSetShRegisterRangeDirect,True,src/SharpEmu.Libs/Agc/AgcExports.cs,1933,CbSetShRegisterRangeDirect,nontrivial_source_handler,b716ccfbb9f0870f4acaf2dcc83837c88ebac00df2f12dc6c6a96d41620eecea
n485EBnIWmk,sceAgcWaitRegMemPatchCompareFunction,libSceAgc,libSceAgc,eboot.bin,function,True,1,True,1,True,sceAgcWaitRegMemPatchCompareFunction,libSceAgc,Gen5,SharpEmu.Libs.Agc.AgcExports,WaitRegMemPatchCompareFunction,True,src/SharpEmu.Libs/Agc/AgcExports.cs,3050,WaitRegMemPatchCompareFunction,nontrivial_source_handler,a560e90b05d27ac740987c2da91e3046543d6b8f9d75ee20971578814fea8da9
n5ElQVYsU1A,sceAgcDriverUnregisterWorkloadStream,libSceAgcDriver,libSceAgcDriver,eboot.bin;sce_module/libSceJobManager.prx,function,True,2,False,0,False,,,,,,False,,,,,
n7AepwR0s34,mktime,libc,libc,eboot.bin,function,True,1,True,1,True,mktime,libc,Gen5,SharpEmu.Libs.Kernel.KernelRuntimeCompatExports,LibcMktime,True,src/SharpEmu.Libs/Kernel/KernelRuntimeCompatExports.cs,362,LibcMktime,nontrivial_source_handler,68a85dff8d73ad7247ffaad5d6b0f0e089afe37003a26c5fcab2c03c187261b3
n88vx3C5nW8,gettimeofday,libScePosix;libkernel,libkernel,eboot.bin;sce_module/libc.prx,function,True,2,True,1,True,gettimeofday,libKernel,"Gen4, Gen5",SharpEmu.Libs.Kernel.KernelRuntimeCompatExports,PosixGettimeofday,True,src/SharpEmu.Libs/Kernel/KernelRuntimeCompatExports.cs,331,PosixGettimeofday,nontrivial_source_handler,fb9b3ec31a33b2d55ea8f0d342bab78c3b363db849b168fc5311eb3ba7e9d998
n8vgpaQg6dA,sceAgcSetRangePredication,libSceAgc,libSceAgc,eboot.bin,function,True,1,False,0,False,,,,,,False,,,,,
nBDD66kiFW8,sceShareInitialize,libSceShare,libSceShare,eboot.bin,function,True,1,True,1,True,sceShareInitialize,libSceShareUtility,"Gen4, Gen5",SharpEmu.Libs.Share.ShareExports,ShareInitialize,False,src/SharpEmu.Libs/Share/ShareExports.cs,29,ShareInitialize,nontrivial_source_handler,7030ad315dbc61cc0e7718b9e73af6cd2d7cb80a5a6f7e510769b24b0f59b660
nCUgItdN2ms,sceAgcSetShRegIndirectPatchSetNumRegisters,libSceAgc,libSceAgc,eboot.bin,function,True,1,False,0,False,,,,,,False,,,,,
nGcM1qlE4H8,_ZN3sce2Np9CppWebApi6Common12IntrusivePtrINS1_14SessionManager2V16FriendEED1Ev,libSceNpCppWebApi,libSceNpCppWebApi,eboot.bin,function,True,1,False,0,False,,,,,,False,,,,,
nKWi-N2HBV4,sceKernelPwrite,libkernel,libkernel,eboot.bin,function,True,1,True,1,True,sceKernelPwrite,libKernel,"Gen4, Gen5",SharpEmu.Libs.Kernel.KernelMemoryCompatExports,KernelPwrite,True,src/SharpEmu.Libs/Kernel/KernelFileExtendedExports.cs,108,KernelPwrite,nontrivial_source_handler,c0f1edf7d846f381dc537e005de8ac69181295e930643e454e98754501deb194
nM5XqdeXFPw,_ZN3sce4Json5Value10referArrayEv,libSceJson2,libSceJson,sce_module/libSceNpCppWebApi.prx,function,True,1,False,0,False,,,,,,False,,,,,
nNlUtdDDvZ0,sceAgcDcbSetShRegistersIndirectGetSize,libSceAgc,libSceAgc,eboot.bin,function,True,1,False,0,False,,,,,,False,,,,,
nXa0s7xnbsQ,_ZN3sce2Np9CppWebApi6Common8IteratorImEppEv,libSceNpCppWebApi,libSceNpCppWebApi,eboot.bin,function,True,1,False,0,False,,,,,,False,,,,,
nXpje5yNpaE,sceVoiceCreatePort,libSceVoice,libSceVoice,eboot.bin,function,True,1,False,0,False,,,,,,False,,,,,
naInUjYt3so,sceKernelRmdir,libkernel,libkernel,eboot.bin,function,True,1,True,1,True,sceKernelRmdir,libKernel,"Gen4, Gen5",SharpEmu.Libs.Kernel.KernelMemoryCompatExports,KernelRmdir,True,src/SharpEmu.Libs/Kernel/KernelMemoryCompatExports.cs,3103,KernelRmdir,nontrivial_source_handler,fd03ca85ba7856491fbb0d8dc968a6df587bf7c7b5489d20abaa7633d17476de
nbRU58b2L1E,_ZN3sce2Np9CppWebApi11UserProfile2V125GetBasicPresencesResponse17getBasicPresencesEv,libSceNpCppWebApi,libSceNpCppWebApi,eboot.bin,function,True,1,False,0,False,,,,,,False,,,,,
njBb1RnJ43M,_ZN3sce2Np9CppWebApi7Matches2V18MatchApi28ParameterToUpdateMatchStatusD1Ev,libSceNpCppWebApi,libSceNpCppWebApi,eboot.bin,function,True,1,False,0,False,,,,,,False,,,,,
nl6AtfqkUwg,_ZN3sce2Np9CppWebApi6Common12IntrusivePtrINS1_14SessionManager2V125FriendJoinedPlayerSessionEED1Ev,libSceNpCppWebApi,libSceNpCppWebApi,eboot.bin,function,True,1,False,0,False,,,,,,False,,,,,
npMIfvNUuiQ,_ZN3sce2Np9CppWebApi6Common15TransactionBaseINS2_12IntrusivePtrINS1_11UserProfile2V124GetBlockingUsersResponseEEENS4_INS2_18ResponseHeaderBaseEEEE5startEPNS2_10LibContextE,libSceNpCppWebApi,libSceNpCppWebApi,eboot.bin,function,True,1,False,0,False,,,,,,False,,,,,
nsYoNRywwNg,scePthreadAttrInit,libkernel,libkernel,eboot.bin;sce_module/libSceJobManager.prx;sce_module/libSceNpCppWebApi.prx;sce_module/libc.prx,function,True,4,True,1,True,scePthreadAttrInit,libKernel,"Gen4, Gen5",SharpEmu.Libs.Kernel.KernelPthreadExtendedCompatExports,PthreadAttrInit,True,src/SharpEmu.Libs/Kernel/KernelPthreadExtendedCompatExports.cs,722,PthreadAttrInit,nontrivial_source_handler,1547dddb98aa08ad7caed6031acee5b7cd0a512ba388affbd0fe83b748369729
o7Rj82lRZ98,_ZN3sce2Np9CppWebApi11UserProfile2V115BasicProfileApi28ParameterToGetPublicProfilesD1Ev,libSceNpCppWebApi,libSceNpCppWebApi,eboot.bin,function,True,1,False,0,False,,,,,,False,,,,,
o9eWRkSL+M4,sceAvPlayerInitEx,libSceAvPlayer,libSceAvPlayer,eboot.bin,function,True,1,True,1,True,sceAvPlayerInitEx,libSceAvPlayer,"Gen4, Gen5",SharpEmu.Libs.AvPlayer.AvPlayerExports,AvPlayerInitEx,True,src/SharpEmu.Libs/AvPlayer/AvPlayerExports.cs,235,AvPlayerInitEx,nontrivial_source_handler,ad1cfb2984ba15267b7c4d1bc1d185717bdc46322c32f9eb2bf7debb6a1456fd
oAuFlME7yNI,_ZN3sce2Np9CppWebApi6Common12IntrusivePtrINS1_14SessionManager2V132RequestCreatePlayerSessionPlayerEEC1Ev,libSceNpCppWebApi,libSceNpCppWebApi,eboot.bin,function,True,1,False,0,False,,,,,,False,,,,,
oBmw4xrmfKs,sceImeDialogAbort,libSceImeDialog,libSceImeDialog,eboot.bin,function,True,1,False,0,False,,,,,,False,,,,,
oBr313PppNE,sendto,libScePosix,libkernel,eboot.bin,function,True,1,False,0,False,,,,,,False,,,,,
oH8aBmLU+fc,_ZN3sce4Json6Object5clearEv,libSceJson2,libSceJson,sce_module/libSceNpCppWebApi.prx,function,True,1,False,0,False,,,,,,False,,,,,
oQrvxj3qQq8,_ZN3sce2Np9CppWebApi6Common6VectorINS2_12IntrusivePtrINS1_14SessionManager2V130RequestPlayerSessionInvitationEEEE8pushBackERKS8_,libSceNpCppWebApi,libSceNpCppWebApi,eboot.bin,function,True,1,False,0,False,,,,,,False,,,,,
oQySEUfgXRA,sceSaveDataSetupSaveDataMemory2,libSceSaveData_native,libSceSaveData_native,eboot.bin,function,True,1,True,1,True,sceSaveDataSetupSaveDataMemory2,libSceSaveData,Gen5,SharpEmu.Libs.SaveData.SaveDataExports,SaveDataSetupSaveDataMemory2,False,src/SharpEmu.Libs/SaveData/SaveDataExports.cs,1150,SaveDataSetupSaveDataMemory2,nontrivial_source_handler,f319743343c542b0d4af46de05ef2b3fc99daf95f202486d779ccf2a022924b2
oTirsxQpqj0,_ZN3sce2Np9CppWebApi6Common9terminateERNS2_10LibContextE,libSceNpCppWebApi,libSceNpCppWebApi,eboot.bin,function,True,1,False,0,False,,,,,,False,,,,,
oV9GAdJ23Gw,sceVoiceConnectIPortToOPort,libSceVoice,libSceVoice,eboot.bin,function,True,1,False,0,False,,,,,,False,,,,,
ob5xAW4ln-0,strchr,libc,libc,eboot.bin,function,True,1,True,1,True,strchr,libc,"Gen4, Gen5",SharpEmu.Libs.Kernel.KernelMemoryCompatExports,Strchr,True,src/SharpEmu.Libs/Kernel/KernelMemoryCompatExports.cs,8456,Strchr,nontrivial_source_handler,872c7cfaf9a83e3a2df07e3b426b2dde881d620ba4e56ded5f1e3ccd0653ceb4
obuxdTiwkF8,sceNetCtlGetInfo,libSceNetCtl,libSceNetCtl,eboot.bin,function,True,1,True,1,True,sceNetCtlGetInfo,libSceNetCtl,"Gen4, Gen5",SharpEmu.Libs.Network.NetCtlExports,NetCtlGetInfo,True,src/SharpEmu.Libs/Network/NetCtlExports.cs,161,NetCtlGetInfo,nontrivial_source_handler,41a103542037219b8ce60ea004a5daddc710240ebcc0424e5cdd4da6d62b2c3c
ocHtyBwHfys,sceWebBrowserDialogTerminate,libSceWebBrowserDialog,libSceWebBrowserDialog,eboot.bin,function,True,1,False,0,False,,,,,,False,,,,,
oib76F-12fk,sceKernelLseek,libkernel,libkernel,eboot.bin,function,True,1,True,1,True,sceKernelLseek,libKernel,"Gen4, Gen5",SharpEmu.Libs.Kernel.KernelMemoryCompatExports,KernelLseek,True,src/SharpEmu.Libs/Kernel/KernelMemoryCompatExports.cs,3304,KernelLseek,nontrivial_source_handler,de45b78ebd219387c3b9c77be4f9160c8035ef7172cad83f9436d6ca5a806028
on6ZH7Abo10,sceAudioOut2ContextDestroy,libSceAudioOut2,libSceAudioOut,eboot.bin,function,True,1,True,1,True,sceAudioOut2ContextDestroy,libSceAudioOut2,Gen5,SharpEmu.Libs.Audio.AudioOut2Exports,AudioOut2ContextDestroy,True,src/SharpEmu.Libs/Audio/AudioOut2Exports.cs,181,AudioOut2ContextDestroy,nontrivial_source_handler,3004b6584c886e2a2bb920bfb90fd6002725d6b1bdf6c762a3079578d229b41f
onFll9DvvBY,_ZNK3sce2Np9CppWebApi6Common12IntrusivePtrINS1_7Matches2V118RequestMatchPlayerEEptEv,libSceNpCppWebApi,libSceNpCppWebApi,eboot.bin,function,True,1,False,0,False,,,,,,False,,,,,
onNY9Byn-W8,scePthreadJoin,libkernel,libkernel,eboot.bin;sce_module/libSceJobManager.prx;sce_module/libSceNpCppWebApi.prx;sce_module/libc.prx,function,True,4,True,1,True,scePthreadJoin,libKernel,"Gen4, Gen5",SharpEmu.Libs.Kernel.KernelExports,PthreadJoin,True,src/SharpEmu.Libs/Kernel/KernelExports.cs,387,PthreadJoin,nontrivial_source_handler,b934fc955717f13d26d5980317431a331fff498a300f9ef0a7a7152aa9908348
opR1JeJZCBU,sceAgcAcbSetWorkloadComplete,libSceAgc,libSceAgc,eboot.bin;sce_module/libSceJobManager.prx,function,True,2,False,0,False,,,,,,False,,,,,
ou16V5hh5sg,sceAgcDcbCondExecGetSize,libSceAgc,libSceAgc,eboot.bin,function,True,1,False,0,False,,,,,,False,,,,,
oz6zQq1JwCE,sceAgcDcbAtomicMemGetSize,libSceAgc,libSceAgc,eboot.bin,function,True,1,False,0,False,,,,,,False,,,,,
ozKzBP4aki4,sceAgcAcbCondExecGetSize,libSceAgc,libSceAgc,eboot.bin;sce_module/libSceJobManager.prx,function,True,2,False,0,False,,,,,,False,,,,,
ozMAr28BwSY,_ZSt14_Xout_of_rangePKc,libc,libc,eboot.bin,function,True,1,False,0,False,,,,,,False,,,,,
p+GcLqwpL9M,sceNpUniversalDataSystemCreateEvent,libSceNpUniversalDataSystem,libSceNpUniversalDataSystem,eboot.bin,function,True,1,True,1,True,sceNpUniversalDataSystemCreateEvent,libSceNpUniversalDataSystem,"Gen4, Gen5",SharpEmu.Libs.Np.NpUniversalDataSystemExports,NpUniversalDataSystemCreateEvent,True,src/SharpEmu.Libs/Np/NpUniversalDataSystemExports.cs,106,NpUniversalDataSystemCreateEvent,nontrivial_source_handler,74c91dc7f9a70c75d6f82b105afd713554fe2d8bbd537d76c5e710287ee0a987
p1SPtutBLtQ,_ZN3sce2Np9CppWebApi7Matches2V123RequestMatchTeamFactory6createEPNS1_6Common10LibContextEPKcPNS5_12IntrusivePtrINS3_16RequestMatchTeamEEE,libSceNpCppWebApi,libSceNpCppWebApi,eboot.bin,function,True,1,False,0,False,,,,,,False,,,,,
p5EcQeEeJAE,_sceKernelRtldSetApplicationHeapAPI,libkernel,libkernel,sce_module/libc.prx,function,True,1,True,1,True,_sceKernelRtldSetApplicationHeapAPI,libKernel,"Gen4, Gen5",SharpEmu.Libs.Kernel.KernelRuntimeCompatExports,KernelRtldSetApplicationHeapApi,True,src/SharpEmu.Libs/Kernel/KernelRuntimeCompatExports.cs,1841,KernelRtldSetApplicationHeapApi,nontrivial_source_handler,41b4fb69c23a0c6e0d33510765a8250aec20048b5e7935a5fe14c74b9e36e990
p9tI+yTvx68,sceAgcDcbWriteDataGetSize,libSceAgc,libSceAgc,eboot.bin,function,True,1,False,0,False,,,,,,False,,,,,
pAI9K0j3zuc,_ZN3sce2Np9CppWebApi7Matches2V18MatchApi20ParameterToJoinMatchC1Ev,libSceNpCppWebApi,libSceNpCppWebApi,eboot.bin,function,True,1,False,0,False,,,,,,False,,,,,
pB-yGZ2nQ9o,_sceKernelSetThreadAtexitCount,libkernel,libkernel,sce_module/libc.prx,function,True,1,True,1,True,_sceKernelSetThreadAtexitCount,libKernel,"Gen4, Gen5",SharpEmu.Libs.Kernel.KernelMemoryCompatExports,KernelSetThreadAtexitCount,True,src/SharpEmu.Libs/Kernel/KernelMemoryCompatExports.cs,3534,KernelSetThreadAtexitCount,nontrivial_source_handler,0b4ac6f6e8f39bd4e8b848b41fff8a86341e19730258ed36171e32be978861d1
pChAYPYSxWA,_ZN3sce2Np9CppWebApi7Matches2V18MatchApi28ParameterToUpdateMatchStatus10initializeEPNS1_6Common10LibContextEPKcNS6_12IntrusivePtrINS3_24UpdateMatchStatusRequestEEE,libSceNpCppWebApi,libSceNpCppWebApi,eboot.bin,function,True,1,False,0,False,,,,,,False,,,,,
pDBDcY6uLSA,vfprintf,libc,libc,eboot.bin,function,True,1,True,1,True,vfprintf,libc,"Gen4, Gen5",SharpEmu.Libs.LibcStdio.LibcStdioExports,Vfprintf,True,src/SharpEmu.Libs/LibcStdioExports.cs,601,Vfprintf,nontrivial_source_handler,666ebff9e3c91eaab66a90d6bfb63dd9d4ba008a8b51a4b862e9f125e79e6904
pDUQVO32lZY,_ZN3sce2Np9CppWebApi11UserProfile2V111PresenceApi28ParameterToGetBasicPresencesD1Ev,libSceNpCppWebApi,libSceNpCppWebApi,eboot.bin,function,True,1,False,0,False,,,,,,False,,,,,
pDmme7Bgm6E,sceAudioOut2ContextQueryMemory,libSceAudioOut2,libSceAudioOut,eboot.bin,function,True,1,True,1,True,sceAudioOut2ContextQueryMemory,libSceAudioOut2,Gen5,SharpEmu.Libs.Audio.AudioOut2Exports,AudioOut2ContextQueryMemory,True,src/SharpEmu.Libs/Audio/AudioOut2Exports.cs,112,AudioOut2ContextQueryMemory,nontrivial_source_handler,1d315b63aaf7e7d8c8703b1a1b2698c0d51ad9f3c93e83753f980d282d1bdaec
pFLArOT53+w,sceAgcDcbSetShRegisterDirect,libSceAgc,libSceAgc,eboot.bin,function,True,1,False,0,False,,,,,,False,,,,,
pFQ9UHpO52s,sceAmprCommandBufferNopWithData,libSceAmpr,libSceAmpr,eboot.bin,function,True,1,False,0,False,,,,,,False,,,,,
pKwslsMUmSk,fmod,libc,libc,eboot.bin,function,True,1,False,0,False,,,,,,False,,,,,
pLr1fEQS1z8,sceNpBandwidthTestShutdown,libSceNpUtility,libSceNpUtility,eboot.bin,function,True,1,False,0,False,,,,,,False,,,,,
pO96TwzOm5E,sceKernelGetDirectMemorySize,libkernel,libkernel,eboot.bin,function,True,1,True,1,True,sceKernelGetDirectMemorySize,libKernel,"Gen4, Gen5",SharpEmu.Libs.Kernel.KernelMemoryCompatExports,KernelGetDirectMemorySize,True,src/SharpEmu.Libs/Kernel/KernelMemoryCompatExports.cs,3612,KernelGetDirectMemorySize,nontrivial_source_handler,f5934acc146537a76add3f31de6798bb8d49f866405d5331ec3f2c16ca5892c6
pWLG7WOpVcw,sceAgcDriverUnregisterResource,libSceAgcDriver,libSceAgcDriver,eboot.bin,function,True,1,True,1,True,sceAgcDriverUnregisterResource,libSceAgc,Gen5,SharpEmu.Libs.Agc.AgcExports,DriverUnregisterResource,False,src/SharpEmu.Libs/Agc/AgcExports.cs,13934,DriverUnregisterResource,nontrivial_source_handler,e7488c5a2e0937e49b591c2aa5552a906b5d04238b0c983ec1141fbcc2e0adfe
pXvbDfchu6k,strncasecmp,libc,libc,eboot.bin,function,True,1,True,1,True,strncasecmp,libc,"Gen4, Gen5",SharpEmu.Libs.Kernel.KernelMemoryCompatExports,Strncasecmp,True,src/SharpEmu.Libs/Kernel/KernelMemoryCompatExports.cs,8358,Strncasecmp,nontrivial_source_handler,f24171bb45bbd4c4e0137af4bbd7c1239e8c1d2fa466d36d556b0dec6ef16d11
pYoKs3lPy88,sceAgcDcbDrawIndirectMultiGetSize,libSceAgc,libSceAgc,eboot.bin,function,True,1,False,0,False,,,,,,False,,,,,
pbnNnahE8vk,sceAmprMeasureCommandSizePopMarker,libSceAmpr,libSceAmpr,eboot.bin,function,True,1,False,0,False,,,,,,False,,,,,
pleuuED1nRY,_ZN3sce2Np9CppWebApi6Common15TransactionBaseINS2_15DefaultResponseENS2_12IntrusivePtrINS2_18ResponseHeaderBaseEEEE5startEPNS2_10LibContextE,libSceNpCppWebApi,libSceNpCppWebApi,eboot.bin,function,True,1,False,0,False,,,,,,False,,,,,
py6L8jiVAN8,sceKernelGetSanitizerMallocReplaceExternal,libkernel,libkernel,sce_module/libc.prx,function,True,1,True,1,True,sceKernelGetSanitizerMallocReplaceExternal,libKernel,"Gen4, Gen5",SharpEmu.Libs.Kernel.KernelRuntimeCompatExports,KernelGetSanitizerMallocReplaceExternal,True,src/SharpEmu.Libs/Kernel/KernelRuntimeCompatExports.cs,1323,KernelGetSanitizerMallocReplaceExternal,nontrivial_source_handler,20d20eb203356c4a63ed013170082608ef927803d48ef0ea8b2bb2c4d416cffb
pztV4AF18iI,sincosf,libc,libc,eboot.bin,function,True,1,True,1,True,sincosf,libc,"Gen4, Gen5",SharpEmu.Libs.Kernel.KernelRuntimeCompatExports,LibcSincosf,True,src/SharpEmu.Libs/Kernel/KernelRuntimeCompatExports.cs,562,LibcSincosf,nontrivial_source_handler,96a7c1a0bd92d28779a4a80779416bc4334beea898137776b68a4f01d8178f1d
q+50oeoRpnY,_ZN3sce2Np9CppWebApi6Common15TransactionBaseINS2_15DefaultResponseENS2_12IntrusivePtrINS2_18ResponseHeaderBaseEEEE6finishEv,libSceNpCppWebApi,libSceNpCppWebApi,eboot.bin,function,True,1,False,0,False,,,,,,False,,,,,
q0CBI7DJ0X8,_ZN3sce2Np9CppWebApi11UserProfile2V115BasicProfileApi28ParameterToGetPublicProfilesC1Ev,libSceNpCppWebApi,libSceNpCppWebApi,eboot.bin,function,True,1,False,0,False,,,,,,False,,,,,
q0F6yS-rCms,strcspn,libc,libc,eboot.bin,function,True,1,False,0,False,,,,,,False,,,,,
q4VuU-QsLOE,sceAgcAcbMemSemaphore,libSceAgc,libSceAgc,eboot.bin;sce_module/libSceJobManager.prx,function,True,2,False,0,False,,,,,,False,,,,,
q88lQ+GP5Yk,sceAgcDcbDrawIndex,libSceAgc,libSceAgc,eboot.bin,function,True,1,True,1,True,sceAgcDcbDrawIndex,libSceAgc,Gen5,SharpEmu.Libs.Agc.AgcExports,DcbDrawIndex,True,src/SharpEmu.Libs/Agc/AgcExports.cs,2171,DcbDrawIndex,nontrivial_source_handler,5b9229894fc45484c6d72874ae0d7b62ad3ed27f84843e9a411300273909b4d4
qBMjqyBn3OM,_ZN3sce4Json5ValueC1Ev,libSceJson2,libSceJson,sce_module/libSceNpCppWebApi.prx,function,True,1,True,1,True,_ZN3sce4Json5ValueC1Ev,libSceJson,"Gen4, Gen5",SharpEmu.Libs.Json.JsonValueExports,ValueDefaultConstructor,False,src/SharpEmu.Libs/Json/JsonValueExports.cs,46,ValueDefaultConstructor,nontrivial_source_handler,243915a8df3b26a1e2b73955aa97690c248bbe9ed55021dd56a775819a7a7f28
qC3QW+AltHs,sceContentDeleteByPath,libSceContentDelete,libSceContentDelete,eboot.bin,function,True,1,False,0,False,,,,,,False,,,,,
qMYMahQKgPQ,_ZN3sce2Np9CppWebApi6Common11TransactionINS2_12IntrusivePtrINS1_14SessionManager2V130PostPlayerSessionsResponseBodyEEENS4_INS2_18ResponseHeaderBaseEEEED1Ev,libSceNpCppWebApi,libSceNpCppWebApi,eboot.bin,function,True,1,False,0,False,,,,,,False,,,,,
qMlfB1ZhMDc,sceAgcDcbDrawIndexOffsetGetSize,libSceAgc,libSceAgc,eboot.bin,function,True,1,False,0,False,,,,,,False,,,,,
qNY3C4S6yHQ,_ZN3sce2Np9CppWebApi6Common12IntrusivePtrINS1_14SessionManager2V120PlayerSessionForReadEED1Ev,libSceNpCppWebApi,libSceNpCppWebApi,eboot.bin,function,True,1,False,0,False,,,,,,False,,,,,
qQJfO8HAiaY,sceNpRegisterStateCallbackA,libSceNpManager,libSceNpManager,eboot.bin,function,True,1,True,1,True,sceNpRegisterStateCallbackA,libSceNpManager,"Gen4, Gen5",SharpEmu.Libs.Np.NpManagerExports,NpRegisterStateCallbackA,True,src/SharpEmu.Libs/Np/NpManagerExports.cs,230,NpRegisterStateCallbackA,nontrivial_source_handler,a1b106b7d44c92594a6688e1250170a8248fd74067c07b9302de7a59927ae693
qSmqLXXCPas,_ZN3sce4Json6StringC1Ev,libSceJson2,libSceJson,sce_module/libSceNpCppWebApi.prx,function,True,1,True,1,True,_ZN3sce4Json6StringC1Ev,libSceJson,"Gen4, Gen5",SharpEmu.Libs.Json.JsonValueExports,StringDefaultConstructor,False,src/SharpEmu.Libs/Json/JsonValueExports.cs,213,StringDefaultConstructor,nontrivial_source_handler,092f11069cb0f845cb33265aa761b9d9cdd15e7d2cade49ab960be020a123dc5
qesF88X4DRg,sceAmprMeasureCommandSizeReadFileGather,libSceAmpr,libSceAmpr,eboot.bin,function,True,1,False,0,False,,,,,,False,,,,,
qj7QZpgr9Uw,,libSceAgc,libSceAgc,eboot.bin,function,True,1,True,1,True,sceAgcUnknownQj7QZpgr9Uw,libSceAgc,Gen5,SharpEmu.Libs.Agc.AgcExports,UnknownQj7QZpgr9Uw,True,src/SharpEmu.Libs/Agc/AgcExports.cs,3700,UnknownQj7QZpgr9Uw,nontrivial_source_handler,266ca17518119e6af796cf92c827ff436db5c75d3c1c004e7fb8cf969db5ec90
qspAL8bgcBY,sceAgcDriverIsSubmitValidationEnabled,libSceAgcDriver,libSceAgcDriver,eboot.bin;sce_module/libSceJobManager.prx,function,True,2,False,0,False,,,,,,False,,,,,
qtagaBorsKQ,_ZN3sce2Np9CppWebApi6Common6VectorINS2_12IntrusivePtrINS1_14SessionManager2V120RequestPlayerSessionEEEED1Ev,libSceNpCppWebApi,libSceNpCppWebApi,eboot.bin,function,True,1,False,0,False,,,,,,False,,,,,
qu8vIEhVfZg,_ZN3sce2Np9CppWebApi7Matches2V116RequestMatchTeam10setMembersERKNS1_6Common6VectorINS5_12IntrusivePtrINS3_13RequestMemberEEEEE,libSceNpCppWebApi,libSceNpCppWebApi,eboot.bin,function,True,1,False,0,False,,,,,,False,,,,,
qvMUCyyaCSI,sceKernelAprSubmitCommandBufferAndGetId,libkernel,libkernel,eboot.bin,function,True,1,True,1,True,sceKernelAprSubmitCommandBufferAndGetId,libKernel,"Gen4, Gen5",SharpEmu.Libs.Kernel.KernelAprCompatExports,KernelAprSubmitCommandBufferAndGetId,True,src/SharpEmu.Libs/Kernel/KernelAprCompatExports.cs,119,KernelAprSubmitCommandBufferAndGetId,nontrivial_source_handler,0f5e8965503798de5b2adbdaea853b37f4be8398eac8a4f28de98a0159599344
qvbdJc7bG+s,sceAmprMeasureCommandSizeMapDirectBegin,libSceAmpr,libSceAmpr,eboot.bin,function,True,1,False,0,False,,,,,,False,,,,,
qwa0biONtPI,_ZN3sce2Np9CppWebApi6Common11TransactionINS2_12IntrusivePtrINS1_11UserProfile2V118GetFriendsResponseEEENS4_INS2_18ResponseHeaderBaseEEEED1Ev,libSceNpCppWebApi,libSceNpCppWebApi,eboot.bin,function,True,1,False,0,False,,,,,,False,,,,,
qyM2bxYFPAk,sceAgcAcbCondExec,libSceAgc,libSceAgc,eboot.bin;sce_module/libSceJobManager.prx,function,True,2,False,0,False,,,,,,False,,,,,
qzMN2XKGA4k,sceAgcAcbCopyData,libSceAgc,libSceAgc,eboot.bin;sce_module/libSceJobManager.prx,function,True,2,False,0,False,,,,,,False,,,,,
r+bobzRe1IM,_ZN3sce2Np9CppWebApi7Matches2V18MatchApi20ParameterToJoinMatch10initializeEPNS1_6Common10LibContextEPKcNS6_12IntrusivePtrINS3_16JoinMatchRequestEEE,libSceNpCppWebApi,libSceNpCppWebApi,eboot.bin,function,True,1,False,0,False,,,,,,False,,,,,
r3AqzkHLVTM,_ZN3sce2Np9CppWebApi14SessionManager2V117PlayerSessionsApi35ParameterToGetFriendsPlayerSessionsC1Ev,libSceNpCppWebApi,libSceNpCppWebApi,eboot.bin,function,True,1,False,0,False,,,,,,False,,,,,
r42bWcQbtZY,sceNpCommerceDialogGetResult,libSceNpCommerce,libSceNpCommerce,eboot.bin,function,True,1,False,0,False,,,,,,False,,,,,
r98I08t+LOg,sceAgcDcbDrawIndexIndirectMultiGetSize,libSceAgc,libSceAgc,eboot.bin,function,True,1,False,0,False,,,,,,False,,,,,
rDMyAf1Jhug,__isinff,libc,libc,eboot.bin,function,True,1,False,0,False,,,,,,False,,,,,
rI9lNAXPMIw,sceAgcDriverGetResourceType,libSceAgcDriver,libSceAgcDriver,eboot.bin,function,True,1,False,0,False,,,,,,False,,,,,
rIZnR6eSpvk,scePadResetOrientation,libScePad,libScePad,eboot.bin,function,True,1,False,0,False,,,,,,False,,,,,
rJUyMrDdxJg,sceAgcDriverGetShaderDebuggingStatus,libSceAgcDriver,libSceAgcDriver,eboot.bin;sce_module/libSceJobManager.prx,function,True,2,False,0,False,,,,,,False,,,,,
rKBUtgRrtbk,sceVideoOutRegisterBuffers2,libSceVideoOut,libSceVideoOut,eboot.bin,function,True,1,True,1,True,sceVideoOutRegisterBuffers2,libSceVideoOut,"Gen4, Gen5",SharpEmu.Libs.VideoOut.VideoOutExports,VideoOutRegisterBuffers2,True,src/SharpEmu.Libs/VideoOut/VideoOutExports.cs,1227,VideoOutRegisterBuffers2,nontrivial_source_handler,c99ca474bd663d4f6ffff34b46b9a6ffcb61427c1a0252e271e9e1e3cfe3b272
rNhWz+lvOMU,_sceKernelSetThreadDtors,libkernel,libkernel,sce_module/libc.prx,function,True,1,True,1,True,_sceKernelSetThreadDtors,libKernel,"Gen4, Gen5",SharpEmu.Libs.Kernel.KernelMemoryCompatExports,KernelSetThreadDtors,True,src/SharpEmu.Libs/Kernel/KernelMemoryCompatExports.cs,3556,KernelSetThreadDtors,nontrivial_source_handler,48970c2969dc5ed923afb4d042b0ed1d4fc75e04395cb22e98bf19cc26efe70b
rP5xLdOf26k,,libSceAgc,libSceAgc,eboot.bin,function,True,1,False,0,False,,,,,,False,,,,,
rPIa7nRCV6U,_ZNK3sce2Np9CppWebApi14SessionManager2V16Friend19playerSessionsIsSetEv,libSceNpCppWebApi,libSceNpCppWebApi,eboot.bin,function,True,1,False,0,False,,,,,,False,,,,,
rPl0INNc-M8,sceNpGameIntentGetPropertyValueString,libSceNpGameIntent,libSceNpGameIntent,eboot.bin,function,True,1,False,0,False,,,,,,False,,,,,
rPo6tV8D9bM,sceSystemServiceGetStatus,libSceSystemService,libSceSystemService,eboot.bin,function,True,1,True,1,True,sceSystemServiceGetStatus,libSceSystemService,"Gen4, Gen5",SharpEmu.Libs.SystemService.SystemServiceExports,SystemServiceGetStatus,True,src/SharpEmu.Libs/SystemService/SystemServiceExports.cs,137,SystemServiceGetStatus,nontrivial_source_handler,1cebedae0cf094bfa3ffcb8e6d74167655ffd814f67916a8d371a3631f334e2b
rPxhVLFJBm4,_ZN3sce2Np9CppWebApi6Common15TransactionBaseINS2_12IntrusivePtrINS1_14SessionManager2V154GetUsersAccountIdPlayerSessionsInvitationsResponseBodyEEENS4_INS2_18ResponseHeaderBaseEEEE6finishEv,libSceNpCppWebApi,libSceNpCppWebApi,eboot.bin,function,True,1,False,0,False,,,,,,False,,,,,
rQGJeNjOuUk,_ZNK3sce4Json5Array4sizeEv,libSceJson2,libSceJson,sce_module/libSceNpCppWebApi.prx,function,True,1,False,0,False,,,,,,False,,,,,
rTXw65xmLIA,sceKernelAllocateDirectMemory,libkernel,libkernel,eboot.bin,function,True,1,True,1,True,sceKernelAllocateDirectMemory,libKernel,"Gen4, Gen5",SharpEmu.Libs.Kernel.KernelMemoryCompatExports,KernelAllocateDirectMemory,True,src/SharpEmu.Libs/Kernel/KernelMemoryCompatExports.cs,3739,KernelAllocateDirectMemory,nontrivial_source_handler,3e0c51b94ef05a12f7de8f5dca5f369d176f703ff3252a2a89c3d6c24e5a1015
rUuVjyR+Rd4,sceAgcDcbGetLodStatsGetSize,libSceAgc,libSceAgc,eboot.bin,function,True,1,True,1,True,sceAgcDcbGetLodStatsGetSize,libSceAgc,Gen5,SharpEmu.Libs.Agc.AgcExports,DcbGetLodStatsGetSize,True,src/SharpEmu.Libs/Agc/AgcExports.cs,2291,DcbGetLodStatsGetSize,nontrivial_source_handler,851b4256085380b2dd9965eb5ebf9b5a4e5c51942504a9ea9466255c818d520a
rVOmPz2RBlg,sceAgcAcbSetWorkloadsActive,libSceAgc,libSceAgc,eboot.bin;sce_module/libSceJobManager.prx,function,True,2,False,0,False,,,,,,False,,,,,
rVjRvHJ0X6c,sceKernelVirtualQuery,libkernel,libkernel,eboot.bin,function,True,1,True,1,True,sceKernelVirtualQuery,libKernel,"Gen4, Gen5",SharpEmu.Libs.Kernel.KernelMemoryCompatExports,KernelVirtualQuery,True,src/SharpEmu.Libs/Kernel/KernelMemoryCompatExports.cs,4404,KernelVirtualQuery,nontrivial_source_handler,e368ba00bf6f2e61c54aea7141fb2f7ec9b69e79a00f3feef1bf60dc670fdbc4
rbknaUjpqWo,sceNpGetAccountIdA,libSceNpManager,libSceNpManager,eboot.bin,function,True,1,True,1,True,sceNpGetAccountIdA,libSceNpManager,"Gen4, Gen5",SharpEmu.Libs.Np.NpManagerExports,NpGetAccountIdA,True,src/SharpEmu.Libs/Np/NpManagerExports.cs,272,NpGetAccountIdA,nontrivial_source_handler,eb243c37d2580177967b28f1a042218900b3c3d93c61988658aae63f0265bd29
rcQCUr0EaRU,_Getptoupper,libc,libc,eboot.bin,function,True,1,False,0,False,,,,,,False,,,,,
rcrVFJsQWRY,scePthreadGetaffinity,libkernel,libkernel,eboot.bin,function,True,1,True,1,True,scePthreadGetaffinity,libKernel,"Gen4, Gen5",SharpEmu.Libs.Kernel.KernelPthreadExtendedCompatExports,PthreadGetaffinity,True,src/SharpEmu.Libs/Kernel/KernelPthreadExtendedCompatExports.cs,555,PthreadGetaffinity,nontrivial_source_handler,304f6590e2aa364f03b5be8f2ffdb4ce99278b32d7ff08427950224a79a58742
rddQYXM0CjM,sceAmprMeasureCommandSizeResetGatherScatterState,libSceAmpr,libSceAmpr,eboot.bin,function,True,1,False,0,False,,,,,,False,,,,,
rpmRha1Eq9s,_ZNK3sce2Np9CppWebApi6Common11TransactionINS2_15DefaultResponseENS2_12IntrusivePtrINS2_18ResponseHeaderBaseEEEE11getResponseERS4_,libSceNpCppWebApi,libSceNpCppWebApi,eboot.bin,function,True,1,False,0,False,,,,,,False,,,,,
rq73eO5xSRc,_ZN3sce2Np9CppWebApi6Common11TransactionINS2_12IntrusivePtrINS1_11UserProfile2V125GetPublicProfilesResponseEEENS4_INS2_18ResponseHeaderBaseEEEEC1Ev,libSceNpCppWebApi,libSceNpCppWebApi,eboot.bin,function,True,1,False,0,False,,,,,,False,,,,,
rqwFKI4PAiM,sceKernelAprWaitCommandBuffer,libkernel,libkernel,eboot.bin,function,True,1,True,1,True,sceKernelAprWaitCommandBuffer,libKernel,"Gen4, Gen5",SharpEmu.Libs.Kernel.KernelAprCompatExports,KernelAprWaitCommandBuffer,True,src/SharpEmu.Libs/Kernel/KernelAprCompatExports.cs,71,KernelAprWaitCommandBuffer,nontrivial_source_handler,ca195a0f3f1a0a80d5a95c598047e55b2c79dc0950f639d2ad4433aaa8688b03
rtV7-jWC6Yg,log,libc,libc,eboot.bin,function,True,1,False,0,False,,,,,,False,,,,,
ruNe-FgCzO8,sceContentSearchGetMetadataValue,libSceContentSearch,libSceContentSearch,eboot.bin,function,True,1,False,0,False,,,,,,False,,,,,
s+VGAMDQ0AQ,sceAgcGetDataPacketPayloadRange,libSceAgc,libSceAgc,eboot.bin,function,True,1,False,0,False,,,,,,False,,,,,
s+xL+l2aMsg,_ZN3sce2Np9CppWebApi6Common12IntrusivePtrINS1_30CommunicationRestrictionStatus2V338CommunicationRestrictionStatusResponseEED1Ev,libSceNpCppWebApi,libSceNpCppWebApi,eboot.bin,function,True,1,False,0,False,,,,,,False,,,,,
s1--uE9mBFw,sceAudioOutClose,libSceAudioOut,libSceAudioOut,eboot.bin,function,True,1,True,1,True,sceAudioOutClose,libSceAudioOut,"Gen4, Gen5",SharpEmu.Libs.Audio.AudioOutExports,AudioOutClose,True,src/SharpEmu.Libs/Audio/AudioOutExports.cs,166,AudioOutClose,nontrivial_source_handler,27c785f10a0bb9bd411efbb59cb056124c656fb890cd68dff0891344a656db34
s4G45M9w8tc,_ZN3sce2Np9CppWebApi6Common11TransactionINS2_12IntrusivePtrINS1_14SessionManager2V154GetUsersAccountIdPlayerSessionsInvitationsResponseBodyEEENS4_INS2_18ResponseHeaderBaseEEEED1Ev,libSceNpCppWebApi,libSceNpCppWebApi,eboot.bin,function,True,1,False,0,False,,,,,,False,,,,,
s9e3+YpRnzw,sceSaveDataDialogInitialize,libSceSaveDataDialog.native,libSceSaveDataDialog,eboot.bin,function,True,1,True,1,True,sceSaveDataDialogInitialize,libSceSaveDataDialog,"Gen4, Gen5",SharpEmu.Libs.SaveData.SaveDataDialogExports,SaveDataDialogInitialize,False,src/SharpEmu.Libs/SaveData/SaveDataDialogExports.cs,33,SaveDataDialogInitialize,nontrivial_source_handler,dce72370936a561d1c8968f7827da0aa3cefa67acc94f7086dd820b4454ffd83
sA6+5XdbqMA,sceVideoRecordingGetInfo,libSceVideoRecordingP,libSceVideoRecording,eboot.bin,function,True,1,False,0,False,,,,,,False,,,,,
sDCBrmc61XU,sceSaveDataPrepare,libSceSaveData_native,libSceSaveData_native,eboot.bin,function,True,1,True,1,True,sceSaveDataPrepare,libSceSaveData,"Gen4, Gen5",SharpEmu.Libs.SaveData.SaveDataExports,SaveDataPrepare,False,src/SharpEmu.Libs/SaveData/SaveDataExports.cs,1090,SaveDataPrepare,nontrivial_source_handler,7ed3125875f779c0092ab1d7cbb0ef87aa21de13ae0eefb271905290716c898e
sIlRvQqsN2Y,pthread_rwlock_wrlock,libkernel,libkernel,sce_module/libc.prx,function,True,1,True,1,True,pthread_rwlock_wrlock,libKernel,"Gen4, Gen5",SharpEmu.Libs.Kernel.KernelPthreadExtendedCompatExports,PosixPthreadRwlockWrlock,True,src/SharpEmu.Libs/Kernel/KernelPthreadExtendedCompatExports.cs,1478,PosixPthreadRwlockWrlock,nontrivial_source_handler,ac7022286cf04de6dac6a3fbb05ff6b89121f997a1502401472f255e3443dfb9
sOmU4vnx3s0,_ZN3sce4Json5ValueC1Ed,libSceJson2,libSceJson,sce_module/libSceNpCppWebApi.prx,function,True,1,True,1,True,_ZN3sce4Json5ValueC1Ed,libSceJson,"Gen4, Gen5",SharpEmu.Libs.Json.JsonValueExports,ValueRealConstructor,False,src/SharpEmu.Libs/Json/JsonValueExports.cs,82,ValueRealConstructor,nontrivial_source_handler,ada0cb4536d67430da51089564f74d20af3d01fe11f8811937d5780eaabeff5e
sRn6qePT54Q,_ZN3sce2Np9CppWebApi14SessionManager2V139RequestCreatePlayerSessionPlayerFactory6createEPNS1_6Common10LibContextEPKcS9_RKNS5_6VectorINS5_12IntrusivePtrINS3_24PlayerSessionPushContextEEEEEPNSB_INS3_32RequestCreatePlayerSessionPlayerEEE,libSceNpCppWebApi,libSceNpCppWebApi,eboot.bin,function,True,1,False,0,False,,,,,,False,,,,,
sSAUCCU1dv4,sceAmprMeasureCommandSizeWriteKernelEventQueue_04_00,libSceAmpr,libSceAmpr,eboot.bin,function,True,1,True,1,True,sceAmprMeasureCommandSizeWriteKernelEventQueue_04_00,libSceAmpr,Gen5,SharpEmu.Libs.Ampr.AmprExports,MeasureCommandSizeWriteKernelEventQueue0400,True,src/SharpEmu.Libs/Ampr/AmprExports.cs,342,MeasureCommandSizeWriteKernelEventQueue0400,nontrivial_source_handler,a9c39cd18ef3e65636f48e1d75bf504abe4792425a786f56a9b3c519280478a8
sUP1hBaouOw,_Getpctype,libc,libc,eboot.bin,function,True,1,True,1,True,_Getpctype,libc,"Gen4, Gen5",SharpEmu.Libs.LibcStdio.LibcStdioExports,GetPctype,True,src/SharpEmu.Libs/LibcStdioExports.cs,718,GetPctype,nontrivial_source_handler,a546c867f34b99029062334d70a9d118661e692d0769141870e96bef6e89228d
sWbST0oQKsc,sceAmprCommandBufferSetMarkerWithColor,libSceAmpr,libSceAmpr,eboot.bin,function,True,1,False,0,False,,,,,,False,,,,,
sZIoMRGO+jk,_ZN3sce4Json5ValueC1ERKNS0_6StringE,libSceJson2,libSceJson,eboot.bin,function,True,1,True,1,True,_ZN3sce4Json5ValueC1ERKNS0_6StringE,libSceJson,"Gen4, Gen5",SharpEmu.Libs.Json.JsonValueExports,ValueStringConstructor,False,src/SharpEmu.Libs/Json/JsonValueExports.cs,109,ValueStringConstructor,nontrivial_source_handler,8bd1400f82ef76eb73092d5d4c110c6e30aac4973f27d8e6b003fc5c76db7a58
shsyj1FfVkQ,_ZN3sce2Np9CppWebApi7Matches2V118AddedPlayerFactory6createEPNS1_6Common10LibContextEPKcNS3_10PlayerTypeEPNS5_12IntrusivePtrINS3_11AddedPlayerEEE,libSceNpCppWebApi,libSceNpCppWebApi,eboot.bin,function,True,1,False,0,False,,,,,,False,,,,,
sjaobBgqeB4,sceNpUniversalDataSystemInitialize,libSceNpUniversalDataSystem,libSceNpUniversalDataSystem,eboot.bin,function,True,1,True,1,True,sceNpUniversalDataSystemInitialize,libSceNpUniversalDataSystem,"Gen4, Gen5",SharpEmu.Libs.Np.NpUniversalDataSystemExports,NpUniversalDataSystemInitialize,True,src/SharpEmu.Libs/Np/NpUniversalDataSystemExports.cs,46,NpUniversalDataSystemInitialize,nontrivial_source_handler,087cc05bfcd6361c4c81553beaa8187e1e94f5fe380f29c0e9d04b7dec080d17
sk54bi6FtYM,sceNpWebApi2CreateUserContext,libSceNpWebApi2,libSceNpWebApi2,eboot.bin,function,True,1,True,1,True,sceNpWebApi2CreateUserContext,libSceNpWebApi2,"Gen4, Gen5",SharpEmu.Libs.Np.NpWebApi2Exports,NpWebApi2CreateUserContext,True,src/SharpEmu.Libs/Np/NpWebApi2Exports.cs,52,NpWebApi2CreateUserContext,nontrivial_source_handler,a344f862f262a3dcea554226f2fb4b6559b8f538a3c109768f4476649debb157
smWEktiyyG0,scePthreadMutexattrDestroy,libkernel,libkernel,eboot.bin;sce_module/libSceJobManager.prx;sce_module/libSceNpCppWebApi.prx;sce_module/libc.prx,function,True,4,True,1,True,scePthreadMutexattrDestroy,libKernel,"Gen4, Gen5",SharpEmu.Libs.Kernel.KernelPthreadCompatExports,PthreadMutexattrDestroy,True,src/SharpEmu.Libs/Kernel/KernelPthreadCompatExports.cs,300,PthreadMutexattrDestroy,nontrivial_source_handler,e15cf69b14a54a2da2d56d611095da7b534254e1394fe2f2b2bafb9c2e475c9b
smwAAHq-Q-o,_ZN3sce2Np9CppWebApi6Common13ConstIteratorINS2_12IntrusivePtrINS1_11UserProfile2V112BasicProfileEEEED2Ev,libSceNpCppWebApi,libSceNpCppWebApi,eboot.bin,function,True,1,False,0,False,,,,,,False,,,,,
sySG4MR0gZU,_ZNK3sce2Np9CppWebApi14SessionManager2V136UsersPlayerSessionsInvitationForRead20getReceivedTimestampEv,libSceNpCppWebApi,libSceNpCppWebApi,eboot.bin,function,True,1,False,0,False,,,,,,False,,,,,
sysY2FHYff4,sceNpTrophy2DestroyContext,libSceNpTrophy2,libSceNpTrophy2,eboot.bin,function,True,1,True,1,True,sceNpTrophy2DestroyContext,libSceNpTrophy2,Gen5,SharpEmu.Libs.Np.NpTrophy2Exports,NpTrophy2DestroyContext,True,src/SharpEmu.Libs/Np/NpTrophy2Exports.cs,39,NpTrophy2DestroyContext,nontrivial_source_handler,b6c23ca3eedad2e375493221697c0a595836df17728e1df9242ecb5e155a235e
szG7hz2yEhA,sceAgcAcbPrimeUtcl2,libSceAgc,libSceAgc,eboot.bin;sce_module/libSceJobManager.prx,function,True,2,False,0,False,,,,,,False,,,,,
t1vNu082-jM,sceAgcDcbDrawIndexIndirect,libSceAgc,libSceAgc,eboot.bin,function,True,1,True,1,True,sceAgcDcbDrawIndexIndirect,libSceAgc,Gen5,SharpEmu.Libs.Agc.AgcExports,DcbDrawIndexIndirect,True,src/SharpEmu.Libs/Agc/AgcExports.cs,2253,DcbDrawIndexIndirect,nontrivial_source_handler,05c2e2bffe525ea549ae7257f68727bdc91b8ab7e8d8ee5d4c66921206c652da
t2firQTyFsI,_ZN3sce2Np9CppWebApi6Common12IntrusivePtrINS1_7Matches2V119CreateMatchResponseEEC1Ev,libSceNpCppWebApi,libSceNpCppWebApi,eboot.bin,function,True,1,False,0,False,,,,,,False,,,,,
t4ExS+SwLjs,sceAmprCommandBufferWriteAddressFromCounter_04_00,libSceAmpr,libSceAmpr,eboot.bin,function,True,1,False,0,False,,,,,,False,,,,,
t5YrizufpQc,sceAudioOut2ContextResetParam,libSceAudioOut2,libSceAudioOut,eboot.bin,function,True,1,True,1,True,sceAudioOut2ContextResetParam,libSceAudioOut2,Gen5,SharpEmu.Libs.Audio.AudioOut2Exports,AudioOut2ContextResetParam,True,src/SharpEmu.Libs/Audio/AudioOut2Exports.cs,87,AudioOut2ContextResetParam,nontrivial_source_handler,a727500d4cceb7bbdb92efa95e6ce146f0b263906aa2c33eedce2b914a996c8f
t7PlZ9nt5Lc,sceAgcCbNopGetSize,libSceAgc,libSceAgc,eboot.bin;sce_module/libSceJobManager.prx,function,True,2,False,0,False,,,,,,False,,,,,
t84AiYnMwPg,_ZN3sce2Np9CppWebApi6Common6VectorINS2_12IntrusivePtrINS1_11UserProfile2V113BasicPresenceEEEE5beginEv,libSceNpCppWebApi,libSceNpCppWebApi,eboot.bin,function,True,1,False,0,False,,,,,,False,,,,,
tCi2HGtNZYc,_ZN3sce2Np9CppWebApi6Common12IntrusivePtrINS1_14SessionManager2V149PostPlayerSessionsSessionIdInvitationsRequestBodyEED1Ev,libSceNpCppWebApi,libSceNpCppWebApi,eboot.bin,function,True,1,False,0,False,,,,,,False,,,,,
tFe8YsdlKyc,_ZN3sce2Np9CppWebApi6Common6VectorINS2_12IntrusivePtrINS1_14SessionManager2V124PlayerSessionPushContextEEEEC1EPNS2_10LibContextE,libSceNpCppWebApi,libSceNpCppWebApi,eboot.bin,function,True,1,False,0,False,,,,,,False,,,,,
tIhsqj0qsFE,free,libc,libc,eboot.bin,function,True,1,True,1,True,free,libc,"Gen4, Gen5",SharpEmu.Libs.Kernel.KernelMemoryCompatExports,Free,True,src/SharpEmu.Libs/Kernel/KernelMemoryCompatExports.cs,191,Free,nontrivial_source_handler,4fd0a46663ee303ebf91e1991f36911323d0b6f69e1f526b8d0c4ebf24a52e7f
tNn5WBkta60,sceAmprCommandBufferNop,libSceAmpr,libSceAmpr,eboot.bin,function,True,1,False,0,False,,,,,,False,,,,,
tQIo+GIPklo,_ZSt14_Xlength_errorPKc,libc,libc,eboot.bin,function,True,1,False,0,False,,,,,,False,,,,,
tSBxhAPyytQ,sceAgcDcbSetNumInstances,libSceAgc,libSceAgc,eboot.bin,function,True,1,True,1,True,sceAgcDcbSetNumInstances,libSceAgc,Gen5,SharpEmu.Libs.Agc.AgcExports,DcbSetNumInstances,True,src/SharpEmu.Libs/Agc/AgcExports.cs,2146,DcbSetNumInstances,nontrivial_source_handler,368a13bbfa236bca31af43bcb69a9f320412f0b1a18c6f5a573a28eff6a5e0e4
tWoe9IlGAhs,sceVideoRecordingStart,libSceVideoRecordingP,libSceVideoRecording,eboot.bin,function,True,1,False,0,False,,,,,,False,,,,,
tZ+2Lm15pOE,_ZN3sce2Np9CppWebApi6Common6VectorINS2_12IntrusivePtrINS1_14SessionManager2V130RequestPlayerSessionInvitationEEEED1Ev,libSceNpCppWebApi,libSceNpCppWebApi,eboot.bin,function,True,1,False,0,False,,,,,,False,,,,,
tZDDEo2tE5k,sceAmprCommandBufferGetSize,libSceAmpr,libSceAmpr,eboot.bin,function,True,1,True,1,True,sceAmprCommandBufferGetSize,libSceAmpr,Gen5,SharpEmu.Libs.Ampr.AmprExports,CommandBufferGetSize,True,src/SharpEmu.Libs/Ampr/AmprExports.cs,378,CommandBufferGetSize,nontrivial_source_handler,887ea5dae3ceb68d75a0b04d32a7a5050535a4c70d6a991002654df9da5d82e6
taRWhTJFTgE,sceKernelGetdirentries,libkernel,libkernel,eboot.bin,function,True,1,True,1,True,sceKernelGetdirentries,libKernel,"Gen4, Gen5",SharpEmu.Libs.Kernel.KernelMemoryCompatExports,KernelGetdirentries,True,src/SharpEmu.Libs/Kernel/KernelMemoryCompatExports.cs,3326,KernelGetdirentries,nontrivial_source_handler,b2636f9738a751281133a108eff8548079d9e043a995bb16e188cf647b55aea1
tb3cZTCl8Ps,sceContentExportFinish,libSceContentExport,libSceContentExport,eboot.bin,function,True,1,False,0,False,,,,,,False,,,,,
tcVi5SivF7Q,sprintf,libc,libc,eboot.bin,function,True,1,True,1,True,sprintf,libc,"Gen4, Gen5",SharpEmu.Libs.Kernel.KernelMemoryCompatExports,Sprintf,True,src/SharpEmu.Libs/Kernel/KernelMemoryCompatExports.cs,8392,Sprintf,nontrivial_source_handler,31659ae2a2ec6f618fc9ddb47be2bac179e0646d962367401f530c6a901cacf7
tdt1pcVlfac,_ZN3sce2Np9CppWebApi14SessionManager2V129GetPlayerSessionsResponseBody17getPlayerSessionsEv,libSceNpCppWebApi,libSceNpCppWebApi,eboot.bin,function,True,1,False,0,False,,,,,,False,,,,,
tkWdIsfDtPE,_ZN3sce2Np9CppWebApi6Common12IntrusivePtrINS2_6VectorINS2_6StringEEEEC1EPS6_PNS2_10LibContextE,libSceNpCppWebApi,libSceNpCppWebApi,eboot.bin,function,True,1,False,0,False,,,,,,False,,,,,
tmfr97+ED5I,sceAmprMeasureCommandSizeSetMarkerWithColor,libSceAmpr,libSceAmpr,eboot.bin,function,True,1,False,0,False,,,,,,False,,,,,
tn3VlD0hG60,scePthreadMutexUnlock,libkernel,libkernel,eboot.bin;sce_module/libSceJobManager.prx;sce_module/libSceNpCppWebApi.prx;sce_module/libc.prx,function,True,4,True,1,True,scePthreadMutexUnlock,libKernel,"Gen4, Gen5",SharpEmu.Libs.Kernel.KernelPthreadCompatExports,PthreadMutexUnlock,True,src/SharpEmu.Libs/Kernel/KernelPthreadCompatExports.cs,224,PthreadMutexUnlock,nontrivial_source_handler,9eea73b1c6168b931628358be417a0b6b6fafcb2bb6d6e18d7211cebf4a0fa32
tpFJ8LIKvPw,sceNpUniversalDataSystemRegisterContext,libSceNpUniversalDataSystem,libSceNpUniversalDataSystem,eboot.bin,function,True,1,True,1,True,sceNpUniversalDataSystemRegisterContext,libSceNpUniversalDataSystem,"Gen4, Gen5",SharpEmu.Libs.Np.NpUniversalDataSystemExports,NpUniversalDataSystemRegisterContext,True,src/SharpEmu.Libs/Np/NpUniversalDataSystemExports.cs,249,NpUniversalDataSystemRegisterContext,nontrivial_source_handler,8bd09fe4c679e34cc4a3a306135206b3c6189c617b9bee132cf7f29d74af4591
tsvEmnenz48,__cxa_atexit,libSceLibcInternal;libc,libSceLibcInternal;libc,eboot.bin;sce_module/libSceNpCppWebApi.prx,function,True,2,True,1,True,__cxa_atexit,libc,"Gen4, Gen5",SharpEmu.Libs.Kernel.KernelExports,CxaAtexit,True,src/SharpEmu.Libs/Kernel/KernelExports.cs,132,CxaAtexit,nontrivial_source_handler,077739cfab1996550eeb4e13e1e5f8fe29429ec691bbb1c500302fab3dc6f1bd
ttHNfU+qDBU,pthread_mutex_init,libScePosix,libkernel,eboot.bin,function,True,1,True,1,True,pthread_mutex_init,libKernel,"Gen4, Gen5",SharpEmu.Libs.Kernel.KernelPthreadCompatExports,PosixPthreadMutexInit,False,src/SharpEmu.Libs/Kernel/KernelPthreadCompatExports.cs,231,PosixPthreadMutexInit,nontrivial_source_handler,e9f976ff19d0de6adca890d12c9f3bc4ff03a11ac8d0035403865109e3dacf03
u0XOsuOmOzc,vswprintf,libc,libc,eboot.bin,function,True,1,True,1,True,vswprintf,libc,"Gen4, Gen5",SharpEmu.Libs.Kernel.KernelMemoryCompatExports,Vswprintf,True,src/SharpEmu.Libs/Kernel/KernelMemoryCompatExports.cs,888,Vswprintf,nontrivial_source_handler,0feb1dfb296b01c9358defef0be5fa61a2d8b6e6959d802a36b263e4bfba513a
u2T2DiA5hRI,sceAgcDcbStallCommandBufferParser,libSceAgc,libSceAgc,eboot.bin,function,True,1,True,1,True,sceAgcDcbStallCommandBufferParser,libSceAgc,Gen5,SharpEmu.Libs.Agc.AgcExports,DcbStallCommandBufferParser,True,src/SharpEmu.Libs/Agc/AgcExports.cs,2622,DcbStallCommandBufferParser,nontrivial_source_handler,b4bea42dba57f2818728e2d68cb039a879cb9821edce2914a511c32a37e6364b
u6Nwj4zg458,_ZNK3sce2Np9CppWebApi6Common12IntrusivePtrINS2_6VectorINS3_INS1_14SessionManager2V16FriendEEEEEEdeEv,libSceNpCppWebApi,libSceNpCppWebApi,eboot.bin,function,True,1,False,0,False,,,,,,False,,,,,
uBPlr0lbuiI,sceNetCtlGetState,libSceNetCtl,libSceNetCtl,eboot.bin,function,True,1,True,1,True,sceNetCtlGetState,libSceNetCtl,"Gen4, Gen5",SharpEmu.Libs.Network.NetCtlExports,NetCtlGetState,True,src/SharpEmu.Libs/Network/NetCtlExports.cs,98,NetCtlGetState,nontrivial_source_handler,f37cf38c9fb5d9502354d1f79f9b502e5904442d5bf67dedb9fe855f5c6aef48
uJH0UZFEMRg,_ZNK3sce2Np9CppWebApi6Common12IntrusivePtrINS1_14SessionManager2V120PlayerSessionForReadEEptEv,libSceNpCppWebApi,libSceNpCppWebApi,eboot.bin,function,True,1,False,0,False,,,,,,False,,,,,
uJziRsODk1c,sceAgcDriverGetResourceRegistrationMaxNameLength,libSceAgcDriver,libSceAgcDriver,eboot.bin,function,True,1,True,1,True,sceAgcDriverGetResourceRegistrationMaxNameLength,libSceAgc,Gen5,SharpEmu.Libs.Agc.AgcExports,DriverGetResourceRegistrationMaxNameLength,False,src/SharpEmu.Libs/Agc/AgcExports.cs,3601,DriverGetResourceRegistrationMaxNameLength,nontrivial_source_handler,96bb2c813d43184c3eab064f406a454e648ecef309fe494fc14e0a15765c09fb
uMei1W9uyNo,exit,libc,libc,eboot.bin,function,True,1,True,1,True,exit,libKernel,"Gen4, Gen5",SharpEmu.Libs.Kernel.KernelExports,Exit,False,src/SharpEmu.Libs/Kernel/KernelExports.cs,82,Exit,nontrivial_source_handler,cf1ee00cffe9e7197e0a42d93938b63f6847eb667ee1f83329727e8448980614
uW4vfTwMQVo,sceSaveDataUmount2,libSceSaveData_native,libSceSaveData_native,eboot.bin,function,True,1,True,1,True,sceSaveDataUmount2,libSceSaveData,"Gen4, Gen5",SharpEmu.Libs.SaveData.SaveDataExports,SaveDataUmount2,False,src/SharpEmu.Libs/SaveData/SaveDataExports.cs,618,SaveDataUmount2,documented_stub_or_compatibility_shim,46dbbd055d5c900c8f4b275135df9d61ef773c04bc92148c4f1a90f474271bfc
uWyW3v98sU4,sceKernelCheckReachability,libkernel,libkernel,eboot.bin,function,True,1,False,0,False,,,,,,False,,,,,
uZW-mqsxkrM,sceAgcCbBranchGetSize,libSceAgc,libSceAgc,eboot.bin;sce_module/libSceJobManager.prx,function,True,2,False,0,False,,,,,,False,,,,,
uaieF+glFPs,sceSystemServiceLaunchPlayerDialog,libSceSystemService,libSceSystemService,eboot.bin,function,True,1,False,0,False,,,,,,False,,,,,
ueega6v3GUw,sceRtcSetTick,libSceRtc,libSceRtc,eboot.bin,function,True,1,True,1,True,sceRtcSetTick,libSceRtc,"Gen4, Gen5",SharpEmu.Libs.Rtc.RtcExports,RtcSetTick,True,src/SharpEmu.Libs/Rtc/RtcExports.cs,636,RtcSetTick,nontrivial_source_handler,9660044aadfc9f18725e3e95f1d47bfc9572be7aa31e0fa8efbddbf877a97950
ugR4z6HcTt0,_ZN3sce2Np9CppWebApi6Common8IteratorINS2_12IntrusivePtrINS1_14SessionManager2V16FriendEEEEppEv,libSceNpCppWebApi,libSceNpCppWebApi,eboot.bin,function,True,1,False,0,False,,,,,,False,,,,,
uoUpLGNkygk,sceCommonDialogInitialize,libSceCommonDialog,libSceCommonDialog,eboot.bin,function,True,1,True,1,True,sceCommonDialogInitialize,libSceCommonDialog,"Gen4, Gen5",SharpEmu.Libs.CommonDialog.CommonDialogExports,CommonDialogInitialize,True,src/SharpEmu.Libs/CommonDialog/CommonDialogExports.cs,18,CommonDialogInitialize,nontrivial_source_handler,d66625b513bafb1f1e9c84f9c341e3d81d839984d35efbe10bc529cc75f1e1cf
upoVrzMHFeE,scePthreadMutexTrylock,libkernel,libkernel,eboot.bin;sce_module/libc.prx,function,True,2,True,1,True,scePthreadMutexTrylock,libKernel,"Gen4, Gen5",SharpEmu.Libs.Kernel.KernelPthreadCompatExports,PthreadMutexTrylock,True,src/SharpEmu.Libs/Kernel/KernelPthreadCompatExports.cs,217,PthreadMutexTrylock,nontrivial_source_handler,aaac5e8fa5682078b46614e7329505231a365d9864b22e49732b29e3d31d2199
uqcPJLWL08M,sceNpPollAsync,libSceNpManager,libSceNpManager,eboot.bin,function,True,1,False,0,False,,,,,,False,,,,,
uquVH4-Du78,sceVideoOutClose,libSceVideoOut,libSceVideoOut,eboot.bin,function,True,1,True,1,True,sceVideoOutClose,libSceVideoOut,"Gen4, Gen5",SharpEmu.Libs.VideoOut.VideoOutExports,VideoOutClose,True,src/SharpEmu.Libs/VideoOut/VideoOutExports.cs,444,VideoOutClose,nontrivial_source_handler,21fc51edd64ca96ecca513aadb957cde074940c577414a24f42e1b9f4496106d
urOpESTBZmo,_ZN3sce4Json6ObjectaSERKS1_,libSceJson2,libSceJson,sce_module/libSceNpCppWebApi.prx,function,True,1,False,0,False,,,,,,False,,,,,
utPrVdxio-8,sceVideoOutGetOutputStatus,libSceVideoOut,libSceVideoOut,eboot.bin,function,True,1,True,1,True,sceVideoOutGetOutputStatus,libSceVideoOut,"Gen4, Gen5",SharpEmu.Libs.VideoOut.VideoOutExports,VideoOutGetOutputStatus,True,src/SharpEmu.Libs/VideoOut/VideoOutExports.cs,517,VideoOutGetOutputStatus,nontrivial_source_handler,265b0112b7a0ed915b491f8d046d601980464dca57f2ea4293fff7c311ca3afd
vCaW0fgVQmc,sceWebBrowserDialogGetResult,libSceWebBrowserDialog,libSceWebBrowserDialog,eboot.bin,function,True,1,False,0,False,,,,,,False,,,,,
vFMRb8-gA7I,_ZN3sce2Np9CppWebApi6Common6VectorINS2_12IntrusivePtrINS1_14SessionManager2V124PlayerSessionPushContextEEEED1Ev,libSceNpCppWebApi,libSceNpCppWebApi,eboot.bin,function,True,1,False,0,False,,,,,,False,,,,,
vFSzbv76iMA,_ZN3sce2Np9CppWebApi7Matches2V18MatchApi20ParameterToJoinMatchD1Ev,libSceNpCppWebApi,libSceNpCppWebApi,eboot.bin,function,True,1,False,0,False,,,,,,False,,,,,
vJrnbutABoE,_ZNK3sce2Np9CppWebApi6Common12IntrusivePtrINS1_14SessionManager2V136UsersPlayerSessionsInvitationForReadEEptEv,libSceNpCppWebApi,libSceNpCppWebApi,eboot.bin,function,True,1,False,0,False,,,,,,False,,,,,
vLrBL8DQiz8,sceAgcDcbSetPredicationDisableGetSize,libSceAgc,libSceAgc,eboot.bin,function,True,1,False,0,False,,,,,,False,,,,,
vNe1w4diLCs,__tls_get_addr,libkernel,libkernel,eboot.bin;sce_module/libSceJobManager.prx;sce_module/libc.prx,function,True,2,True,1,True,__tls_get_addr,libKernel,"Gen4, Gen5",SharpEmu.Libs.Kernel.KernelMemoryCompatExports,TlsGetAddr,True,src/SharpEmu.Libs/Kernel/KernelMemoryCompatExports.cs,3506,TlsGetAddr,nontrivial_source_handler,19dec16c386581cfb0d6f71377b6c68607591b1a35153fcaf95c4d8b7ea239e4
vRoArM9zaIk,sceAgcSetUcRegIndirectPatchAddRegisters,libSceAgc,libSceAgc,eboot.bin,function,True,1,True,1,True,sceAgcSetUcRegIndirectPatchAddRegisters,libSceAgc,Gen5,SharpEmu.Libs.Agc.AgcExports,SetUcRegIndirectPatchAddRegisters,True,src/SharpEmu.Libs/Agc/AgcExports.cs,1324,SetUcRegIndirectPatchAddRegisters,nontrivial_source_handler,83be14c9a87b26f6a123810d715b8be38fb78abff40839b1a8bb9d743070a238
vSMAm3cxYTY,sceKernelMprotect,libkernel,libkernel,eboot.bin;sce_module/libSceJobManager.prx,function,True,2,True,1,True,sceKernelMprotect,libKernel,"Gen4, Gen5",SharpEmu.Libs.Kernel.KernelMemoryCompatExports,KernelMprotect,True,src/SharpEmu.Libs/Kernel/KernelMemoryCompatExports.cs,4569,KernelMprotect,nontrivial_source_handler,4fa29990d0df2698e74e44714df48f2b2b08a9dda3ab4e924234212b0aa86b13
vWU-odnS+fU,sceAmprMeasureCommandSizeReadFile,libSceAmpr,libSceAmpr,eboot.bin,function,True,1,True,1,True,sceAmprMeasureCommandSizeReadFile,libSceAmpr,Gen5,SharpEmu.Libs.Ampr.AmprExports,MeasureCommandSizeReadFile,True,src/SharpEmu.Libs/Ampr/AmprExports.cs,330,MeasureCommandSizeReadFile,nontrivial_source_handler,69697909bbd07c3a9c36e10541f418e831f99ba33ac8c6d0fc7fbb3cb4933b5b
vcGcgbhP0BU,_ZN3sce2Np9CppWebApi6Common12IntrusivePtrINS1_7Matches2V116RequestMatchTeamEED1Ev,libSceNpCppWebApi,libSceNpCppWebApi,eboot.bin,function,True,1,False,0,False,,,,,,False,,,,,
vcmNN+AAXnY,sceAgcSetCxRegIndirectPatchSetAddress,libSceAgc,libSceAgc,eboot.bin,function,True,1,True,1,True,sceAgcSetCxRegIndirectPatchSetAddress,libSceAgc,Gen5,SharpEmu.Libs.Agc.AgcExports,SetCxRegIndirectPatchSetAddress,True,src/SharpEmu.Libs/Agc/AgcExports.cs,1284,SetCxRegIndirectPatchSetAddress,nontrivial_source_handler,8007789536746e836aaa99bd09cf7af7eb975008936050d3aaeec2e81604deb9
viiwFMaNamA,strstr,libSceLibcInternal;libc,libSceLibcInternal;libc,eboot.bin;sce_module/libSceNpCppWebApi.prx,function,True,2,True,1,True,strstr,libc,"Gen4, Gen5",SharpEmu.Libs.Kernel.KernelMemoryCompatExports,Strstr,True,src/SharpEmu.Libs/Kernel/KernelMemoryCompatExports.cs,8633,Strstr,nontrivial_source_handler,edba49d2a87b6b35293eb208cc95405ebcc6c9eb5b3d2c7423a189ca14ab3c0e
vjw99oC+SaU,_ZNK3sce2Np9CppWebApi14SessionManager2V113PlayerSession12getSessionIdEv,libSceNpCppWebApi,libSceNpCppWebApi,eboot.bin,function,True,1,False,0,False,,,,,,False,,,,,
vpkkVwCPaxE,_ZNK3sce2Np9CppWebApi6Common12IntrusivePtrINS1_11UserProfile2V124GetBlockingUsersResponseEEptEv,libSceNpCppWebApi,libSceNpCppWebApi,eboot.bin,function,True,1,False,0,False,,,,,,False,,,,,
vuSXe69VILM,sceAgcDcbGetLodStats,libSceAgc,libSceAgc,eboot.bin,function,True,1,True,1,True,sceAgcDcbGetLodStats,libSceAgc,Gen5,SharpEmu.Libs.Agc.AgcExports,DcbGetLodStats,True,src/SharpEmu.Libs/Agc/AgcExports.cs,2303,DcbGetLodStats,nontrivial_source_handler,206dd39bfd92399e712745285472f3a8512e9b88b5498c8dd06359fbc9bfe1b0
vvzWO-DvG1s,sceNpWebApi2DeleteRequest,libSceNpWebApi2,libSceNpWebApi2,eboot.bin;sce_module/libSceNpCppWebApi.prx,function,True,2,False,0,False,,,,,,False,,,,,
vzKNY2nY7Jk,_ZNK3sce2Np9CppWebApi6Common6VectorImE4sizeEv,libSceNpCppWebApi,libSceNpCppWebApi,eboot.bin,function,True,1,False,0,False,,,,,,False,,,,,
w1KFAHVqpaU,sceAgcCbBranch,libSceAgc,libSceAgc,eboot.bin;sce_module/libSceJobManager.prx,function,True,2,False,0,False,,,,,,False,,,,,
w2rJhmD+dsE,sceAgcDriverAddEqEvent,libSceAgcDriver,libSceAgcDriver,eboot.bin;sce_module/libSceJobManager.prx,function,True,2,True,1,True,sceAgcDriverAddEqEvent,libSceAgcDriver,Gen5,SharpEmu.Libs.Agc.AgcExports,DriverAddEqEvent,True,src/SharpEmu.Libs/Agc/AgcExports.cs,3362,DriverAddEqEvent,nontrivial_source_handler,9676d8f9deb7f5f3e7677864a775d71ce2ae72afd3abd1628f7591f368f55bd1
w3jAgmDwR2c,_ZNK3sce2Np9CppWebApi6Common12IntrusivePtrINS1_11UserProfile2V112BasicProfileEEptEv,libSceNpCppWebApi,libSceNpCppWebApi,eboot.bin,function,True,1,False,0,False,,,,,,False,,,,,
w4-d0n60hdo,sceAgcDcbSetUcRegisterDirect,libSceAgc,libSceAgc,eboot.bin,function,True,1,False,0,False,,,,,,False,,,,,
w5fcCG+t31g,sceKernelAprResolveFilepathsWithPrefixToIdsAndFileSizes,libkernel,libkernel,eboot.bin,function,True,1,False,0,False,,,,,,False,,,,,
w5moABNwnRY,sceAvPlayerResume,libSceAvPlayer,libSceAvPlayer,eboot.bin,function,True,1,True,1,True,sceAvPlayerResume,libSceAvPlayer,"Gen4, Gen5",SharpEmu.Libs.AvPlayer.AvPlayerExports,AvPlayerResume,True,src/SharpEmu.Libs/AvPlayer/AvPlayerExports.cs,410,AvPlayerResume,nontrivial_source_handler,de5772c0ac306ed8a5683efadb162f52f7c98358d369b3cc09333d5a98f023d6
w6Dj1VJt5qY,sceAgcSetPacketPredication,libSceAgc,libSceAgc,eboot.bin,function,True,1,True,1,True,sceAgcSetPacketPredication,libSceAgc,Gen5,SharpEmu.Libs.Agc.AgcExports,SetPacketPredication,True,src/SharpEmu.Libs/Agc/AgcExports.cs,13713,SetPacketPredication,nontrivial_source_handler,805880ff6208be50209b3d1cd05a1482b248df6fd250afea2d1d886ecd081f7f
w8HVkEeXPv8,sceAgcDcbDispatchIndirectGetSize,libSceAgc,libSceAgc,eboot.bin,function,True,1,False,0,False,,,,,,False,,,,,
wB7IWzGp2v0,sceNpUniversalDataSystemDestroyContext,libSceNpUniversalDataSystem,libSceNpUniversalDataSystem,eboot.bin,function,True,1,False,0,False,,,,,,False,,,,,
wG+84pnNIuo,sceNpUniversalDataSystemDestroyEvent,libSceNpUniversalDataSystem,libSceNpUniversalDataSystem,eboot.bin,function,True,1,True,1,True,sceNpUniversalDataSystemDestroyEvent,libSceNpUniversalDataSystem,"Gen4, Gen5",SharpEmu.Libs.Np.NpUniversalDataSystemExports,NpUniversalDataSystemDestroyEvent,True,src/SharpEmu.Libs/Np/NpUniversalDataSystemExports.cs,139,NpUniversalDataSystemDestroyEvent,nontrivial_source_handler,e2396674bd1289da30da2aa3b06820f2465b2c4ac2a0847866d138696b498433
wLlFkwG9UcQ,time,libc,libc,eboot.bin,function,True,1,False,0,False,,,,,,False,,,,,
wRbq6ZjNop4,sceAgcGetRegisterDefaults2Internal,libSceAgc,libSceAgc,eboot.bin;sce_module/libSceJobManager.prx,function,True,2,True,1,True,sceAgcGetRegisterDefaults2Internal,libSceAgc,Gen5,SharpEmu.Libs.Agc.AgcExports,GetRegisterDefaults2Internal,True,src/SharpEmu.Libs/Agc/AgcExports.cs,752,GetRegisterDefaults2Internal,nontrivial_source_handler,ed56cd927570c2722ad8eeeeab44c669bc74807a250e846e66424cd8838db626
wVwPU50pS1c,sceAudioOutSetMixLevelPadSpk,libSceAudioOut,libSceAudioOut,eboot.bin,function,True,1,False,0,False,,,,,,False,,,,,
weDug8QD-lE,atanf,libc,libc,eboot.bin,function,True,1,False,0,False,,,,,,False,,,,,
whb1RL7K4Ss,sceAgcSetCxRegIndirectPatchSetNumRegisters,libSceAgc,libSceAgc,eboot.bin,function,True,1,False,0,False,,,,,,False,,,,,
wr23dPKyWc0,sceAgcCbReleaseMem,libSceAgc,libSceAgc,eboot.bin;sce_module/libSceJobManager.prx,function,True,2,True,1,True,sceAgcCbReleaseMem,libSceAgc,Gen5,SharpEmu.Libs.Agc.AgcExports,CbReleaseMem,True,src/SharpEmu.Libs/Agc/AgcExports.cs,1978,CbReleaseMem,nontrivial_source_handler,e3dbe110d818fc6a269fc918b68130fe1c8bb9addb7e49e99eac31d28a89ebc6
wuAQt-j+p4o,exp2f,libc,libc,eboot.bin,function,True,1,False,0,False,,,,,,False,,,,,
wx3F3oIzsnI,_ZNK3sce2Np9CppWebApi6Common12IntrusivePtrINS1_14SessionManager2V16FriendEEptEv,libSceNpCppWebApi,libSceNpCppWebApi,eboot.bin,function,True,1,False,0,False,,,,,,False,,,,,
x+bH7Ykt6bc,_ZN3sce2Np9CppWebApi6Common15TransactionBaseINS2_12IntrusivePtrINS1_7Matches2V119CreateMatchResponseEEENS4_INS2_18ResponseHeaderBaseEEEE5startEPNS2_10LibContextE,libSceNpCppWebApi,libSceNpCppWebApi,eboot.bin,function,True,1,False,0,False,,,,,,False,,,,,
x01jxu+vxlc,sceImeDialogGetResult,libSceImeDialog,libSceImeDialog,eboot.bin,function,True,1,False,0,False,,,,,,False,,,,,
x1X76arYMxU,scePthreadAttrGet,libkernel,libkernel,sce_module/libc.prx,function,True,1,True,1,True,scePthreadAttrGet,libKernel,"Gen4, Gen5",SharpEmu.Libs.Kernel.KernelPthreadExtendedCompatExports,PthreadAttrGet,True,src/SharpEmu.Libs/Kernel/KernelPthreadExtendedCompatExports.cs,835,PthreadAttrGet,nontrivial_source_handler,d1cdeabc8973f26fbb65a3c03aaf76c8ab7a034e9d1ef642b57b34313e4650f9
xAeBOa0A3kk,sceAgcAcbSetMarker,libSceAgc,libSceAgc,eboot.bin;sce_module/libSceJobManager.prx,function,True,2,False,0,False,,,,,,False,,,,,
xEszJVGpybs,sprintf_s,libc,libc,eboot.bin,function,True,1,True,1,True,sprintf_s,libc,"Gen4, Gen5",SharpEmu.Libs.Kernel.KernelMemoryCompatExports,SprintfS,True,src/SharpEmu.Libs/Kernel/KernelMemoryCompatExports.cs,858,SprintfS,nontrivial_source_handler,25757358a6a4e669d40233c26f06b6915267fc1d527e37ff9f2c2b53ff0cefe3
xSAR0LTcRKM,sceAgcDcbJump,libSceAgc,libSceAgc,eboot.bin,function,True,1,True,1,True,sceAgcDcbJump,libSceAgc,Gen5,SharpEmu.Libs.Agc.AgcExports,DcbJump,True,src/SharpEmu.Libs/Agc/AgcExports.cs,13661,DcbJump,nontrivial_source_handler,03b2faf8d2c9d8d6441d7e46e7af6016e306474369a7c1504daa5b49631c92bc
xg9A5nBRkB0,_ZNK3sce2Np9CppWebApi11UserProfile2V113BasicPresence15getOnlineStatusEv,libSceNpCppWebApi,libSceNpCppWebApi,eboot.bin,function,True,1,False,0,False,,,,,,False,,,,,
xk0AcarP3V4,scePadOpen,libScePad,libScePad,eboot.bin,function,True,1,True,1,True,scePadOpen,libScePad,"Gen4, Gen5",SharpEmu.Libs.Pad.PadExports,PadOpen,True,src/SharpEmu.Libs/Pad/PadExports.cs,192,PadOpen,nontrivial_source_handler,476e6f72bc7bc06f40e2de1e290335093b9de9209bb8bb9870c149aec8132a81
xywYcRB7nbQ,sceAudioOut2UserCreate,libSceAudioOut2,libSceAudioOut,eboot.bin,function,True,1,True,1,True,sceAudioOut2UserCreate,libSceAudioOut2,Gen5,SharpEmu.Libs.Audio.AudioOut2Exports,AudioOut2UserCreate,True,src/SharpEmu.Libs/Audio/AudioOut2Exports.cs,354,AudioOut2UserCreate,nontrivial_source_handler,ef235101f2f3a1bc374ae0f37e4d936c657f0fce33ee531545f4ed63800bc71a
yEiJ-qqr6Cg,sceSaveDataDialogGetResult,libSceSaveDataDialog.native,libSceSaveDataDialog,eboot.bin,function,True,1,True,1,True,sceSaveDataDialogGetResult,libSceSaveDataDialog,"Gen4, Gen5",SharpEmu.Libs.SaveData.SaveDataDialogExports,SaveDataDialogGetResult,False,src/SharpEmu.Libs/SaveData/SaveDataDialogExports.cs,107,SaveDataDialogGetResult,nontrivial_source_handler,c026bd9cdfcca6d6d71ebfef20ab1f477ccfc9755074834447a6d8c0dbe8c7b3
yFVnOdGxvZY,scePadSetVibration,libScePad,libScePad,eboot.bin,function,True,1,True,1,True,scePadSetVibration,libScePad,"Gen4, Gen5",SharpEmu.Libs.Pad.PadExports,PadSetVibration,True,src/SharpEmu.Libs/Pad/PadExports.cs,474,PadSetVibration,nontrivial_source_handler,1e1f49f1c7ec31fe5ef3e1ea6729dd01010fac566c778782da27d2e0f91cde35
yH17Q6NWtVg,sceUserServiceGetEvent,libSceUserService,libSceUserService,eboot.bin,function,True,1,True,1,True,sceUserServiceGetEvent,libSceUserService,"Gen4, Gen5",SharpEmu.Libs.UserService.UserServiceExports,UserServiceGetEvent,True,src/SharpEmu.Libs/UserService/UserServiceExports.cs,88,UserServiceGetEvent,nontrivial_source_handler,a1720e943a607cf07c27604961eb7db8cebc8f42d11bc9b413d0bee8e5938487
yKDy8S5yLA0,sceSaveDataTerminate,libSceSaveData_native,libSceSaveData_native,eboot.bin,function,True,1,False,0,False,,,,,,False,,,,,
yKKONChiYQM,_ZN3sce2Np9CppWebApi6Common15TransactionBaseINS2_12IntrusivePtrINS1_14SessionManager2V136GetFriendsPlayerSessionsResponseBodyEEENS4_INS2_18ResponseHeaderBaseEEEE6finishEv,libSceNpCppWebApi,libSceNpCppWebApi,eboot.bin,function,True,1,False,0,False,,,,,,False,,,,,
yRKzWjq+Io4,_ZN3sce2Np9CppWebApi14SessionManager2V132RequestCreatePlayerSessionPlayer15setPushContextsERKNS1_6Common6VectorINS5_12IntrusivePtrINS3_24PlayerSessionPushContextEEEEE,libSceNpCppWebApi,libSceNpCppWebApi,eboot.bin,function,True,1,False,0,False,,,,,,False,,,,,
yS0XpsJEDzo,_ZN3sce2Np9CppWebApi6Common12IntrusivePtrINS1_7Matches2V113RemovedPlayerEEC1Ev,libSceNpCppWebApi,libSceNpCppWebApi,eboot.bin,function,True,1,False,0,False,,,,,,False,,,,,
yS8U2TGCe1A,nanosleep,libkernel,libkernel,sce_module/libc.prx,function,True,1,True,1,True,nanosleep,libKernel,"Gen4, Gen5",SharpEmu.Libs.Kernel.KernelRuntimeCompatExports,PosixNanosleep,True,src/SharpEmu.Libs/Kernel/KernelRuntimeCompatExports.cs,3391,PosixNanosleep,nontrivial_source_handler,928915c84253390319e9cdc7d3b9bd6af0ffa3e1da5ab5d7494898967c2adc7b
yUBESvCCJ4I,sceAgcCbSetShRegistersDirectGetSize,libSceAgc,libSceAgc,eboot.bin;sce_module/libSceJobManager.prx,function,True,2,False,0,False,,,,,,False,,,,,
ygL-RUMNAn0,_ZNK3sce2Np9CppWebApi6Common11TransactionINS2_12IntrusivePtrINS1_11UserProfile2V124GetBlockingUsersResponseEEENS4_INS2_18ResponseHeaderBaseEEEE11getResponseERS8_,libSceNpCppWebApi,libSceNpCppWebApi,eboot.bin,function,True,1,False,0,False,,,,,,False,,,,,
ygLeNBGWgf8,_ZN3sce2Np9CppWebApi7Matches2V118RequestMatchPlayer13setPlayerNameEPKc,libSceNpCppWebApi,libSceNpCppWebApi,eboot.bin,function,True,1,False,0,False,,,,,,False,,,,,
yheJGN-ay+A,sceAgcDcbSetBoolPredicationEnableGetSize,libSceAgc,libSceAgc,eboot.bin,function,True,1,False,0,False,,,,,,False,,,,,
yk05VJ8evEs,_ZN3sce2Np9CppWebApi6Common12IntrusivePtrINS1_14SessionManager2V150PostPlayerSessionsSessionIdInvitationsResponseBodyEED1Ev,libSceNpCppWebApi,libSceNpCppWebApi,eboot.bin,function,True,1,False,0,False,,,,,,False,,,,,
ykIRhYqogeM,_ZN3sce2Np9CppWebApi6Common15TransactionBaseINS2_12IntrusivePtrINS1_7Matches2V119CreateMatchResponseEEENS4_INS2_18ResponseHeaderBaseEEEE6finishEv,libSceNpCppWebApi,libSceNpCppWebApi,eboot.bin,function,True,1,False,0,False,,,,,,False,,,,,
yl3T9brJay4,_ZN3sce2Np9CppWebApi14SessionManager2V136PostPlayerSessionsRequestBodyFactory6createEPNS1_6Common10LibContextERKNS5_6VectorINS5_12IntrusivePtrINS3_20RequestPlayerSessionEEEEEPNS9_INS3_29PostPlayerSessionsRequestBodyEEE,libSceNpCppWebApi,libSceNpCppWebApi,eboot.bin,function,True,1,False,0,False,,,,,,False,,,,,
ynvhoQekbwg,_ZN3sce2Np9CppWebApi6Common15TransactionBaseINS2_12IntrusivePtrINS1_14SessionManager2V130PostPlayerSessionsResponseBodyEEENS4_INS2_18ResponseHeaderBaseEEEE5startEPNS2_10LibContextE,libSceNpCppWebApi,libSceNpCppWebApi,eboot.bin,function,True,1,False,0,False,,,,,,False,,,,,
ypVBz4uPKcQ,sceAgcDcbDrawIndexIndirectMulti,libSceAgc,libSceAgc,eboot.bin,function,True,1,False,0,False,,,,,,False,,,,,
z+P+xCnWLBk,_ZdlPv,libSceLibcInternal,libSceLibcInternal,sce_module/libSceJobManager.prx;sce_module/libSceNpCppWebApi.prx,function,True,2,True,1,True,sceLibcFreeCallbackCompat1270,libSceLibcInternal,Gen5,SharpEmu.Libs.Kernel.KernelMemoryCompatExports,LibcFreeCallbackCompat1270,True,src/SharpEmu.Libs/Kernel/KernelMemoryCompatExports.cs,1623,LibcFreeCallbackCompat1270,nontrivial_source_handler,00591e205dcce0c253c894e3aae332270d0d5defc368b23949156ab212436100
z+aXXhCwtKU,_ZN3sce2Np9CppWebApi14SessionManager2V120RequestPlayerSession28setExclusiveLeaderPrivilegesERKNS1_6Common6VectorINS5_6StringEEE,libSceNpCppWebApi,libSceNpCppWebApi,eboot.bin,function,True,1,False,0,False,,,,,,False,,,,,
z2duB-hHQSM,sceAgcSetShRegIndirectPatchAddRegisters,libSceAgc,libSceAgc,eboot.bin,function,True,1,True,1,True,sceAgcSetShRegIndirectPatchAddRegisters,libSceAgc,Gen5,SharpEmu.Libs.Agc.AgcExports,SetShRegIndirectPatchAddRegisters,True,src/SharpEmu.Libs/Agc/AgcExports.cs,1316,SetShRegIndirectPatchAddRegisters,nontrivial_source_handler,706526a8c953e391ad52c8b389aa44ebb562067bfcabf90eacc3a359702f80ec
zARR5aCmkoY,,libSceAgc,libSceAgc,eboot.bin,function,True,1,False,0,False,,,,,,False,,,,,
zE-wXIZjLoM,sceKernelDebugRaiseExceptionOnReleaseMode,libkernel,libkernel,sce_module/libc.prx,function,True,1,True,1,True,sceKernelDebugRaiseExceptionOnReleaseMode,libKernel,"Gen4, Gen5",SharpEmu.Libs.Kernel.KernelRuntimeCompatExports,KernelDebugRaiseExceptionOnReleaseMode,True,src/SharpEmu.Libs/Kernel/KernelRuntimeCompatExports.cs,1776,KernelDebugRaiseExceptionOnReleaseMode,nontrivial_source_handler,1969ed8894556d00e291c8b5ae5e3f24ad27503e29ba30389a0a9aa2b80c3244
zO9UL3qIINQ,sceRtcGetCurrentNetworkTick,libSceRtc,libSceRtc,eboot.bin,function,True,1,True,1,True,sceRtcGetCurrentNetworkTick,libSceRtc,"Gen4, Gen5",SharpEmu.Libs.Rtc.RtcExports,RtcGetCurrentNetworkTick,True,src/SharpEmu.Libs/Rtc/RtcExports.cs,235,RtcGetCurrentNetworkTick,nontrivial_source_handler,d5c525ce9a92c02ca5629a5c6b2cd7c54e9a47e069583be3e7cc582a041930f8
zQtLRTqceMY,_ZN3sce4Json5Array9push_backERKNS0_5ValueE,libSceJson2,libSceJson,sce_module/libSceNpCppWebApi.prx,function,True,1,False,0,False,,,,,,False,,,,,
zTwZdI8AZ5Y,_ZNK3sce4Json5Value10getBooleanEv,libSceJson2,libSceJson,sce_module/libSceNpCppWebApi.prx,function,True,1,True,1,True,_ZNK3sce4Json5Value10getBooleanEv,libSceJson,"Gen4, Gen5",SharpEmu.Libs.Json.JsonExports,ValueGetBoolean,False,src/SharpEmu.Libs/Json/JsonExports.cs,464,ValueGetBoolean,nontrivial_source_handler,e0d17970ae9dadc379abbfa518892fe00840efa5f1f07285b89524f6e566a920
zfcxg-ewMK8,sceAgcDcbRewind,libSceAgc,libSceAgc,eboot.bin,function,True,1,False,0,False,,,,,,False,,,,,
zg6u-N6Otxs,sceAgcDcbQueueEndOfShaderActionGetSize,libSceAgc,libSceAgc,eboot.bin,function,True,1,False,0,False,,,,,,False,,,,,
ziVA3whp3p4,sceAgcRewindPatchSetRewindState,libSceAgc,libSceAgc,eboot.bin,function,True,1,False,0,False,,,,,,False,,,,,
zlfEH8FmyUA,_Stoul,libSceLibcInternal;libc,libSceLibcInternal;libc,eboot.bin;sce_module/libSceNpCppWebApi.prx,function,True,2,False,0,False,,,,,,False,,,,,
zoxb0wEChEM,sceContentDeleteInitialize,libSceContentDelete,libSceContentDelete,eboot.bin,function,True,1,False,0,False,,,,,,False,,,,,
zpiPsH7dbFQ,sceNpWebApi2AbortRequest,libSceNpWebApi2,libSceNpWebApi2,sce_module/libSceNpCppWebApi.prx,function,True,1,False,0,False,,,,,,False,,,,,
zr094EQ39Ww,__cxa_pure_virtual,libSceLibcInternal;libc,libSceLibcInternal;libc,eboot.bin;sce_module/libSceNpCppWebApi.prx,function,True,703,False,0,False,,,,,,False,,,,,
zrEp8lu3vAI,_ZN3sce2Np9CppWebApi6Common11TransactionINS2_15DefaultResponseENS2_12IntrusivePtrINS2_18ResponseHeaderBaseEEEED1Ev,libSceNpCppWebApi,libSceNpCppWebApi,eboot.bin,function,True,1,False,0,False,,,,,,False,,,,,
zs3xXmdkZgY,_ZN3sce2Np9CppWebApi6Common12IntrusivePtrINS1_14SessionManager2V16FriendEEC1Ev,libSceNpCppWebApi,libSceNpCppWebApi,eboot.bin,function,True,1,False,0,False,,,,,,False,,,,,
zy9ivTre1ko,_ZN3sce2Np9CppWebApi6Common12IntrusivePtrINS1_14SessionManager2V113PlayerSessionEEC1ERS7_,libSceNpCppWebApi,libSceNpCppWebApi,eboot.bin,function,True,1,False,0,False,,,,,,False,,,,,
